frame,x,y
0,4.50,6.50
1,4.50,6.50
2,4.50,6.50
3,4.50,6.50
4,4.50,6.50
5,4.50,6.50
6,4.50,6.50
7,4.50,6.50
8,4.50,6.50
9,4.50,6.50
10,4.50,6.50
11,4.50,6.50
12,4.50,6.50
13,4.50,6.50
14,4.50,6.50
15,4.50,6.50
16,4.50,6.50
17,4.50,6.50
18,4.50,6.50
19,4.50,6.50
20,4.50,6.50
21,4.50,6.50
22,4.50,6.50
23,4.50,6.50
24,4.50,6.50
25,4.50,6.50
26,4.50,6.50
27,4.50,6.50
28,4.50,6.50
29,4.50,6.50
30,4.50,6.50
31,4.50,6.50
32,4.50,6.50
33,4.50,6.50
34,4.50,6.50
35,4.50,6.50
36,4.50,6.50
37,4.50,6.50
38,4.50,6.50
39,4.50,6.50
40,4.50,6.50
41,4.50,6.50
42,4.50,6.50
43,4.50,6.50
44,4.50,6.50
45,4.50,6.50
46,4.50,6.50
47,4.50,6.50
48,4.50,6.50
49,4.50,6.50
50,4.50,6.50
51,4.50,6.50
52,4.50,6.50
53,4.50,6.50
54,4.50,6.50
55,4.50,6.50
56,4.50,6.50
57,4.50,6.50
58,4.50,6.50
59,4.50,6.50
60,4.50,6.50
61,4.50,6.50
62,4.50,6.50
63,4.50,6.50
64,4.50,6.50
65,4.50,6.50
66,4.50,6.50
67,4.50,6.50
68,4.50,6.50
69,4.50,6.50
70,4.50,6.50
71,4.50,6.50
72,4.50,6.50
73,4.50,6.50
74,4.50,6.50
75,4.50,6.50
76,4.50,6.50
77,4.50,6.50
78,4.50,6.50
79,4.50,6.50
80,4.50,6.50
81,4.50,6.50
82,4.50,6.50
83,4.50,6.50
84,4.50,6.50
85,4.50,6.50
86,4.50,6.50
87,4.50,6.50
88,4.50,6.50
89,4.50,6.50
90,4.50,6.50
91,4.50,6.50
92,4.50,6.50
93,4.50,6.50
94,4.50,6.50
95,4.50,6.50
96,4.50,6.50
97,4.50,6.50
98,4.50,6.50
99,4.50,6.50
100,4.50,6.50
101,4.50,6.50
102,4.50,6.50
103,4.50,6.50
104,4.50,6.50
105,4.50,6.50
106,4.50,6.50
107,4.50,6.50
108,4.50,6.50
109,4.50,6.50
110,4.50,6.50
111,4.50,6.50
112,4.50,6.50
113,4.50,6.50
114,4.50,6.50
115,4.50,6.50
116,4.50,6.50
117,4.48,6.52
118,4.45,6.51
119,4.39,6.45
120,4.31,6.34
121,4.21,6.19
122,4.17,5.97
123,4.19,5.70
124,4.25,5.43
125,4.34,5.17
126,4.47,4.91
127,4.60,4.67
128,4.73,4.44
129,4.89,4.22
130,5.08,4.03
131,5.30,3.88
132,5.56,3.75
133,5.85,3.65
134,6.16,3.56
135,6.50,3.52
136,6.87,3.50
137,7.26,3.51
138,7.62,3.53
139,7.99,3.56
140,8.35,3.31
141,8.73,3.02
142,9.12,2.75
143,9.52,2.54
144,9.91,2.44
145,10.32,2.46
146,10.74,2.49
147,11.14,2.53
148,11.53,2.60
149,11.92,2.71
150,12.31,2.84
151,12.68,3.03
152,13.04,3.23
153,13.41,3.44
154,13.77,3.66
155,14.14,3.89
156,14.50,4.12
157,14.86,4.39
158,15.23,4.65
159,15.59,4.92
160,15.96,5.21
161,16.32,5.50
162,16.69,5.81
163,17.05,6.12
164,17.42,6.46
165,17.78,6.80
166,18.15,7.15
167,18.51,7.51
168,18.84,7.87
169,19.18,8.27
170,19.52,8.66
171,19.86,9.06
172,20.20,9.48
173,20.55,9.89
174,20.94,10.28
175,21.33,10.67
176,21.72,11.08
177,22.11,11.50
178,22.50,11.93
179,22.89,12.37
180,23.28,12.81
181,23.72,13.23
182,24.19,13.60
183,24.67,13.94
184,25.17,14.25
185,25.67,14.55
186,26.19,14.81
187,26.73,15.02
188,27.28,15.23
189,27.84,15.41
190,28.42,15.51
191,28.99,15.46
192,29.56,15.13
193,30.14,14.79
194,30.71,14.47
195,31.28,14.17
196,31.85,13.90
197,32.43,13.64
198,33.03,13.41
199,33.63,13.20
200,34.23,12.99
201,34.83,12.73
202,35.43,12.45
203,36.03,12.17
204,36.62,11.91
205,37.22,11.65
206,37.82,11.43
207,38.42,11.23
208,39.02,11.06
209,39.62,10.91
210,40.22,10.75
211,40.82,10.62
212,41.42,10.49
213,42.02,10.38
214,42.61,10.27
215,43.21,10.18
216,43.81,10.13
217,44.41,10.10
218,45.01,10.09
219,45.61,10.11
220,46.21,10.14
221,46.81,10.17
222,47.41,10.22
223,48.01,10.27
224,48.60,10.34
225,49.20,10.42
226,49.80,10.51
227,50.40,10.61
228,51.00,10.72
229,51.60,10.85
230,52.20,10.98
231,52.80,11.12
232,53.40,11.28
233,53.99,11.44
234,54.59,11.62
235,55.19,11.81
236,55.79,12.01
237,56.39,12.22
238,56.99,12.44
239,57.59,12.67
240,58.19,12.91
241,58.79,13.17
242,59.39,13.43
243,59.98,13.70
244,60.58,13.99
245,61.18,14.28
246,61.75,14.59
247,62.32,14.91
248,62.90,15.24
249,63.47,15.58
250,64.04,15.93
251,64.61,16.29
252,65.19,16.66
253,65.76,17.05
254,66.35,17.40
255,66.97,17.70
256,67.60,17.96
257,68.26,18.16
258,68.94,18.31
259,69.61,18.39
260,70.29,18.43
261,70.97,18.45
262,71.65,18.34
263,72.32,18.03
264,73.00,17.72
265,73.68,17.43
266,74.35,17.17
267,75.03,16.92
268,75.71,16.69
269,76.39,16.46
270,77.06,16.25
271,77.74,16.07
272,78.42,15.89
273,79.09,15.72
274,79.77,15.56
275,80.45,15.42
276,81.12,15.31
277,81.80,15.21
278,82.48,15.13
279,83.17,15.05
280,83.87,14.98
281,84.58,14.93
282,85.28,14.88
283,85.98,14.85
284,86.69,14.82
285,87.37,14.63
286,88.05,14.32
287,88.73,14.04
288,89.41,13.75
289,90.08,13.49
290,90.76,13.25
291,91.44,13.02
292,92.11,12.79
293,92.79,12.58
294,93.47,12.38
295,94.17,12.19
296,94.87,12.01
297,95.58,11.84
298,96.28,11.69
299,96.98,11.54
300,97.69,11.41
301,98.39,11.28
302,99.09,11.17
303,99.80,11.06
304,100.50,10.97
305,101.20,10.89
306,101.91,10.81
307,102.61,10.76
308,103.31,10.71
309,104.02,10.67
310,104.72,10.61
311,105.42,10.52
312,106.12,10.44
313,106.83,10.36
314,107.53,10.30
315,108.23,10.25
316,108.94,10.21
317,109.64,10.18
318,110.34,10.16
319,111.05,10.16
320,111.75,10.16
321,112.45,10.17
322,113.16,10.20
323,113.86,10.23
324,114.56,10.28
325,115.27,10.33
326,115.95,10.43
327,116.62,10.53
328,117.30,10.65
329,117.98,10.78
330,118.66,10.94
331,119.33,11.12
332,120.01,11.30
333,120.69,11.50
334,121.36,11.71
335,122.04,11.92
336,122.72,12.16
337,123.40,12.42
338,124.07,12.70
339,124.75,12.98
340,125.43,13.28
341,126.10,13.59
342,126.78,13.91
343,127.46,14.24
344,128.14,14.58
345,128.81,14.89
346,129.50,15.15
347,130.21,15.34
348,130.94,15.50
349,131.67,15.60
350,132.40,15.71
351,133.12,15.83
352,133.85,15.96
353,134.58,16.09
354,135.31,16.25
355,136.04,16.41
356,136.77,16.58
357,137.50,16.77
358,138.23,16.96
359,138.96,17.17
360,139.69,17.37
361,140.42,17.61
362,141.15,17.78
363,141.89,17.91
364,142.65,17.98
365,143.40,18.01
366,144.16,18.06
367,144.91,18.11
368,145.67,18.19
369,146.42,18.27
370,147.18,18.35
371,147.93,18.46
372,148.69,18.56
373,149.44,18.69
374,150.20,18.82
375,150.95,18.92
376,151.71,18.97
377,152.46,18.97
378,153.22,19.00
379,153.97,19.03
380,154.73,19.07
381,155.48,19.13
382,156.24,19.19
383,156.99,19.27
384,157.75,19.34
385,158.51,19.45
386,159.26,19.55
387,160.02,19.67
388,160.77,19.80
389,161.53,19.94
390,162.28,20.09
391,163.04,20.25
392,163.79,20.43
393,164.55,20.61
394,165.30,20.80
395,166.06,21.01
396,166.81,21.22
397,167.57,21.45
398,168.32,21.69
399,169.08,21.94
400,169.83,22.20
401,170.59,22.45
402,171.34,22.66
403,172.12,22.79
404,172.91,22.87
405,173.69,22.95
406,174.47,23.04
407,175.25,23.15
408,176.03,23.25
409,176.81,23.38
410,177.59,23.51
411,178.37,23.66
412,179.16,23.78
413,179.94,23.85
414,180.72,23.88
415,181.50,23.90
416,182.28,23.66
417,183.06,23.36
418,183.84,23.07
419,184.62,22.79
420,185.41,22.53
421,186.19,22.27
422,186.97,22.03
423,187.75,21.80
424,188.52,21.54
425,189.28,21.26
426,190.03,20.97
427,190.79,20.71
428,191.54,20.45
429,192.30,20.20
430,193.05,19.97
431,193.81,19.74
432,194.56,19.53
433,195.34,19.35
434,196.12,19.19
435,196.91,19.05
436,197.69,18.92
437,198.47,18.79
438,199.25,18.69
439,200.03,18.58
440,200.81,18.52
441,201.59,18.47
442,202.37,18.43
443,203.16,18.40
444,203.94,18.38
445,204.72,18.38
446,205.50,18.38
447,206.28,18.39
448,207.06,18.42
449,207.84,18.45
450,208.62,18.50
451,209.38,18.16
452,210.14,17.84
453,210.91,17.55
454,211.69,17.26
455,212.47,16.98
456,213.25,16.72
457,214.03,16.46
458,214.81,16.22
459,215.59,15.98
460,216.37,15.76
461,217.16,15.55
462,217.94,15.34
463,218.72,15.16
464,219.50,14.98
465,220.28,14.81
466,221.06,14.67
467,221.84,14.54
468,222.62,14.44
469,223.41,14.33
470,224.19,14.25
471,224.97,14.17
472,225.75,14.10
473,226.53,14.05
474,227.31,14.00
475,228.09,13.97
476,228.87,13.95
477,229.66,13.94
478,230.44,13.94
479,231.22,13.94
480,232.00,13.97
481,232.78,13.99
482,233.56,14.04
483,234.34,14.09
484,235.12,14.16
485,235.91,14.23
486,236.69,14.31
487,237.47,14.42
488,238.25,14.52
489,239.03,14.64
490,239.81,14.77
491,240.59,14.91
492,241.37,15.06
493,242.16,15.22
494,242.94,15.40
495,243.72,15.58
496,244.50,15.77
497,245.28,15.98
498,246.06,16.19
499,246.84,16.42
500,247.62,16.66
501,248.41,16.91
502,249.19,17.17
503,249.97,17.43
504,250.75,17.72
505,251.53,18.01
506,252.31,18.31
507,253.09,18.62
508,253.87,18.95
509,254.65,19.29
510,255.41,19.62
511,256.16,19.99
512,256.92,20.35
513,257.67,20.73
514,258.43,21.12
515,259.18,21.52
516,259.94,21.94
517,260.69,22.35
518,261.47,22.73
519,262.25,23.05
520,263.04,23.31
521,263.85,23.53
522,264.66,23.69
523,265.46,23.79
524,266.27,23.56
525,267.08,23.27
526,267.89,22.98
527,268.69,22.68
528,269.47,22.34
529,270.22,21.95
530,270.96,21.52
531,271.67,21.05
532,272.36,20.53
533,273.04,19.98
534,273.69,19.41
535,274.29,18.81
536,274.86,18.19
537,275.42,17.55
538,275.96,16.91
539,276.48,16.28
540,277.00,15.66
541,277.52,15.06
542,278.02,14.46
543,278.50,13.88
544,278.97,13.31
545,279.44,12.77
546,279.94,12.25
547,280.43,11.78
548,280.95,11.33
549,281.47,10.91
550,281.99,10.51
551,282.51,10.15
552,283.03,9.81
553,283.55,9.53
554,284.07,9.26
555,284.59,9.02
556,285.11,8.80
557,285.63,8.63
558,286.13,8.47
559,286.62,8.36
560,287.11,8.28
561,287.59,8.22
562,288.05,8.19
563,288.49,8.19
564,288.94,8.22
565,289.35,8.27
566,289.75,8.36
567,290.11,8.48
568,290.44,8.62
569,290.74,8.79
570,291.00,8.97
571,291.21,9.20
572,291.40,9.46
573,291.55,9.73
574,291.67,10.03
575,291.76,10.35
576,291.81,10.72
577,291.86,11.11
578,291.94,11.50
579,292.02,11.91
580,292.08,12.33
581,292.15,12.78
582,292.25,13.25
583,292.33,13.72
584,292.43,14.21
585,292.52,14.72
586,292.58,15.25
587,292.64,15.80
588,292.72,16.34
589,292.80,16.92
590,292.85,17.51
591,292.92,18.11
592,292.99,18.72
593,293.04,19.34
594,293.09,19.97
595,293.12,20.62
596,293.10,21.27
597,293.06,21.94
598,293.00,22.61
599,292.90,23.29
600,292.72,23.97
601,292.48,24.62
602,292.25,25.29
603,292.02,25.97
604,291.76,26.64
605,291.47,27.29
606,291.19,27.97
607,290.90,28.65
608,290.57,29.30
609,290.20,29.94
610,289.81,30.56
611,289.42,31.19
612,289.03,31.84
613,288.59,32.47
614,288.15,33.09
615,287.70,33.73
616,287.25,34.36
617,286.78,34.97
618,286.31,35.59
619,285.79,36.17
620,285.27,36.76
621,284.75,37.36
622,284.22,37.94
623,283.67,38.49
624,283.13,39.06
625,282.53,39.58
626,281.91,40.06
627,281.28,40.48
628,280.66,40.89
629,280.03,41.29
630,279.38,41.66
631,278.70,41.94
632,278.02,42.25
633,277.34,42.52
634,276.67,42.76
635,275.99,43.02
636,275.31,43.28
637,274.61,43.49
638,273.91,43.53
639,273.20,43.33
640,272.50,42.99
641,271.80,42.66
642,271.09,42.34
643,270.39,42.03
644,269.69,41.74
645,268.98,41.45
646,268.28,41.18
647,267.58,40.92
648,266.88,40.66
649,266.17,40.42
650,265.47,40.19
651,264.77,39.97
652,264.06,39.76
653,263.36,39.53
654,262.66,39.22
655,261.95,38.93
656,261.25,38.65
657,260.55,38.38
658,259.84,38.11
659,259.14,37.86
660,258.44,37.63
661,257.73,37.39
662,257.03,37.18
663,256.33,36.98
664,255.63,36.80
665,254.92,36.63
666,254.22,36.47
667,253.52,36.16
668,252.81,35.84
669,252.11,35.55
670,251.40,35.27
671,250.67,35.02
672,249.94,34.78
673,249.21,34.55
674,248.48,34.33
675,247.75,34.14
676,247.02,33.97
677,246.29,33.82
678,245.56,33.69
679,244.83,33.56
680,244.10,33.45
681,243.38,33.34
682,242.65,33.26
683,241.92,33.21
684,241.19,33.16
685,240.46,33.13
686,239.73,33.10
687,239.00,33.09
688,238.27,33.09
689,237.54,33.10
690,236.81,33.13
691,236.08,33.15
692,235.35,33.20
693,234.63,33.25
694,233.90,33.31
695,233.17,33.39
696,232.44,33.47
697,231.71,33.57
698,230.98,33.68
699,230.25,33.80
700,229.52,33.93
701,228.79,34.06
702,228.06,34.22
703,227.33,34.37
704,226.60,34.55
705,225.88,34.73
706,225.15,34.93
707,224.42,35.14
708,223.69,35.34
709,222.96,35.50
710,222.23,35.59
711,221.48,35.64
712,220.73,35.67
713,219.97,35.70
714,219.22,35.75
715,218.46,35.80
716,217.71,35.87
717,216.95,35.95
718,216.20,36.04
719,215.44,36.15
720,214.69,36.25
721,213.93,36.30
722,213.18,36.35
723,212.42,36.42
724,211.67,36.50
725,210.91,36.58
726,210.16,36.69
727,209.40,36.79
728,208.65,36.92
729,207.89,37.05
730,207.14,37.19
731,206.38,37.34
732,205.63,37.50
733,204.87,37.60
734,204.11,37.71
735,203.36,37.83
736,202.60,37.96
737,201.85,38.09
738,201.09,38.25
739,200.34,38.41
740,199.58,38.58
741,198.83,38.77
742,198.07,38.96
743,197.32,39.17
744,196.56,39.37
745,195.81,39.61
746,195.05,39.84
747,194.30,40.09
748,193.54,40.33
749,192.78,40.53
750,192.00,40.66
751,191.22,40.81
752,190.44,40.97
753,189.66,41.09
754,188.88,41.20
755,188.09,41.31
756,187.31,41.44
757,186.53,41.49
758,185.75,41.25
759,184.97,40.95
760,184.19,40.67
761,183.41,40.39
762,182.63,40.13
763,181.84,39.86
764,181.06,39.63
765,180.28,39.41
766,179.50,39.20
767,178.72,38.99
768,177.94,38.81
769,177.16,38.63
770,176.38,38.47
771,175.59,38.31
772,174.81,38.17
773,174.03,38.04
774,173.25,37.91
775,172.47,37.80
776,171.69,37.70
777,170.91,37.61
778,170.13,37.53
779,169.34,37.46
780,168.56,37.41
781,167.78,37.35
782,167.00,37.32
783,166.22,37.30
784,165.44,37.28
785,164.66,37.28
786,163.88,37.28
787,163.09,37.31
788,162.31,37.33
789,161.53,37.39
790,160.75,37.48
791,159.97,37.59
792,159.19,37.72
793,158.41,37.85
794,157.63,38.00
795,156.84,38.16
796,156.06,38.32
797,155.28,38.51
798,154.50,38.69
799,153.72,38.90
800,152.94,39.10
801,152.16,39.33
802,151.38,39.56
803,150.59,39.80
804,149.81,40.06
805,149.06,40.35
806,148.30,40.66
807,147.55,40.97
808,146.79,41.29
809,146.03,41.61
810,145.25,41.87
811,144.47,42.16
812,143.69,42.45
813,142.91,42.75
814,142.13,42.81
815,141.35,42.49
816,140.59,42.13
817,139.86,41.71
818,139.16,41.25
819,138.47,40.77
820,137.80,40.25
821,137.16,39.70
822,136.56,39.13
823,135.99,38.53
824,135.46,37.91
825,134.94,37.30
826,134.42,36.70
827,133.89,36.10
828,133.34,35.53
829,132.85,34.93
830,132.38,34.31
831,131.91,33.69
832,131.44,33.07
833,130.97,32.47
834,130.50,31.88
835,130.03,31.30
836,129.56,30.73
837,129.09,30.17
838,128.63,29.63
839,128.15,29.09
840,127.66,28.59
841,127.16,28.13
842,126.67,27.68
843,126.16,27.25
844,125.64,26.84
845,125.11,26.45
846,124.59,26.06
847,124.07,25.70
848,123.55,25.35
849,123.03,25.02
850,122.50,24.70
851,121.95,24.41
852,121.41,24.13
853,120.86,23.86
854,120.31,23.63
855,119.77,23.41
856,119.22,23.20
857,118.67,22.99
858,118.13,22.81
859,117.58,22.63
860,117.03,22.49
861,116.48,22.36
862,115.94,22.24
863,115.39,22.14
864,114.81,22.06
865,114.24,22.01
866,113.67,21.96
867,113.09,21.92
868,112.52,21.90
869,111.95,21.88
870,111.38,21.88
871,110.80,21.90
872,110.23,21.93
873,109.66,21.97
874,109.08,22.02
875,108.51,22.08
876,107.94,22.16
877,107.36,22.23
878,106.79,22.33
879,106.22,22.44
880,105.65,22.55
881,105.07,22.68
882,104.50,22.81
883,103.93,22.97
884,103.38,23.12
885,102.83,23.30
886,102.28,23.48
887,101.73,23.67
888,101.19,23.87
889,100.64,24.08
890,100.09,24.31
891,99.55,24.55
892,99.00,24.79
893,98.45,25.05
894,97.91,25.31
895,97.36,25.60
896,96.81,25.89
897,96.25,26.14
898,95.68,26.39
899,95.10,26.65
900,94.53,26.91
901,93.96,27.19
902,93.39,27.48
903,92.81,27.78
904,92.23,28.06
905,91.63,28.30
906,91.03,28.56
907,90.43,28.82
908,89.83,29.10
909,89.23,29.39
910,88.64,29.69
911,88.04,30.00
912,87.44,30.31
913,86.84,30.65
914,86.22,30.95
915,85.59,31.19
916,84.96,31.37
917,84.31,31.51
918,83.66,31.53
919,83.01,31.53
920,82.35,31.26
921,81.70,30.92
922,81.05,30.59
923,80.40,30.28
924,79.75,29.97
925,79.10,29.71
926,78.45,29.45
927,77.80,29.20
928,77.15,28.97
929,76.49,28.74
930,75.84,28.53
931,75.19,28.32
932,74.54,28.14
933,73.89,27.95
934,73.24,27.78
935,72.59,27.63
936,71.94,27.47
937,71.29,27.34
938,70.64,27.21
939,69.98,27.09
940,69.33,26.99
941,68.68,26.89
942,68.03,26.81
943,67.38,26.66
944,66.73,26.52
945,66.08,26.39
946,65.43,26.27
947,64.78,26.17
948,64.13,26.06
949,63.47,25.98
950,62.82,25.91
951,62.17,25.84
952,61.52,25.79
953,60.87,25.74
954,60.22,25.72
955,59.57,25.69
956,58.92,25.69
957,58.27,25.69
958,57.61,25.70
959,56.96,25.72
960,56.31,25.75
961,55.66,25.80
962,55.01,25.87
963,54.36,25.97
964,53.71,26.07
965,53.06,26.18
966,52.41,26.31
967,51.76,26.47
968,51.10,26.65
969,50.45,26.83
970,49.80,27.02
971,49.16,27.23
972,48.53,27.47
973,47.91,27.73
974,47.30,28.03
975,46.70,28.34
976,46.10,28.67
977,45.51,29.01
978,44.91,29.34
979,44.31,29.71
980,43.71,30.07
981,43.11,30.45
982,42.50,30.82
983,41.87,31.15
984,41.22,31.41
985,40.57,31.69
986,39.92,31.92
987,39.27,32.14
988,38.60,32.34
989,37.93,32.51
990,37.25,32.69
991,36.57,32.79
992,35.90,32.92
993,35.20,33.00
994,34.50,33.06
995,33.80,33.14
996,33.09,33.22
997,32.39,33.32
998,31.69,33.36
999,30.98,33.41
1000,30.28,33.46
1001,29.58,33.52
1002,28.88,33.59
1003,28.17,33.67
1004,27.47,33.77
1005,26.77,33.87
1006,26.06,33.99
1007,25.36,34.10
1008,24.66,34.16
1009,23.95,34.23
1010,23.25,34.31
1011,22.55,34.41
1012,21.84,34.51
1013,21.14,34.62
1014,20.44,34.75
1015,19.73,34.88
1016,19.03,35.03
1017,18.33,35.19
1018,17.63,35.35
1019,16.92,35.54
1020,16.22,35.75
1021,15.54,35.98
1022,14.86,36.22
1023,14.19,36.47
1024,13.51,36.73
1025,12.83,37.00
1026,12.16,37.31
1027,11.51,37.65
1028,10.85,37.99
1029,10.22,38.34
1030,9.60,38.72
1031,9.01,39.12
1032,8.41,39.56
1033,7.83,40.03
1034,7.28,40.52
1035,6.77,41.03
1036,6.28,41.56
1037,5.83,42.11
1038,5.44,42.69
1039,5.07,43.26
1040,4.73,43.85
1041,4.44,44.47
1042,4.22,45.10
1043,4.08,45.76
1044,4.03,46.41
1045,4.08,47.08
1046,4.20,47.76
1047,4.37,48.42
1048,4.60,49.06
1049,4.87,49.68
1050,5.19,50.28
1051,5.55,50.83
1052,5.94,51.33
1053,6.36,51.80
1054,6.81,52.22
1055,7.28,52.59
1056,7.75,52.91
1057,8.24,53.17
1058,8.74,53.36
1059,9.25,53.52
1060,9.76,53.65
1061,10.26,53.78
1062,10.75,53.94
1063,11.24,54.09
1064,11.74,54.27
1065,12.23,54.45
1066,12.73,54.65
1067,13.22,54.85
1068,13.72,55.06
1069,14.21,55.30
1070,14.71,55.53
1071,15.20,55.78
1072,15.70,56.04
1073,16.19,56.31
1074,16.69,56.59
1075,17.18,56.88
1076,17.70,57.12
1077,18.23,57.33
1078,18.79,57.49
1079,19.36,57.60
1080,19.94,57.66
1081,20.51,57.34
1082,21.08,57.05
1083,21.66,56.77
1084,22.23,56.49
1085,22.80,56.23
1086,23.37,56.00
1087,23.95,55.77
1088,24.52,55.55
1089,25.08,55.22
1090,25.62,54.81
1091,26.17,54.42
1092,26.72,54.03
1093,27.27,53.67
1094,27.81,53.30
1095,28.36,52.95
1096,28.90,52.59
1097,29.42,52.21
1098,29.94,51.84
1099,30.46,51.48
1100,30.98,51.14
1101,31.50,50.80
1102,32.02,50.47
1103,32.54,50.16
1104,33.06,49.84
1105,33.58,49.56
1106,34.10,49.27
1107,34.62,49.00
1108,35.15,48.74
1109,35.67,48.47
1110,36.19,48.16
1111,36.71,47.87
1112,37.23,47.58
1113,37.75,47.31
1114,38.27,47.06
1115,38.80,46.83
1116,39.34,46.63
1117,39.89,46.44
1118,40.44,46.26
1119,40.98,46.09
1120,41.53,45.94
1121,42.08,45.79
1122,42.62,45.66
1123,43.17,45.53
1124,43.72,45.42
1125,44.27,45.31
1126,44.81,45.14
1127,45.36,44.85
1128,45.91,44.59
1129,46.45,44.36
1130,47.00,44.13
1131,47.55,43.91
1132,48.09,43.70
1133,48.64,43.49
1134,49.19,43.31
1135,49.73,43.13
1136,50.28,42.97
1137,50.83,42.81
1138,51.37,42.67
1139,51.92,42.54
1140,52.47,42.41
1141,53.02,42.30
1142,53.56,42.20
1143,54.11,42.11
1144,54.66,42.04
1145,55.20,41.99
1146,55.75,41.97
1147,56.30,41.94
1148,56.84,41.94
1149,57.39,41.94
1150,57.94,41.95
1151,58.48,41.97
1152,59.03,42.00
1153,59.58,42.05
1154,60.12,42.10
1155,60.67,42.17
1156,61.22,42.25
1157,61.77,42.33
1158,62.31,42.44
1159,62.86,42.54
1160,63.41,42.67
1161,63.95,42.80
1162,64.50,42.94
1163,65.05,43.09
1164,65.59,43.25
1165,66.14,43.43
1166,66.69,43.61
1167,67.23,43.81
1168,67.78,44.02
1169,68.33,44.23
1170,68.87,44.47
1171,69.42,44.70
1172,69.97,44.96
1173,70.52,45.22
1174,71.06,45.49
1175,71.61,45.78
1176,72.16,46.06
1177,72.70,46.37
1178,73.25,46.69
1179,73.80,47.02
1180,74.34,47.35
1181,74.89,47.68
1182,75.44,47.97
1183,76.01,48.18
1184,76.58,48.41
1185,77.16,48.64
1186,77.73,48.89
1187,78.30,49.15
1188,78.87,49.41
1189,79.45,49.69
1190,80.02,49.98
1191,80.59,50.28
1192,81.17,50.59
1193,81.74,50.91
1194,82.31,51.25
1195,82.89,51.59
1196,83.44,51.95
1197,83.98,52.31
1198,84.53,52.53
1199,85.08,52.53
1200,85.66,52.53
1201,86.23,52.56
1202,86.80,52.60
1203,87.37,52.66
1204,87.95,52.72
1205,88.52,52.80
1206,89.09,52.87
1207,89.67,52.98
1208,90.24,52.75
1209,90.81,52.45
1210,91.39,52.17
1211,91.96,51.89
1212,92.53,51.63
1213,93.10,51.36
1214,93.68,51.13
1215,94.25,50.89
1216,94.82,50.67
1217,95.40,50.46
1218,95.97,50.25
1219,96.54,50.07
1220,97.11,49.89
1221,97.69,49.72
1222,98.26,49.56
1223,98.83,49.41
1224,99.41,49.28
1225,99.98,49.15
1226,100.55,49.04
1227,101.12,48.94
1228,101.70,48.84
1229,102.27,48.77
1230,102.84,48.69
1231,103.42,48.64
1232,103.99,48.58
1233,104.56,48.55
1234,105.14,48.52
1235,105.71,48.50
1236,106.28,48.50
1237,106.59,48.50
1238,106.78,48.52
1239,106.89,48.53
1240,106.96,48.53
1241,107.01,48.53
1242,107.03,48.53
1243,107.03,48.53
1244,107.03,48.53
1245,107.03,48.53
1246,107.03,48.53
1247,107.03,48.53
1248,107.03,48.53
1249,107.03,48.53
1250,107.03,48.53
1251,107.03,48.53
1252,107.03,48.53
1253,107.03,48.53
1254,107.03,48.53
1255,107.03,48.53
1256,107.03,48.53
1257,107.03,48.53
1258,107.03,48.53
1259,107.03,48.53
1260,107.03,48.53
1261,107.03,48.53
1262,107.03,48.53
1263,107.03,48.53
1264,107.03,48.53
1265,107.03,48.53
1266,107.03,48.53
1267,107.03,48.53
1268,107.03,48.53
1269,107.03,48.53
1270,107.03,48.53
1271,107.03,48.53
1272,107.03,48.53
1273,107.03,48.53
1274,107.03,48.53
1275,107.03,48.53
1276,107.03,48.53
1277,107.03,48.53
1278,107.03,48.53
1279,107.03,48.53
1280,107.03,48.53
1281,107.03,48.53
1282,107.03,48.53
1283,107.03,48.53
1284,107.03,48.53
1285,107.03,48.53
1286,107.03,48.53
1287,107.03,48.53
1288,107.03,48.53
1289,107.03,48.53
1290,107.03,48.53
1291,107.03,48.53
1292,107.03,48.53
1293,107.03,48.53
1294,107.03,48.53
1295,107.03,48.53
1296,107.03,48.53
1297,107.03,48.53
1298,107.03,48.53
1299,107.03,48.53
1300,107.03,48.53
1301,107.03,48.53
1302,107.03,48.53
1303,107.03,48.53
1304,107.03,48.53
1305,107.03,48.53
1306,107.03,48.53
1307,107.03,48.53
1308,107.03,48.53
1309,107.03,48.53
1310,107.03,48.53
1311,107.03,48.53
1312,107.03,48.53
1313,107.03,48.53
1314,107.03,48.53
1315,107.03,48.53
1316,107.03,48.53
1317,107.03,48.53
1318,107.03,48.53
1319,107.03,48.53
1320,107.03,48.53
1321,107.03,48.53
1322,107.03,48.53
1323,107.03,48.53
1324,107.03,48.53
1325,107.03,48.53
1326,107.03,48.53
1327,107.03,48.53
1328,107.03,48.53
1329,107.03,48.53
1330,107.03,48.53
1331,107.03,48.53
1332,107.03,48.53
1333,107.03,48.53
1334,107.03,48.53
1335,107.03,48.53
1336,107.03,48.53
1337,107.03,48.53
1338,107.03,48.53
1339,107.03,48.53
1340,107.03,48.53
1341,107.03,48.53
1342,107.03,48.53
1343,107.03,48.53
1344,107.03,48.53
1345,107.03,48.53
1346,107.03,48.53
1347,107.03,48.53
1348,107.03,48.53
1349,107.03,48.53
1350,107.03,48.53
1351,107.03,48.53
1352,107.03,48.53
1353,107.03,48.53
1354,107.03,48.53
1355,107.03,48.53
1356,107.03,48.53
1357,107.03,48.53
1358,107.03,48.53
1359,107.03,48.53
1360,107.03,48.53
1361,107.03,48.53
1362,107.03,48.53
1363,107.03,48.53
1364,107.03,48.53
1365,107.03,48.53
1366,107.03,48.53
1367,107.03,48.53
1368,107.03,48.53
1369,107.03,48.53
1370,107.03,48.53
1371,107.03,48.53
1372,107.03,48.53
1373,107.03,48.53
1374,107.03,48.53
1375,107.03,48.53
1376,107.03,48.53
1377,107.03,48.53
1378,107.03,48.53
1379,107.03,48.53
1380,107.03,48.53
1381,107.03,48.53
1382,107.03,48.53
1383,107.03,48.53
1384,107.03,48.53
1385,107.03,48.53
1386,107.03,48.53
1387,107.03,48.53
1388,107.03,48.53
1389,107.03,48.53
1390,107.03,48.53
1391,107.03,48.53
1392,107.03,48.53
1393,107.03,48.53
1394,107.03,48.53
1395,107.03,48.53
1396,107.03,48.53
1397,107.03,48.53
1398,107.03,48.53
1399,107.03,48.53
1400,107.03,48.53
1401,107.03,48.53
1402,107.03,48.53
1403,107.03,48.53
1404,107.03,48.53
1405,107.03,48.53
1406,107.03,48.53
1407,107.03,48.53
1408,107.03,48.53
1409,107.03,48.53
1410,107.03,48.53
1411,107.03,48.53
1412,107.03,48.53
1413,107.03,48.53
1414,107.03,48.53
1415,107.03,48.53
1416,107.03,48.53
1417,107.03,48.53
1418,107.03,48.53
1419,107.03,48.53
1420,107.03,48.53
1421,107.03,48.53
1422,107.03,48.53
1423,107.03,48.53
1424,107.03,48.53
1425,107.03,48.53
1426,107.03,48.53
1427,107.03,48.53
1428,107.03,48.53
1429,107.03,48.53
1430,107.03,48.53
1431,107.03,48.53
1432,107.03,48.53
1433,107.03,48.53
