video_tick,our_tick,race_tick,x,y,vx_internal,vy,vx_display,angle_deg
0,-97,-162,144,208,,0.000,-0.000,270.00
1,-96,-161,144,208,,-0.000,-0.000,270.00
2,-95,-160,144,208,,-0.000,-0.000,270.00
3,-94,-159,144,208,,-0.000,-0.000,270.00
4,-93,-158,144,208,,-0.000,-0.000,270.00
5,-92,-157,144,208,,-0.000,-0.000,270.00
6,-91,-156,144,208,,-0.000,-0.000,270.00
7,-90,-155,144,208,,-0.000,-0.000,270.00
8,-89,-154,144,208,,-0.000,-0.000,270.00
9,-88,-153,144,208,,-0.000,-0.000,270.00
10,-87,-152,144,208,,-0.000,-0.000,270.00
11,-86,-151,144,208,,-0.000,-0.000,270.00
12,-85,-150,144,208,,-0.000,-0.000,270.00
13,-84,-149,144,208,,-0.000,-0.000,270.00
14,-83,-148,144,208,,-0.000,-0.000,270.00
15,-82,-147,144,208,,-0.000,-0.000,270.00
16,-81,-146,144,208,,-0.000,-0.000,270.00
17,-80,-145,144,208,,-0.000,-0.000,270.00
18,-79,-144,144,208,,-0.000,-0.000,270.00
19,-78,-143,144,208,,-0.000,-0.000,270.00
20,-77,-142,144,208,,-0.000,-0.000,270.00
21,-76,-141,144,208,,-0.000,-0.000,270.00
22,-75,-140,144,208,,-0.000,-0.000,270.00
23,-74,-139,144,208,,-0.000,-0.000,270.00
24,-73,-138,144,208,,-0.000,-0.000,270.00
25,-72,-137,144,208,,-0.000,-0.000,270.00
26,-71,-136,144,208,,-0.000,-0.000,270.00
27,-70,-135,144,208,,-0.000,-0.000,270.00
28,-69,-134,144,208,,-0.000,-0.000,270.00
29,-68,-133,144,208,,-0.000,-0.000,270.00
30,-67,-132,144,208,,-0.000,-0.000,270.00
31,-66,-131,144,208,,-0.000,-0.000,270.00
32,-65,-130,144,208,,-0.000,-0.000,270.00
33,-64,-129,144,208,,0.000,-0.000,270.00
34,-63,-128,144,208,,-0.000,-0.000,270.00
35,-62,-127,144,208,,-0.000,-0.000,270.00
36,-61,-126,144,208,,-0.000,-0.000,270.00
37,-60,-125,144,208,,0.000,-0.000,270.00
38,-59,-124,144,208,,0.000,-0.000,270.00
39,-58,-123,144,208,,-0.000,-0.000,270.00
40,-57,-122,144,208,,-0.000,-0.000,270.00
41,-56,-121,144,208,,-0.000,0.000,270.00
42,-55,-120,144,208,,0.000,0.000,270.00
43,-54,-119,144,208,,0.000,0.000,270.00
44,-53,-118,144,208,,-0.000,0.000,270.00
45,-52,-117,144,208,,-0.000,0.000,270.00
46,-51,-116,144,208,,-0.000,0.000,270.00
47,-50,-115,144,208,,0.000,0.000,270.00
48,-49,-114,144,208,,0.000,0.000,270.00
49,-48,-113,144,208,,0.000,0.000,270.00
50,-47,-112,144,208,,-0.000,0.000,270.00
51,-46,-111,144,208,,0.000,0.000,270.00
52,-45,-110,144,208,,0.000,0.000,270.00
53,-44,-109,144,208,,0.000,0.000,270.00
54,-43,-108,144,208,,0.000,0.000,270.00
55,-42,-107,144,208,,-0.000,-0.000,270.00
56,-41,-106,144,208,,-0.000,-0.000,270.00
57,-40,-105,144,208,,0.000,0.000,270.00
58,-39,-104,144,208,,0.000,-0.000,270.00
59,-38,-103,144,208,,0.000,0.000,270.00
60,-37,-102,144,208,,-0.000,0.000,270.00
61,-36,-101,144,208,,-0.000,0.000,270.00
62,-35,-100,144,208,,-0.000,0.000,270.00
63,-34,-99,144,208,,-0.000,0.000,270.00
64,-33,-98,144,208,,-0.000,0.000,270.00
65,-32,-97,144,208,,-0.000,0.000,270.00
66,-31,-96,144,208,,-0.000,0.000,270.00
67,-30,-95,144,208,,-0.000,0.000,270.00
68,-29,-94,144,208,,0.000,0.000,270.00
69,-28,-93,144,208,,-0.000,0.000,270.00
70,-27,-92,144,208,,0.000,0.000,270.00
71,-26,-91,144,208,,-0.000,0.000,270.00
72,-25,-90,144,208,,-0.000,0.000,270.00
73,-24,-89,144,208,,-0.000,0.000,270.00
74,-23,-88,144,208,,-0.000,0.000,270.00
75,-22,-87,144,208,,-0.000,0.000,270.00
76,-21,-86,144,208,,0.000,-0.000,270.00
77,-20,-85,144,208,,-0.000,-0.000,270.00
78,-19,-84,144,208,,0.000,-0.000,270.00
79,-18,-83,144,208,,-0.000,-0.000,270.00
80,-17,-82,144,208,,0.000,0.000,270.00
81,-16,-81,144,208,,-0.000,-0.000,270.00
82,-15,-80,144,208,,0.000,0.000,270.00
83,-14,-79,144,208,,-0.000,-0.000,270.00
84,-13,-78,144,208,,0.000,0.000,270.00
85,-12,-77,144,208,,-0.000,-0.000,270.00
86,-11,-76,144,208,,0.000,0.000,270.00
87,-10,-75,144,208,,-0.000,-0.000,270.00
88,-9,-74,144,208,,0.000,0.000,270.00
89,-8,-73,144,208,,-0.000,-0.000,270.00
90,-7,-72,144,208,,0.000,0.000,270.00
91,-6,-71,144,208,,-0.000,-0.000,270.00
92,-5,-70,144,208,,0.000,0.000,270.00
93,-4,-69,144,208,,-0.001,-0.000,270.00
94,-3,-68,144,208,,0.002,0.000,270.00
95,-2,-67,144,208,,-0.010,-0.000,270.00
96,-1,-66,144,208,,0.073,0.000,270.00
97,0,-65,144,208,-0.0010,-0.260,-0.001,270.00
98,1,-64,143,209,-1.4950,0.657,-1.495,289.76
99,2,-63,141,207,-2.2720,-1.761,-2.272,293.33
100,3,-62,138,203,-3.0020,-4.164,-3.002,302.59
101,4,-61,134,197,-3.6700,-6.438,-3.670,302.74
102,5,-60,133,188,-1.0150,-8.700,-1.015,355.34
103,6,-59,135,177,1.7300,-10.861,1.730,38.42
104,7,-58,138,167,3.2240,-10.449,3.224,45.62
105,8,-57,143,157,4.7300,-9.917,4.730,48.08
106,9,-56,148,148,4.9990,-9.380,4.999,48.02
107,10,-55,153,139,4.9980,-8.903,4.998,47.74
108,11,-54,160,131,6.6890,-7.632,6.689,46.71
109,12,-53,168,125,8.2970,-6.487,8.297,46.00
110,13,-52,178,120,9.8239,-5.106,9.818,45.17
111,14,-51,189,116,11.2778,-4.047,11.185,44.10
112,15,-50,201,113,12.6029,-1.310,12.427,42.88
113,16,-49,215,112,13.9630,-4.684,13.532,39.90
114,17,-48,230,112,15.0010,-0.352,14.504,38.22
115,18,-47,244,113,14.9886,0.074,14.494,36.29
116,19,-46,258,114,15.2947,-8.036,14.508,34.19
117,20,-45,272,102,14.8217,-7.710,14.127,31.86
118,21,-44,287,91,15.2705,-7.186,14.534,26.82
119,22,-43,302,82,16.1017,-9.161,15.114,24.05
120,23,-42,317,78,16.3300,0.044,15.614,21.07
121,24,-41,333,79,16.3324,0.010,15.616,18.06
122,25,-40,349,80,16.3404,1.184,15.617,14.87
123,26,-39,364,82,16.2169,2.326,15.499,8.39
124,27,-38,379,86,15.9900,3.813,15.275,5.21
125,28,-37,394,91,15.6413,5.181,14.937,1.94
126,29,-36,408,98,15.1861,6.567,14.494,358.71
127,30,-35,422,106,14.6118,7.939,13.936,355.64
128,31,-34,436,114,14.6320,8.432,13.925,349.81
129,32,-33,450,123,14.5713,8.941,13.843,347.13
130,33,-32,464,132,14.6160,9.440,13.850,344.62
131,34,-31,478,142,14.6161,9.939,13.818,342.21
132,35,-30,492,152,14.6115,10.438,13.781,340.05
133,36,-29,506,163,14.6117,10.938,13.747,336.28
134,37,-28,520,174,14.6141,11.437,13.714,334.66
135,38,-27,534,186,14.6128,11.936,13.677,333.21
136,39,-26,548,198,14.6101,12.435,13.638,331.95
137,40,-25,562,211,14.6097,12.936,13.600,330.86
138,41,-24,576,224,14.6106,13.442,13.562,329.10
139,42,-23,590,238,14.6102,13.939,13.523,328.43
140,43,-22,603,252,14.6120,14.438,13.485,327.91
141,44,-21,616,267,14.6144,14.937,13.447,327.64
142,45,-20,629,282,14.6141,15.437,13.406,327.52
143,46,-19,642,298,14.6105,15.935,13.362,326.80
144,47,-18,655,314,14.6152,16.438,13.324,326.04
145,48,-17,670,329,16.6968,14.886,15.174,325.01
146,49,-16,685,344,16.6940,15.385,15.129,324.00
147,50,-15,700,360,16.7008,15.886,15.091,323.24
148,51,-14,715,376,16.6942,16.382,15.042,322.77
149,52,-13,730,393,16.6945,16.889,14.997,323.51
150,53,-12,745,410,16.6922,17.389,14.950,325.18
151,54,-11,762,426,18.5581,15.607,16.601,328.04
152,55,-10,780,440,20.2619,13.701,18.093,332.19
153,56,-9,799,452,21.7961,11.680,19.419,346.52
154,57,-8,818,464,21.7989,12.179,19.382,357.96
155,58,-7,838,474,23.0021,9.950,20.436,12.67
156,59,-6,859,482,24.0396,7.724,21.324,43.70
157,60,-5,880,490,24.0251,7.951,21.301,43.95
158,61,-4,902,496,24.7344,6.295,21.890,65.11
159,62,-3,924,497,25.3378,-1.463,22.451,71.49
160,63,-2,946,484,24.4998,-5.597,21.754,76.09
161,64,-1,968,471,25.3833,-14.224,21.799,79.03
162,65,0,990,459,25.1063,-11.416,21.838,80.92
163,66,1,1012,448,25.6624,-11.556,22.216,82.41
164,67,2,1034,438,25.4386,-8.778,22.252,82.99
165,68,3,1057,429,25.8930,-8.904,22.560,83.57
166,69,4,1080,421,25.8993,-8.496,22.589,83.38
167,70,5,1103,413,25.8851,-7.633,22.628,83.18
168,71,6,1126,402,26.3376,-11.821,22.662,82.13
169,72,7,1149,391,26.0676,-8.684,22.694,79.93
170,73,8,1172,381,26.1062,-8.577,22.727,76.33
171,74,9,1195,371,26.1927,-8.948,22.764,74.47
172,75,10,1218,363,26.4928,-7.667,23.044,74.27
173,76,11,1241,356,26.5650,-8.919,23.021,75.21
174,77,12,1264,350,26.1811,-0.339,23.042,75.90
175,78,13,1287,344,26.4308,-6.350,23.067,76.58
176,79,14,1310,339,26.4022,-5.538,23.082,77.06
177,80,15,1333,334,26.2989,-4.738,23.041,77.33
178,81,16,1356,330,26.4250,-4.321,23.141,77.10
179,82,17,1379,326,26.3894,-3.875,23.130,76.69
180,83,18,1402,324,26.4529,-2.416,23.207,76.05
181,84,19,1425,323,26.3581,-1.004,23.160,75.07
182,85,20,1448,323,26.1059,0.470,22.990,73.96
183,86,21,1471,324,26.1057,0.840,22.988,70.85
184,87,22,1494,325,26.0889,1.385,22.972,68.82
185,88,23,1517,327,26.1864,1.880,23.033,66.49
186,89,24,1540,329,26.0887,2.381,22.958,63.56
187,90,25,1563,332,26.1086,2.880,22.962,60.21
188,91,26,1586,335,26.1005,3.379,22.945,51.65
189,92,27,1609,339,26.1052,3.878,22.935,46.34
190,93,28,1632,343,26.1024,4.378,22.918,40.36
191,94,29,1655,348,26.1050,4.876,22.903,33.56
192,95,30,1678,353,26.0986,5.378,22.880,26.30
193,96,31,1701,359,26.1051,5.883,22.864,11.21
194,97,32,1724,365,26.0991,6.380,22.838,3.95
195,98,33,1747,372,26.1015,6.880,22.816,357.13
196,99,34,1770,379,26.1149,7.379,22.800,351.21
197,100,35,1793,387,26.0957,7.878,22.760,345.84
198,101,36,1816,395,26.1080,8.378,22.740,337.26
199,102,37,1839,404,26.1006,8.877,22.705,333.89
200,103,38,1862,413,26.1042,9.376,22.676,331.05
201,104,39,1885,423,26.1019,9.883,22.641,328.57
202,105,40,1908,433,26.1167,10.380,22.617,326.54
203,106,41,1931,444,26.1804,10.880,22.625,323.45
204,107,42,1954,455,25.9805,11.379,22.450,322.31
205,108,43,1976,467,27.0303,11.878,23.130,321.41
206,109,44,1998,479,27.1155,12.377,23.148,320.82
207,110,45,2020,492,26.7681,12.878,22.871,320.32
208,111,46,2042,505,25.8365,13.374,22.189,320.42
209,112,47,2064,519,26.1783,13.881,22.381,321.78
210,113,48,2086,533,26.0937,14.381,22.278,324.85
211,114,49,2108,548,26.1047,14.879,22.240,330.72
212,115,50,2131,561,27.4947,12.751,23.373,340.29
213,116,51,2155,572,28.6200,10.504,24.293,16.61
214,117,52,2180,580,29.4900,8.142,25.009,56.87
215,118,53,2206,586,30.1066,5.715,25.521,57.22
216,119,54,2232,589,30.4848,3.235,25.839,68.65
217,120,55,2258,590,30.4527,0.741,25.854,75.53
218,121,56,2284,591,30.7663,1.234,26.048,81.80
219,122,57,2310,579,30.9293,-12.304,25.642,81.91
220,123,58,2336,567,30.9010,-11.822,25.662,78.80
221,124,59,2362,556,30.8991,-11.264,25.703,75.67
222,125,60,2388,546,31.2434,-10.262,25.990,74.40
223,126,61,2414,537,31.2357,-9.771,26.018,71.86
224,127,62,2440,528,31.1891,-8.809,26.049,71.30
225,128,63,2466,520,31.2034,-8.430,26.080,71.78
226,129,64,2492,513,31.4031,-7.015,26.279,72.72
227,130,65,2518,506,31.3962,-6.514,26.298,73.70
228,131,66,2544,500,31.4002,-6.018,26.322,74.43
229,132,67,2570,494,31.4080,-5.513,26.347,73.55
230,133,68,2596,490,31.5307,-4.115,26.470,71.67
231,134,69,2622,486,31.5234,-3.616,26.479,69.14
232,135,70,2648,483,31.5269,-3.117,26.493,66.24
233,136,71,2675,480,31.5268,-2.618,26.503,60.55
234,137,72,2702,478,31.5327,-2.118,26.515,58.15
235,138,73,2729,476,31.5253,-1.619,26.517,56.28
236,139,74,2756,475,31.5008,-1.082,26.507,55.64
237,140,75,2783,474,31.6275,-0.628,26.588,54.86
238,141,76,2809,462,31.6209,-11.997,26.098,50.04
239,142,77,2835,451,31.5067,-11.502,26.065,45.41
240,143,78,2861,440,31.5262,-11.002,26.114,38.89
241,144,79,2887,430,31.7885,-9.602,26.372,30.13
242,145,80,2913,421,31.7942,-9.116,26.406,19.42
243,146,81,2939,412,31.7804,-8.587,26.429,355.69
244,147,82,2965,404,31.7918,-8.164,26.460,344.98
245,148,83,2991,396,31.7540,-7.284,26.483,336.19
246,149,84,3018,389,31.7948,-7.165,26.514,329.67
247,150,85,3045,382,31.7827,-6.583,26.534,325.06
248,151,86,3072,376,31.7931,-6.113,26.561,320.15
249,152,87,3099,370,31.7843,-5.608,26.576,319.62
250,153,88,3126,365,31.7885,-5.085,26.598,320.00
251,154,89,3153,360,31.7956,-4.775,26.613,321.11
252,155,90,3180,356,31.7657,-3.518,26.631,322.78
253,156,91,3207,352,31.8672,-5.291,26.639,328.33
254,157,92,3234,349,31.7351,0.700,26.654,332.43
255,158,93,3261,346,31.7956,-2.966,26.662,337.50
256,159,94,3288,344,31.7822,-2.043,26.670,344.12
257,160,95,3315,342,31.7866,-1.632,26.678,351.99
258,161,96,3342,341,31.7895,-1.093,26.685,10.83
259,162,97,3369,337,31.5890,-3.600,26.520,20.76
260,163,98,3396,334,31.5826,-3.091,26.528,30.24
261,164,99,3423,331,31.5908,-2.592,26.543,38.53
262,165,100,3450,329,31.5904,-2.093,26.551,45.49
263,166,101,3477,327,31.5831,-1.593,26.553,55.69
264,167,102,3504,326,31.5851,-1.095,26.559,59.24
265,168,103,3531,325,31.5819,-0.590,26.560,61.93
266,169,104,3558,325,31.5929,0.081,26.568,63.86
267,170,105,3585,325,31.5848,0.073,26.563,65.12
268,171,106,3612,326,31.5877,1.042,26.561,66.43
269,172,107,3639,327,31.5809,1.370,26.554,68.07
270,173,108,3666,329,31.5895,1.912,26.553,71.45
271,174,109,3693,331,31.5952,2.406,26.549,76.18
272,175,110,3719,335,31.4685,3.808,26.440,81.22
273,176,111,3745,339,31.5140,4.308,26.454,90.31
274,177,112,3771,344,31.3685,4.804,26.348,93.25
275,178,113,3797,350,31.9212,6.202,26.636,94.48
276,179,114,3823,357,31.1816,6.700,26.156,92.85
277,180,115,3849,364,31.3438,7.202,26.233,89.62
278,181,116,3875,372,31.2920,7.707,26.175,83.24
279,182,117,3901,380,31.3096,8.204,26.159,81.44
280,183,118,3927,389,31.2994,8.704,26.124,78.54
281,184,119,3953,399,31.0238,10.094,25.864,67.09
282,185,120,3979,410,31.0282,10.600,25.832,35.68
283,186,121,4005,421,31.0197,11.097,25.791,318.71
284,187,122,4031,433,31.0200,11.597,25.754,309.64
285,188,123,4057,445,31.0193,12.096,25.715,306.87
286,189,124,4083,458,31.0223,12.595,25.677,306.74
287,190,125,4109,471,31.0259,13.095,25.638,306.48
288,191,126,4135,482,32.1067,10.826,26.485,305.55
289,192,127,4162,490,32.9502,8.455,27.150,304.90
290,193,128,4190,496,33.5735,6.029,27.642,304.14
291,194,129,4218,500,33.9669,3.556,27.956,303.45
292,195,130,4246,504,33.9553,4.058,27.936,302.65
293,196,131,4274,509,33.9565,4.557,27.922,301.02
294,197,132,4302,514,33.9572,5.055,27.906,300.32
295,198,133,4330,520,33.9629,5.562,27.891,299.55
296,199,134,4358,526,33.9591,6.061,27.869,298.94
297,200,135,4386,533,33.9682,6.560,27.853,298.44
298,201,136,4414,540,33.9681,7.059,27.830,297.85
299,202,137,4442,548,33.9589,7.558,27.800,297.72
300,203,138,4470,556,33.9626,8.058,27.776,297.59
301,204,139,4498,565,33.9587,8.557,27.746,297.21
302,205,140,4526,571,34.6147,6.138,28.250,296.79
303,206,141,4555,575,35.0302,3.667,28.573,295.49
304,207,142,4584,576,35.1999,1.171,28.712,294.81
305,208,143,4613,578,35.1945,1.670,28.704,294.00
306,209,144,4642,580,35.1937,2.169,28.697,293.36
307,210,145,4671,583,35.1925,2.671,28.688,292.65
308,211,146,4700,586,35.2013,3.176,28.683,291.69
309,212,147,4729,590,35.1954,3.673,28.668,291.35
310,213,148,4758,594,35.1926,4.173,28.653,291.23
311,214,149,4787,599,35.1907,4.670,28.637,291.35
312,215,150,4816,604,35.1977,5.180,28.624,291.64
313,216,151,4845,607,35.5579,2.680,28.897,292.73
314,217,152,4874,607,35.6504,0.242,28.974,293.48
315,218,153,4903,608,35.6448,1.082,28.967,294.29
316,219,154,4932,609,35.6436,1.123,28.966,295.32
317,220,155,4961,611,35.6415,1.725,28.959,296.43
318,221,156,4990,613,35.6508,2.193,28.958,298.84
319,222,157,5019,616,35.6499,2.703,28.949,300.09
320,223,158,5048,619,35.6411,3.200,28.934,301.30
321,224,159,5077,623,35.6493,3.699,28.927,302.57
322,225,160,5106,627,35.6430,4.198,28.910,303.83
323,226,161,5135,632,35.6413,4.698,28.894,306.23
324,227,162,5164,637,35.6477,5.196,28.881,307.33
325,228,163,5193,643,35.6399,5.702,28.858,308.37
326,229,164,5222,649,35.6469,6.202,28.842,309.20
327,230,165,5251,656,35.6426,6.701,28.818,309.92
328,231,166,5280,663,35.6429,7.200,28.795,311.00
329,232,167,5309,671,35.6476,7.699,28.773,311.30
330,233,168,5338,679,35.6393,8.198,28.742,311.43
331,234,169,5367,688,35.6479,8.698,28.719,311.09
332,235,170,5396,697,35.6446,9.194,28.688,310.31
333,236,171,5425,707,35.6418,9.702,28.655,307.52
334,237,172,5454,717,35.6560,10.198,28.631,305.74
335,238,173,5483,725,36.3826,7.801,29.184,303.79
336,239,174,5513,730,36.8654,5.346,29.561,301.75
337,240,175,5543,733,37.0717,2.843,29.744,299.78
338,241,176,5573,736,37.0581,3.348,29.726,296.34
339,242,177,5603,740,37.0513,3.854,29.710,295.00
340,243,178,5633,744,37.0616,4.352,29.702,294.10
341,244,179,5663,749,37.0641,4.851,29.688,293.76
342,245,180,5693,754,37.0604,5.350,29.669,293.52
343,246,181,5723,760,37.0616,5.850,29.651,292.33
344,247,182,5753,763,37.4367,3.373,29.934,291.32
345,248,183,5783,764,37.5049,0.877,30.007,290.11
346,249,184,5813,765,37.5453,1.413,30.025,288.81
347,250,185,5843,753,37.7566,-12.011,29.678,287.43
348,251,186,5873,742,37.4126,-11.497,29.527,284.66
349,252,187,5903,731,37.5460,-11.001,29.636,283.37
350,253,188,5933,721,37.5088,-10.514,29.649,282.17
351,254,189,5963,711,37.3342,-8.382,29.683,281.19
352,255,190,5993,702,37.5105,-9.600,29.709,280.51
353,256,191,6023,693,37.4641,-8.410,29.753,280.25
354,257,192,6052,682,36.9842,-13.017,29.172,281.02
355,258,193,6081,671,36.0872,-1.929,29.209,283.03
356,259,194,6110,661,36.1785,-3.074,29.241,289.02
357,260,195,6139,651,36.2229,-2.307,29.280,317.73
358,261,196,6168,642,36.2978,-3.126,29.307,79.29
359,262,197,6197,633,36.3160,-1.748,29.340,84.04
360,263,198,6226,625,36.7524,-8.331,29.363,85.99
361,264,199,6256,618,36.9292,-6.926,29.532,86.47
362,265,200,6286,612,36.9202,-6.429,29.549,86.87
363,266,201,6316,607,37.0470,-5.020,29.673,83.81
364,267,202,6346,602,37.0447,-4.541,29.687,74.13
365,268,203,6376,598,37.0408,-3.938,29.702,64.51
366,269,204,6406,594,37.0180,-2.642,29.718,64.60
367,270,205,6436,592,37.0750,-0.567,29.772,64.89
368,271,206,6466,590,37.1024,0.808,29.786,65.74
369,272,207,6496,589,37.1236,-2.032,29.786,66.26
370,273,208,6526,588,37.1016,0.729,29.786,66.77
371,274,209,6556,588,37.1132,-0.246,29.794,67.29
372,275,210,6586,588,37.1068,0.436,29.790,67.73
373,276,211,6616,589,37.0951,0.250,29.784,68.34
374,277,212,6646,590,37.1640,3.235,29.787,68.41
375,278,213,6676,592,37.4694,-7.959,29.780,68.41
376,279,214,6705,579,36.9343,-10.424,29.337,68.50
377,280,215,6734,567,36.6023,-4.307,29.448,68.62
378,281,216,6764,556,37.8628,-14.299,29.549,68.81
379,282,217,6794,545,37.2834,-10.024,29.557,68.90
380,283,218,6824,535,37.4150,-10.459,29.601,69.03
381,284,219,6854,525,37.2306,-8.286,29.631,69.21
382,285,220,6884,516,37.4536,-9.866,29.661,69.34
383,286,221,6914,507,37.3813,-8.651,29.694,69.53
384,287,222,6944,499,37.3951,-8.374,29.717,69.63
385,288,223,6974,491,37.3939,-7.793,29.747,69.75
386,289,224,7004,484,37.3914,-7.301,29.770,69.84
387,290,225,7034,477,37.3919,-6.812,29.793,69.86
388,291,226,7064,471,37.3919,-6.280,29.816,69.72
389,292,227,7094,466,37.5230,-4.966,29.937,69.45
390,293,228,7124,462,37.5231,-4.492,29.952,69.11
391,294,229,7154,458,37.4935,-3.246,29.968,68.70
392,295,230,7184,455,37.6550,-5.735,29.982,68.12
393,296,231,7214,452,37.5181,2.982,29.987,66.61
394,297,232,7244,450,37.4988,-1.747,29.996,65.67
395,298,233,7274,448,37.5174,-2.002,30.003,64.63
396,299,234,7304,447,37.5186,-1.349,30.011,63.33
397,300,235,7334,446,37.5272,-1.063,30.018,61.85
398,301,236,7364,446,37.5148,-0.034,30.015,58.18
399,302,237,7394,446,37.5166,-0.009,30.016,56.01
400,303,238,7424,447,37.5187,0.590,30.016,53.47
401,304,239,7454,448,37.5258,1.095,30.017,50.62
402,305,240,7484,450,37.5102,1.593,30.004,47.36
403,306,241,7514,452,37.5252,2.093,30.006,39.49
404,307,242,7544,455,37.5140,2.592,29.992,34.80
405,308,243,7574,458,37.5167,3.091,29.984,29.60
406,309,244,7604,462,37.5228,3.598,29.976,23.94
407,310,245,7634,466,37.5152,4.096,29.959,17.93
408,311,246,7664,471,37.5160,4.595,29.945,5.28
409,312,247,7694,476,37.5162,5.094,29.929,359.00
410,313,248,7724,482,37.5212,5.594,29.914,352.90
411,314,249,7754,488,37.5145,6.093,29.891,347.13
412,315,250,7784,495,37.5253,6.593,29.876,341.94
413,316,251,7814,502,37.5187,7.089,29.850,332.90
414,317,252,7844,510,37.5250,7.597,29.829,329.12
415,318,253,7874,518,37.5152,8.096,29.798,325.81
416,319,254,7904,527,37.5228,8.595,29.775,322.72
417,320,255,7934,536,37.5167,9.094,29.743,320.16
418,321,256,7964,546,37.5171,9.594,29.713,315.92
419,322,257,7994,556,37.5183,10.093,29.682,314.27
420,323,258,8024,567,37.5221,10.592,29.651,312.73
421,324,259,8054,578,37.5157,11.091,29.613,311.46
422,325,260,8084,590,37.5268,11.592,29.583,310.31
423,326,261,8114,602,37.5193,12.098,29.541,308.40
424,327,262,8144,615,37.5222,12.595,29.504,307.70
425,328,263,8173,628,37.5260,13.094,29.466,307.13
426,329,264,8202,642,37.5178,13.594,29.420,306.68
427,330,265,8231,656,37.5263,14.093,29.382,306.33
428,331,266,8260,671,37.5173,14.592,29.333,305.93
429,332,267,8289,686,37.5177,15.091,29.288,305.94
430,333,268,8318,702,37.5193,15.594,29.242,306.22
431,334,269,8347,718,37.5250,16.118,29.195,307.17
432,335,270,8377,732,38.4090,13.666,29.901,308.61
433,336,271,8407,743,39.0289,11.248,30.422,313.04
434,337,272,8438,752,39.3813,8.838,30.763,316.23
435,338,273,8469,758,39.4592,6.451,30.922,320.21
436,339,274,8500,762,39.3312,2.969,30.962,325.23
437,340,275,8531,750,39.0026,-5.539,30.716,331.15
438,341,276,8562,739,38.8088,-8.416,30.482,346.05
439,342,277,8593,728,39.4945,-11.873,30.624,354.50
440,343,278,8623,715,38.3648,-13.111,29.923,3.34
441,344,279,8652,700,37.1852,-15.348,29.080,11.65
442,345,280,8680,683,35.9962,-17.261,28.223,19.40
443,346,281,8707,664,34.4873,-19.058,27.158,31.86
444,347,282,8733,643,32.8936,-20.644,26.027,36.71
445,348,283,8758,621,31.1378,-22.035,24.781,40.53
446,349,284,8781,598,29.2733,-23.210,23.452,43.60
447,350,285,8803,574,27.3167,-24.176,22.047,45.97
448,351,286,8824,549,25.2697,-24.921,20.565,49.04
449,352,287,8844,525,23.9949,-24.427,19.734,49.80
450,353,288,8864,501,23.9925,-23.896,19.795,50.11
451,354,289,8884,478,24.0340,-23.626,19.856,50.25
452,355,290,8903,455,22.6913,-22.208,19.057,50.59
453,356,291,8921,433,21.5445,-21.664,18.277,51.77
454,357,292,8939,412,21.3304,-21.353,18.152,52.71
455,358,293,8958,392,22.0020,-19.672,18.829,53.89
456,359,294,8977,374,22.5411,-18.323,19.366,55.32
457,360,295,8997,357,22.9015,-16.920,19.771,56.91
458,361,296,9017,341,23.0975,-15.530,20.048,60.98
459,362,297,9037,327,23.1451,-14.114,20.212,63.48
460,363,298,9057,314,23.0868,-12.801,20.282,66.32
461,364,299,9077,303,24.7758,-24.593,20.262,69.42
462,365,300,9097,293,22.2456,-4.985,20.144,72.94
463,366,301,9117,284,22.4628,-10.509,20.001,80.96
464,367,302,9137,277,21.7868,-6.621,19.733,85.36
465,368,303,9156,271,21.2950,-5.856,19.399,90.17
466,369,304,9175,267,20.6487,-4.487,18.962,95.11
467,370,305,9194,264,20.0387,-3.763,18.517,100.01
468,371,306,9212,262,19.2266,-1.439,17.933,109.85
469,372,307,9229,262,18.4231,-0.475,17.307,114.57
470,373,308,9246,263,17.5131,0.926,16.576,118.85
471,374,309,9262,265,13.9474,2.265,13.585,122.91
472,375,310,9277,269,16.5782,3.563,15.768,126.64
473,376,311,9290,274,13.3583,4.858,13.002,133.02
474,377,312,9302,280,12.0335,6.144,11.782,135.69
475,378,313,9312,287,10.1336,7.411,10.002,138.07
476,379,314,9320,296,8.5737,8.671,8.488,140.16
477,380,315,9327,306,8.5568,9.919,8.407,141.97
478,381,316,9332,317,6.8387,11.152,6.720,144.81
479,382,317,9336,329,3.7026,12.387,3.643,145.86
480,383,318,9338,343,2.0151,13.600,1.969,146.73
481,384,319,9340,358,2.1411,14.806,2.071,147.38
482,385,320,9343,373,3.6380,15.308,3.496,147.82
483,386,321,9346,389,3.0833,16.286,2.942,148.54
484,387,322,9348,406,2.4805,17.095,2.353,149.87
485,388,323,9352,424,3.9787,17.594,3.750,152.05
486,389,324,9355,442,2.9862,18.500,2.798,153.16
487,390,325,9359,461,4.4905,18.994,4.180,153.32
488,391,326,9362,481,2.9878,19.905,2.767,153.33
489,392,327,9364,502,2.3119,20.613,2.130,153.96
490,393,328,9367,523,3.7561,21.120,3.440,155.02
491,394,329,9370,545,3.2863,21.988,2.990,155.54
492,395,330,9372,568,1.0382,22.664,0.941,156.44
493,396,331,9375,591,2.5307,23.159,2.282,161.76
494,397,332,9377,615,2.5884,23.667,2.324,166.11
495,398,333,9379,639,2.0738,24.166,1.855,171.13
496,399,334,9380,664,0.7214,24.666,0.643,176.51
497,400,335,9379,689,-0.0732,25.164,-0.065,181.60
498,401,336,9377,715,-2.6866,25.665,-2.372,189.69
499,402,337,9374,741,-3.7848,26.161,-3.324,192.06
500,403,338,9367,767,-7.7891,25.984,-6.801,193.06
501,404,339,9358,792,-10.2766,25.032,-8.978,194.48
502,405,340,9349,818,-10.2734,25.538,-8.940,197.33
503,406,341,9340,844,-10.2753,26.034,-8.907,203.07
504,407,342,9329,869,-12.8682,25.306,-11.117,203.43
505,408,343,9318,895,-12.8713,25.805,-11.078,199.56
506,409,344,9307,921,-12.8672,26.304,-11.033,195.63
507,410,345,9294,946,-15.3964,25.402,-13.155,195.98
508,411,346,9279,970,-17.5627,23.955,-15.006,201.71
509,412,347,9264,994,-17.5600,24.454,-14.953,204.54
510,413,348,9249,1019,-17.5564,24.954,-14.899,205.95
511,414,349,9232,1043,-19.8677,23.679,-16.804,208.00
512,415,350,9215,1067,-19.8550,24.180,-16.740,212.01
513,416,351,9198,1092,-19.8645,24.677,-16.693,219.95
514,417,352,9180,1115,-21.9879,23.183,-18.435,221.74
515,418,353,9162,1139,-21.9949,23.706,-18.381,222.49
516,419,354,9142,1161,-24.0711,22.124,-20.056,223.30
517,420,355,9122,1184,-24.0561,22.624,-19.988,217.08
518,421,356,9102,1207,-24.0702,23.125,-19.940,206.43
519,422,357,9081,1228,-26.0236,21.447,-21.496,213.09
520,423,358,9060,1250,-26.0173,21.946,-21.434,223.76
521,424,359,9037,1270,-27.8327,20.125,-22.870,229.41
522,425,360,9013,1288,-28.8278,17.816,-23.779,231.72
523,426,361,8989,1303,-29.0423,15.322,-24.169,237.67
524,427,362,8965,1319,-29.0482,15.821,-24.125,240.70
525,428,363,8940,1333,-30.3755,13.670,-25.178,242.20
526,429,364,8914,1344,-30.7746,11.205,-25.629,243.87
527,430,365,8888,1356,-30.7726,11.707,-25.590,246.81
528,431,366,8862,1365,-31.7423,9.373,-26.358,248.75
529,432,367,8836,1375,-31.7360,9.903,-26.320,245.31
530,433,368,8810,1385,-31.7339,10.272,-26.294,241.85
531,434,369,8783,1393,-32.6282,8.822,-26.934,241.66
532,435,370,8756,1393,-33.1280,-2.370,-27.482,241.05
533,436,371,8729,1380,-32.2454,-6.468,-26.823,238.57
534,437,372,8702,1367,-32.7347,-11.856,-26.792,236.63
535,438,373,8675,1355,-32.9422,-12.712,-26.850,234.03
536,439,374,8648,1343,-32.5338,-8.680,-26.885,230.44
537,440,375,8621,1332,-32.2067,-2.248,-26.927,225.65
538,441,376,8594,1321,-32.2969,-3.451,-26.958,210.44
539,442,377,8567,1311,-32.5861,-7.204,-26.996,198.90
540,443,378,8540,1301,-32.9155,-10.107,-27.027,184.57
541,444,379,8513,1292,-32.8607,-9.118,-27.057,168.97
542,445,380,8486,1283,-32.8800,-8.727,-27.092,154.20
543,446,381,8459,1275,-32.8623,-8.186,-27.112,132.79
544,447,382,8432,1267,-32.8857,-7.704,-27.152,125.88
545,448,383,8405,1255,-32.8660,-11.993,-26.861,120.70
546,449,384,8378,1244,-32.8731,-11.551,-26.899,117.02
547,450,385,8351,1233,-32.8533,-10.825,-26.940,114.20
548,451,386,8324,1223,-32.8454,-10.309,-26.971,110.58
549,452,387,8297,1213,-32.8791,-10.047,-27.009,109.51
550,453,388,8270,1204,-32.8708,-9.491,-27.040,108.87
551,454,389,8243,1195,-32.8721,-9.000,-27.071,108.60
552,455,390,8216,1187,-33.0964,-7.604,-27.284,108.79
553,456,391,8189,1180,-33.0935,-7.107,-27.307,109.84
554,457,392,8162,1173,-33.0947,-6.586,-27.332,110.31
555,458,393,8135,1167,-33.0892,-6.165,-27.347,110.61
556,459,394,8108,1155,-33.4413,-12.276,-27.185,108.65
557,460,395,8081,1143,-33.4155,-11.871,-27.201,104.79
558,461,396,8054,1132,-33.3957,-11.122,-27.245,97.07
559,462,397,8026,1122,-33.6812,-9.876,-27.501,96.38
560,463,398,7998,1113,-33.6851,-9.410,-27.533,100.75
561,464,399,7970,1104,-33.6843,-8.908,-27.563,105.04
562,465,400,7942,1096,-33.6897,-8.410,-27.595,105.75
563,466,401,7914,1089,-33.8765,-7.014,-27.778,104.83
564,467,402,7886,1083,-33.8003,-5.613,-27.793,104.25
565,468,403,7858,1078,-33.7947,-5.114,-27.808,103.67
566,469,404,7830,1073,-33.7936,-4.614,-27.824,103.17
567,470,405,7802,1069,-33.7903,-4.115,-27.837,102.91
568,471,406,7774,1065,-33.8033,-3.616,-27.858,103.42
569,472,407,7746,1063,-33.8538,-2.216,-27.916,104.25
570,473,408,7718,1061,-33.8540,-1.708,-27.923,105.52
571,474,409,7690,1060,-33.8581,-1.267,-27.930,107.52
572,475,410,7662,1059,-33.8521,-0.536,-27.931,110.15
573,476,411,7634,1059,-33.8626,0.260,-27.938,118.62
574,477,412,7606,1059,-33.8608,-0.209,-27.937,125.39
575,478,413,7578,1060,-33.8524,0.794,-27.930,134.83
576,479,414,7550,1061,-33.8584,1.285,-27.930,147.68
577,480,415,7522,1063,-33.8505,1.786,-27.920,163.68
578,481,416,7494,1065,-33.8505,2.285,-27.913,196.39
579,482,417,7466,1068,-33.8518,2.784,-27.905,208.54
580,483,418,7438,1071,-33.8576,3.283,-27.898,217.37
581,484,419,7410,1075,-33.8512,3.783,-27.882,223.67
582,485,420,7382,1079,-33.8665,4.290,-27.877,228.28
583,486,421,7354,1084,-33.8504,4.786,-27.852,234.01
584,487,422,7326,1089,-33.8525,5.287,-27.836,235.79
585,488,423,7298,1095,-33.8590,5.786,-27.821,237.01
586,489,424,7270,1101,-33.8548,6.285,-27.798,237.77
587,490,425,7242,1108,-33.8532,6.784,-27.775,238.14
588,491,426,7214,1115,-33.8528,7.284,-27.751,238.53
589,492,427,7186,1123,-33.8599,7.781,-27.730,238.85
590,493,428,7158,1131,-33.8539,8.291,-27.699,239.27
591,494,429,7130,1137,-34.4791,5.842,-28.183,239.83
592,495,430,7102,1140,-34.8732,3.214,-28.493,240.56
593,496,431,7073,1141,-35.0182,0.957,-28.609,241.89
594,497,432,7044,1142,-35.0135,1.370,-28.603,242.56
595,498,433,7015,1144,-35.0097,1.891,-28.595,243.33
596,499,434,6986,1146,-35.0226,2.394,-28.595,243.89
597,500,435,6957,1149,-35.0053,2.893,-28.576,244.34
598,501,436,6928,1152,-35.0221,3.392,-28.575,244.92
599,502,437,6899,1156,-35.0159,3.891,-28.559,244.82
600,503,438,6870,1160,-35.0143,4.390,-28.544,243.79
601,504,439,6841,1162,-35.3076,1.910,-28.766,241.30
602,505,440,6812,1164,-35.2942,2.405,-28.751,238.06
603,506,441,6783,1167,-35.2996,2.906,-28.745,231.62
604,507,442,6754,1170,-35.3061,3.405,-28.738,229.43
605,508,443,6725,1174,-35.3016,3.904,-28.723,228.40
606,509,444,6696,1178,-35.3000,4.403,-28.708,228.48
607,510,445,6667,1183,-35.3001,4.911,-28.692,228.65
608,511,446,6638,1188,-35.3076,5.407,-28.679,229.33
609,512,447,6609,1194,-35.3025,5.907,-28.657,229.81
610,513,448,6580,1200,-35.2984,6.406,-28.634,230.28
611,514,449,6551,1204,-35.7377,3.941,-28.971,230.89
612,515,450,6522,1208,-35.7188,4.442,-28.946,231.51
613,516,451,6493,1213,-35.7255,4.941,-28.934,232.57
614,517,452,6464,1218,-35.7298,5.440,-28.919,233.18
615,518,453,6435,1224,-35.7229,5.939,-28.896,233.80
616,519,454,6406,1230,-35.7330,6.439,-28.881,234.27
617,520,455,6377,1237,-35.7271,6.946,-28.855,234.75
618,521,456,6348,1244,-35.7355,7.442,-28.836,235.43
619,522,457,6319,1252,-35.7242,7.943,-28.804,235.60
620,523,458,6290,1260,-35.7312,8.442,-28.781,235.67
621,524,459,6261,1269,-35.7269,8.941,-28.750,236.39
622,525,460,6232,1278,-35.7234,9.439,-28.718,238.00
623,526,461,6203,1288,-35.7317,9.941,-28.691,242.99
624,527,462,6174,1296,-36.4350,7.533,-29.227,245.81
625,528,463,6144,1301,-36.8952,5.074,-29.587,248.39
626,529,464,6114,1307,-36.8869,5.427,-29.570,250.22
627,530,465,6084,1313,-36.9031,6.129,-29.552,251.17
628,531,466,6054,1317,-37.2818,3.581,-29.844,252.70
629,532,467,6024,1321,-37.2846,4.108,-29.832,253.86
630,533,468,5994,1326,-37.2817,4.602,-29.816,254.46
631,534,469,5964,1328,-37.6025,2.114,-30.048,248.40
632,535,470,5934,1316,-37.8444,-12.065,-29.722,216.99
633,536,471,5904,1305,-37.4514,-11.475,-29.550,117.42
634,537,472,5874,1294,-37.5943,-11.009,-29.662,112.95
635,538,473,5844,1284,-37.5546,-10.502,-29.675,113.03
636,539,474,5814,1274,-37.5695,-10.003,-29.716,113.16
637,540,475,5784,1265,-37.7627,-8.604,-29.906,113.35
638,541,476,5754,1257,-37.7689,-8.095,-29.937,114.02
639,542,477,5724,1249,-37.7685,-7.623,-29.961,114.46
640,543,478,5694,1242,-37.7691,-7.155,-29.984,114.98
641,544,479,5664,1235,-37.7655,-6.580,-30.008,115.44
642,545,480,5634,1229,-37.7658,-6.106,-30.028,115.95
643,546,481,5604,1223,-37.7646,-5.597,-30.047,117.15
644,547,482,5574,1218,-37.7653,-5.101,-30.065,117.70
645,548,483,5544,1213,-37.7634,-4.604,-30.080,118.26
646,549,484,5514,1209,-37.7654,-4.087,-30.096,118.90
647,550,485,5484,1205,-37.7670,-3.657,-30.108,119.44
648,551,486,5454,1202,-37.7611,-2.969,-30.120,120.42
649,552,487,5424,1199,-37.7681,-2.582,-30.131,120.91
650,553,488,5394,1197,-37.7672,-2.108,-30.138,121.34
651,554,489,5364,1195,-37.7676,-1.551,-30.145,121.68
652,555,490,5334,1194,-37.7627,-1.272,-30.145,121.92
653,556,491,5304,1193,-37.7658,-0.170,-30.152,122.20
654,557,492,5274,1193,-37.7619,0.048,-30.150,122.24
655,558,493,5244,1193,-37.7619,-0.006,-30.150,122.16
656,559,494,5214,1194,-37.7677,0.973,-30.150,121.90
657,560,495,5184,1195,-37.7569,1.368,-30.141,121.51
658,561,496,5154,1198,-37.7096,2.810,-30.095,120.35
659,562,497,5124,1202,-37.2662,4.175,-29.820,119.66
660,563,498,5094,1207,-37.2660,4.679,-29.805,118.93
661,564,499,5064,1212,-37.2685,5.177,-29.790,118.16
662,565,500,5034,1218,-37.2669,5.679,-29.771,117.39
663,566,501,5004,1224,-37.2703,6.184,-29.753,115.79
664,567,502,4974,1231,-37.2669,6.681,-29.730,115.03
665,568,503,4944,1238,-37.2957,7.181,-29.723,114.30
666,569,504,4914,1246,-37.0829,7.680,-29.581,113.62
667,570,505,4884,1254,17.5613,8.179,16.367,113.00
668,571,506,4854,1263,-13.8579,8.678,-13.248,112.15
669,572,507,4824,1272,37.4966,9.178,29.727,111.93
670,573,508,4794,1282,37.0270,9.677,29.437,111.84
671,574,509,4765,1293,38.6068,11.075,30.208,119.18
672,575,510,4736,1305,31.7764,11.570,26.227,150.76
673,576,511,4707,1317,53.5639,12.084,37.022,234.94
674,577,512,4678,1330,8.7364,12.561,8.426,242.25
675,578,513,4648,1340,-37.4194,10.270,-29.616,251.18
676,579,514,4618,1350,4.1995,10.304,4.195,269.02
677,580,515,4588,1365,-70.5228,12.662,-42.341,279.76
678,581,516,4558,1367,-29.7321,8.050,-25.170,283.87
679,582,517,4528,1361,-39.7649,-2.186,-31.203,284.81
680,583,518,4499,1348,-36.5117,-14.076,-28.818,286.17
681,584,519,4471,1332,-34.9298,-16.101,-27.725,287.84
682,585,520,4444,1314,-36.3045,-17.869,-28.335,289.70
683,586,521,4418,1295,-27.2510,-19.457,-22.555,293.88
684,587,522,4393,1274,-47.2366,-20.816,-33.565,296.05
685,588,523,4370,1252,28.6925,-21.952,23.226,298.18
686,589,524,4348,1229,26.8085,-22.860,21.865,300.09
687,590,525,4328,1205,24.7159,-23.528,20.347,301.80
688,591,526,4308,1182,24.7166,-23.047,20.404,304.45
689,592,527,4288,1159,24.7108,-22.497,20.464,305.18
690,593,528,4267,1137,24.7119,-22.036,20.518,305.47
691,594,529,4248,1114,22.9539,-23.378,19.114,305.69
692,595,530,4230,1090,20.8868,-24.088,17.522,306.49
693,596,531,4212,1066,20.8754,-23.480,17.581,312.45
694,597,532,4194,1043,20.8801,-23.231,17.612,223.30
695,598,533,4176,1020,21.0963,-23.192,17.777,222.84
696,599,534,4158,998,19.9440,-21.980,17.044,110.94
697,600,535,4140,976,24.2630,-21.657,20.245,114.52
698,601,536,4122,955,13.0513,-20.822,11.643,116.53
699,602,537,4104,934,12.9379,-20.599,11.566,116.43
700,603,538,4085,915,0.1165,-18.885,0.109,114.71
701,604,539,4066,897,-0.9211,-20.107,-0.853,110.70
702,605,540,4047,880,-30.7469,-9.117,-25.753,106.78
703,606,541,4027,864,-18.2638,-7.979,-16.942,105.16
704,607,542,4007,849,-23.8923,-17.649,-20.414,110.45
705,608,543,3987,834,-22.3128,-14.085,-19.604,115.74
706,609,544,3967,820,-22.2496,0.427,-20.240,118.66
707,610,545,3947,807,-23.7647,-18.295,-20.256,123.57
708,611,546,3927,794,-22.8574,-10.342,-20.303,127.63
709,612,547,3906,783,-23.6161,-12.101,-20.723,122.49
710,613,548,3885,772,-23.3341,-8.646,-20.762,113.04
711,614,549,3864,762,-23.4113,-9.065,-20.792,103.63
712,615,550,3843,753,-23.9079,-9.213,-21.141,98.51
713,616,551,3822,745,-23.8411,-8.074,-21.162,103.39
714,617,552,3801,737,-23.8608,-7.810,-21.191,109.00
715,618,553,3780,730,-23.8615,-7.242,-21.222,112.36
716,619,554,3759,723,-23.8407,-6.451,-21.246,111.06
717,620,555,3738,718,-24.0696,-5.536,-21.450,108.54
718,621,556,3717,713,-24.0594,-4.788,-21.471,103.52
719,622,557,3696,709,-24.0693,-4.376,-21.492,102.33
720,623,558,3674,706,-24.1745,-2.948,-21.606,101.56
721,624,559,3652,704,-24.1843,-2.504,-21.622,99.64
722,625,560,3630,702,-24.1753,-1.795,-21.627,97.24
723,626,561,3608,701,-24.1922,-1.872,-21.638,92.45
724,627,562,3586,700,-24.1805,-1.007,-21.639,90.77
725,628,563,3564,700,-24.1749,0.473,-21.638,90.00
726,629,564,3542,701,-24.3248,5.363,-21.639,90.10
727,630,565,3520,702,-24.1739,-0.210,-21.638,90.35
728,631,566,3498,704,-24.1937,2.593,-21.627,91.55
729,632,567,3476,706,-24.1766,2.253,-21.621,92.41
730,633,568,3454,709,-24.1850,2.969,-21.613,93.72
731,634,569,3432,712,-24.1782,3.438,-21.597,95.36
732,635,570,3410,716,-24.1767,3.944,-21.582,97.72
733,636,571,3388,720,-24.1758,4.441,-21.566,105.93
734,637,572,3366,725,-24.1818,4.941,-21.553,113.33
735,638,573,3344,730,-24.1762,5.440,-21.530,125.49
736,639,574,3322,736,-24.1827,5.939,-21.514,145.70
737,640,575,3301,742,-24.1792,6.440,-21.489,173.62
738,641,576,3280,749,-24.1853,6.946,-21.469,215.77
739,642,577,3259,756,-24.1777,7.443,-21.438,225.76
740,643,578,3238,764,-24.1823,7.942,-21.414,232.12
741,644,579,3217,772,-24.1807,8.442,-21.384,236.23
742,645,580,3196,781,-24.1784,8.941,-21.352,239.11
743,646,581,3175,790,-24.1852,9.440,-21.325,242.73
744,647,582,3154,800,-24.1757,9.939,-21.285,243.81
745,648,583,3133,810,-24.1809,10.438,-21.254,244.73
746,649,584,3112,821,-24.1775,10.945,-21.215,245.26
747,650,585,3091,832,-24.1822,11.443,-21.181,245.63
748,651,586,3069,841,-25.3549,9.204,-22.167,245.90
749,652,587,3047,851,-25.3384,9.702,-22.123,245.92
750,653,588,3025,861,-25.3444,10.205,-22.093,246.05
751,654,589,3003,872,-25.3380,10.679,-22.055,246.14
752,655,590,2981,883,-25.3551,11.276,-22.023,246.22
753,656,591,2959,895,-25.3316,11.520,-21.988,246.41
754,657,592,2936,904,-26.5302,9.943,-22.931,246.21
755,658,593,2913,914,-26.2603,7.398,-22.899,245.18
756,659,594,2890,924,-26.5310,10.943,-22.861,242.74
757,660,595,2867,935,-26.4682,10.765,-22.831,239.55
758,661,596,2844,946,-26.4912,11.527,-22.790,233.21
759,662,597,2821,958,-26.4819,11.935,-22.752,231.06
760,663,598,2798,970,-26.4874,12.457,-22.714,230.03
761,664,599,2775,983,-26.4786,12.953,-22.667,228.08
762,665,600,2751,994,-27.7064,10.735,-23.671,222.54
763,666,601,2727,1002,-28.5584,8.377,-24.389,193.94
764,667,602,2702,1008,-29.1211,5.918,-24.879,168.87
765,668,603,2677,1009,-29.2572,0.055,-25.092,145.51
766,669,604,2652,1009,-29.2850,0.004,-25.110,130.80
767,670,605,2627,996,-29.4754,-13.249,-24.637,122.86
768,671,606,2602,983,-29.1698,-12.561,-24.496,118.18
769,672,607,2577,971,-29.2892,-12.183,-24.604,118.63
770,673,608,2552,959,-29.2635,-11.701,-24.625,119.59
771,674,609,2527,949,-29.5723,-10.301,-24.927,121.25
772,675,610,2502,939,-29.5670,-9.806,-24.957,123.72
773,676,611,2477,930,-29.5648,-9.305,-24.988,132.55
774,677,612,2452,921,-29.5654,-8.807,-25.019,140.42
775,678,613,2427,913,-29.5680,-8.307,-25.050,152.34
776,679,614,2402,905,-29.5717,-7.808,-25.080,170.22
777,680,615,2377,898,-29.5646,-7.300,-25.102,192.66
778,681,616,2352,891,-29.5626,-6.804,-25.125,229.17
779,682,617,2327,885,-29.5628,-6.304,-25.148,239.34
780,683,618,2302,879,-29.5655,-5.803,-25.171,246.06
781,684,619,2277,874,-29.5719,-5.321,-25.194,250.48
782,685,620,2252,869,-29.5637,-4.751,-25.209,253.43
783,686,621,2227,865,-29.5685,-4.447,-25.222,256.88
784,687,622,2202,861,-29.5601,-3.434,-25.245,257.72
785,688,623,2177,858,-29.5222,-3.294,-25.224,257.99
786,689,624,2152,852,-29.4623,-5.791,-25.105,254.37
787,690,625,2127,847,-27.9728,-5.077,-24.158,243.79
788,691,626,2102,842,30.3536,-4.515,25.721,191.21
789,692,627,2077,838,28.7791,-4.612,24.705,166.79
790,693,628,2052,834,29.1063,-2.125,24.978,154.11
791,694,629,2027,831,29.0602,-2.197,24.947,150.33
792,695,630,2002,828,29.1364,-2.973,24.982,149.21
793,696,631,1977,826,29.0641,-1.894,24.954,146.05
794,697,632,1952,824,29.1972,-1.839,25.041,143.24
795,698,633,1927,823,28.6659,-1.228,24.702,139.54
796,699,634,1902,822,32.5162,-0.747,27.131,135.09
797,700,635,1877,822,-19.3325,0.458,-18.023,129.90
798,701,636,1852,822,-22.4893,-0.368,-20.417,118.21
799,702,637,1827,823,41.0887,0.752,31.899,112.15
800,703,638,1802,824,0.8600,1.261,0.860,106.28
801,704,639,1777,826,-35.1632,1.760,-28.685,100.86
802,705,640,1752,829,12.0979,3.153,11.946,96.17
803,706,641,1727,833,-1.4560,3.655,-1.456,88.92
804,707,642,1702,837,-1.9020,4.153,-1.902,86.49
805,708,643,1677,842,28.4805,4.653,24.508,84.91
806,709,644,1652,848,28.7597,6.050,24.638,84.36
807,710,645,1627,855,28.6117,6.547,24.519,88.16
808,711,646,1602,862,28.7410,7.045,24.580,96.43
809,712,647,1577,870,28.5377,7.550,24.421,98.51
810,713,648,1553,879,28.3967,8.941,24.249,103.49
811,714,649,1529,889,27.8642,10.316,23.806,113.36
812,715,650,1506,901,27.0630,11.661,23.169,130.75
813,716,651,1483,913,27.0972,12.160,23.153,182.75
814,717,652,1460,926,26.9901,12.659,23.040,200.06
815,718,653,1437,939,27.4652,13.159,23.319,210.09
816,719,654,1414,953,24.2253,13.657,21.031,214.97
817,720,655,1391,967,38.6038,14.160,29.964,217.03
818,721,656,1368,982,5.4560,14.661,5.247,223.61
819,722,657,1344,995,3.6814,12.501,3.619,230.91
820,723,658,1319,1005,-28.7197,10.106,-24.386,239.38
821,724,659,1294,1016,-29.2034,10.605,-24.667,246.35
822,725,660,1269,1024,-30.0327,8.272,-25.350,249.90
823,726,661,1244,1033,-30.0713,8.765,-25.346,253.69
824,727,662,1218,1039,-30.7860,6.374,-25.923,255.40
825,728,663,1192,1046,-30.7874,6.874,-25.901,257.16
826,729,664,1166,1050,-31.3197,4.423,-26.330,259.02
827,730,665,1140,1055,-31.3187,4.923,-26.313,260.48
828,731,666,1113,1057,-31.6741,2.447,-26.597,258.62
829,732,667,1086,1060,-31.6731,2.943,-26.587,247.97
830,733,668,1059,1063,-31.6686,3.443,-26.573,237.42
831,734,669,1032,1067,-31.6766,3.942,-26.565,237.85
832,735,670,1005,1068,-31.9447,1.457,-26.777,238.68
833,736,671,978,1070,-31.9366,1.959,-26.766,241.54
834,737,672,951,1072,-31.9394,2.457,-26.760,243.29
835,738,673,924,1075,-31.9418,2.957,-26.752,245.14
836,739,674,897,1078,-31.9357,3.456,-26.737,246.85
837,740,675,870,1082,-31.9454,3.956,-26.730,248.39
838,741,676,843,1086,-31.9382,4.453,-26.711,250.28
839,742,677,816,1091,-31.9438,4.956,-26.698,250.59
840,743,678,789,1093,-32.3034,2.483,-26.982,250.43
841,744,679,762,1096,-32.3059,2.982,-26.974,249.79
842,745,680,735,1099,-32.2998,3.482,-26.959,248.60
843,746,681,708,1103,-32.3080,3.981,-26.951,240.20
844,747,682,681,1107,-32.3025,4.480,-26.933,212.45
845,748,683,654,1112,-32.3048,4.979,-26.918,106.84
846,749,684,627,1117,-32.3114,5.478,-26.904,88.58
847,750,685,600,1123,-32.2963,5.979,-26.875,84.00
848,751,686,573,1129,-32.3154,6.485,-26.865,80.96
849,752,687,546,1136,-32.2612,6.982,-26.809,80.43
850,753,688,519,1144,-32.1371,8.365,-26.661,80.22
851,754,689,493,1153,-30.3367,8.864,-25.509,79.82
852,755,690,467,1162,-37.9509,9.372,-29.964,79.04
853,756,691,441,1172,-19.1833,9.867,-17.551,77.17
854,757,692,415,1182,41.7512,10.369,31.893,76.39
855,758,693,389,1194,2.5325,11.744,2.511,75.99
856,759,694,364,1207,-47.0612,12.950,-34.240,77.55
857,760,695,339,1220,-9.0013,13.453,-8.617,80.27
858,761,696,315,1234,-10.8809,13.955,-10.285,82.86
859,762,697,292,1249,-34.0991,15.326,-27.312,81.21
860,763,698,269,1266,-26.0512,16.646,-22.033,77.81
861,764,699,247,1284,-26.4967,17.906,-22.210,72.76
862,765,700,226,1303,-22.4640,19.060,-19.233,66.56
863,766,701,207,1323,25.9651,20.120,21.606,53.10
864,767,702,189,1344,16.9896,21.048,14.844,46.90
865,768,703,174,1366,16.7120,21.862,14.544,41.80
866,769,704,160,1388,16.3713,22.362,14.224,38.43
867,770,705,147,1411,12.1289,22.861,10.702,36.79
868,771,706,137,1435,12.3390,23.770,10.805,35.77
869,772,707,131,1460,5.8440,24.537,5.185,35.09
870,773,708,129,1485,5.6828,25.157,5.018,34.18
871,774,709,131,1511,4.9911,25.612,4.396,32.83
872,775,710,136,1537,5.0632,25.529,4.462,31.22
873,776,711,144,1562,9.3510,24.872,8.203,26.99
874,777,712,154,1586,11.2830,24.373,9.874,24.34
875,778,713,166,1609,13.5127,21.368,11.983,21.33
876,779,714,180,1630,15.6142,21.127,13.732,17.95
877,780,715,195,1649,17.2764,18.984,15.271,14.35
878,781,716,212,1666,18.5495,15.953,16.563,6.30
879,782,717,230,1681,19.7371,14.519,17.618,2.05
880,783,718,248,1693,20.5646,12.403,18.432,357.65
881,784,719,267,1703,21.1009,9.938,19.023,353.26
882,785,720,286,1710,21.3674,7.454,19.376,349.00
883,786,721,306,1715,21.3927,4.948,19.509,340.96
884,787,722,325,1720,21.3863,5.445,19.485,337.33
885,788,723,344,1726,21.3855,5.952,19.463,333.98
886,789,724,363,1732,21.3838,6.451,19.439,330.98
887,790,725,382,1739,21.3883,6.950,19.418,328.36
888,791,726,401,1746,21.3831,7.450,19.388,324.12
889,792,727,420,1754,21.3891,7.949,19.365,322.49
890,793,728,439,1762,21.3879,8.448,19.335,321.10
891,794,729,458,1771,21.3859,8.947,19.303,320.13
892,795,730,477,1780,21.3914,9.448,19.275,319.47
893,796,731,496,1790,21.3859,9.954,19.237,319.38
894,797,732,515,1800,21.3907,10.451,19.206,320.81
895,798,733,534,1811,21.3880,10.950,19.168,324.10
896,799,734,553,1822,21.3885,11.450,19.131,330.07
897,800,735,573,1831,22.6708,9.260,20.239,339.54
898,801,736,594,1838,23.6692,6.959,21.098,221.66
899,802,737,616,1843,24.3888,4.551,21.714,50.03
900,803,738,638,1845,24.8119,2.093,22.074,50.45
901,804,739,660,1833,24.9646,-12.000,21.693,61.54
902,805,740,682,1822,24.7579,-11.500,21.586,68.50
903,806,741,704,1811,24.8394,-11.003,21.681,74.95
904,807,742,726,1801,24.8059,-10.497,21.694,76.53
905,808,743,748,1792,25.1506,-9.108,22.030,84.24
906,809,744,770,1783,25.1407,-8.605,22.054,222.94
907,810,745,792,1775,25.1799,-8.119,22.110,237.46
908,811,746,813,1759,23.7891,-15.534,20.548,254.38
909,812,747,834,1744,23.7650,-15.125,20.569,268.00
910,813,748,855,1729,23.7667,-14.561,20.622,275.62
911,814,749,876,1715,23.7641,-14.127,20.659,275.93
912,815,750,897,1701,23.7555,-13.519,20.706,276.62
913,816,751,918,1688,23.7709,-13.074,20.755,279.98
914,817,752,938,1673,22.3579,-14.902,19.564,283.17
915,818,753,958,1659,22.3596,-14.407,19.610,288.50
916,819,754,978,1645,22.3609,-13.908,19.655,298.15
917,820,755,998,1632,22.3563,-13.405,19.695,298.38
918,821,756,1018,1619,22.3574,-12.916,19.737,26.75
919,822,757,1038,1607,22.3601,-12.390,19.782,45.99
920,823,758,1058,1595,22.3597,-11.896,19.821,55.76
921,824,759,1078,1584,22.3643,-11.448,19.859,61.15
922,825,760,1098,1573,22.3525,-10.794,19.899,64.45
923,826,761,1118,1563,22.3970,-10.806,19.931,67.73
924,827,762,1138,1553,22.4309,-10.655,19.967,68.53
925,828,763,1158,1541,22.3590,-11.979,19.814,68.77
926,829,764,1178,1530,22.3624,-11.508,19.853,68.77
927,830,765,1198,1519,22.3590,-10.968,19.891,68.60
928,831,766,1218,1509,22.3711,-10.555,19.930,68.29
929,832,767,1238,1500,22.7209,-8.974,20.294,68.01
930,833,768,1259,1492,22.9736,-8.215,20.525,67.79
931,834,769,1280,1485,22.9299,-7.080,20.555,67.46
932,835,770,1301,1478,22.9449,-6.861,20.577,67.22
933,836,771,1322,1472,22.9216,-6.005,20.600,66.74
934,837,772,1343,1466,22.9722,-6.315,20.623,66.62
935,838,773,1364,1461,22.8217,-2.018,20.646,66.41
936,839,774,1385,1456,22.9732,-5.324,20.666,66.41
937,840,775,1406,1452,22.9029,-3.983,20.661,66.41
938,841,776,1427,1448,22.9943,-3.802,20.733,66.25
939,842,777,1448,1437,23.3889,-11.081,20.637,66.11
940,843,778,1469,1427,23.5769,-9.710,20.870,65.90
941,844,779,1490,1418,23.5622,-9.069,20.901,65.81
942,845,780,1511,1409,23.5767,-8.739,20.932,65.62
943,846,781,1532,1401,23.5783,-8.257,20.962,65.20
944,847,782,1553,1393,23.5813,-7.730,20.994,65.01
945,848,783,1574,1386,23.5747,-7.190,21.018,64.92
946,849,784,1595,1379,23.5937,-6.868,21.048,64.71
947,850,785,1616,1373,23.5511,-5.665,21.072,64.56
948,851,786,1637,1367,23.6641,-7.084,21.088,64.41
949,852,787,1658,1362,23.4506,-1.525,21.110,64.39
950,853,788,1679,1357,23.5742,-4.684,21.126,64.31
951,854,789,1700,1353,23.5768,-4.257,21.142,64.02
952,855,790,1721,1349,23.5668,-3.564,21.155,63.58
953,856,791,1742,1346,23.5981,-3.585,21.177,62.17
954,857,792,1763,1344,23.6545,-1.776,21.254,61.24
955,858,793,1784,1343,23.6626,-1.691,21.261,60.08
956,859,794,1805,1342,23.6602,-0.735,21.268,58.61
957,860,795,1826,1342,23.6567,0.361,21.267,56.87
958,861,796,1847,1342,23.6566,-0.349,21.267,52.48
959,862,797,1868,1343,23.6598,0.686,21.268,49.69
960,863,798,1889,1344,23.6551,1.190,21.261,46.40
961,864,799,1910,1346,23.6529,1.690,21.254,42.43
962,865,800,1931,1348,23.6603,2.189,21.252,37.70
963,866,801,1952,1351,23.6493,2.688,21.235,25.91
964,867,802,1973,1354,23.6604,3.187,21.232,18.92
965,868,803,1994,1358,23.6560,3.686,21.216,11.11
966,869,804,2015,1362,23.6541,4.186,21.200,2.93
967,870,805,2036,1367,23.6587,4.683,21.187,354.52
968,871,806,2057,1372,23.6537,5.189,21.165,339.10
969,872,807,2078,1378,23.6593,5.690,21.149,332.48
970,873,808,2099,1384,23.6573,6.189,21.126,326.66
971,874,809,2120,1391,23.6591,6.688,21.104,321.68
972,875,810,2141,1398,23.6576,7.187,21.078,317.52
973,876,811,2162,1406,23.6569,7.686,21.051,310.85
974,877,812,2183,1414,23.6571,8.186,21.023,308.35
975,878,813,2204,1423,23.6552,8.685,20.992,306.08
976,879,814,2225,1432,23.6574,9.192,20.962,304.33
977,880,815,2246,1442,23.6553,9.689,20.928,302.87
978,881,816,2267,1452,23.6554,10.189,20.894,300.47
979,882,817,2288,1463,23.6531,10.688,20.857,299.61
980,883,818,2309,1474,23.6610,11.187,20.826,299.01
981,884,819,2330,1486,23.6597,11.686,20.787,298.49
982,885,820,2351,1498,23.6490,12.186,20.740,298.13
983,886,821,2372,1511,23.6551,12.684,20.704,297.88
984,887,822,2393,1524,23.6633,13.186,20.668,297.86
985,888,823,2414,1535,24.3957,10.790,21.382,297.91
986,889,824,2436,1543,24.8500,8.326,21.866,297.92
987,890,825,2458,1552,24.8441,8.824,21.832,297.86
988,891,826,2480,1561,24.8467,9.329,21.802,297.89
989,892,827,2502,1571,24.8525,9.831,21.773,297.93
990,893,828,2524,1581,24.8458,10.330,21.734,297.86
991,894,829,2546,1592,24.8539,10.829,21.704,297.90
992,895,830,2568,1603,24.8483,11.328,21.663,297.89
993,896,831,2590,1615,24.8531,11.827,21.628,297.87
994,897,832,2612,1627,24.8427,12.326,21.581,297.87
995,898,833,2634,1640,24.8426,12.826,21.540,297.86
996,899,834,2656,1653,24.8753,13.325,21.521,297.91
997,900,835,2677,1667,24.7619,13.832,21.397,297.92
998,901,836,2698,1681,25.0561,14.331,21.560,297.93
999,902,837,2719,1681,24.8768,0.000,22.136,297.91
1000,903,838,2741,1681,24.8398,0.000,22.110,297.84
1001,904,839,2763,1682,24.8504,1.095,22.113,297.93
1002,905,840,2785,1684,24.8526,1.460,22.111,297.81
1003,906,841,2807,1686,24.8472,2.016,22.100,297.80
1004,907,842,2829,1689,24.8530,2.499,22.096,297.72
1005,908,843,2851,1692,24.8407,3.002,22.077,297.70
1006,909,844,2873,1696,24.8818,3.500,22.094,297.68
1007,910,845,2895,1684,25.1254,-12.002,21.806,297.66
1008,911,846,2917,1673,24.7410,-11.501,21.574,297.79
1009,912,847,2939,1662,24.8829,-10.999,21.712,297.75
1010,913,848,2961,1652,24.8431,-10.515,21.719,297.70
1011,914,849,2983,1642,24.7054,-8.375,21.761,297.60
1012,915,850,3005,1633,24.7658,-8.671,21.786,297.47
1013,916,851,3027,1624,24.8816,-9.324,21.827,297.35
1014,917,852,3049,1616,24.8372,-8.411,21.852,296.69
1015,918,853,3071,1608,24.8440,-7.991,21.881,297.55
1016,919,854,3093,1601,24.8632,-7.658,21.913,297.95
1017,920,855,3115,1594,24.8018,-6.439,21.931,295.87
1018,921,856,3137,1588,24.9567,-7.927,21.964,292.62
1019,922,857,3159,1582,24.6822,-2.186,21.981,294.44
1020,923,858,3181,1577,24.7158,-2.288,22.003,270.00
1021,924,859,3203,1572,24.7533,-2.483,22.026,270.00
1022,925,860,3225,1568,24.9298,-6.022,22.040,270.00
1023,926,861,3247,1564,24.7831,-2.005,22.055,270.00
1024,927,862,3269,1561,24.8780,-4.182,22.072,270.00
1025,928,863,3291,1558,24.8453,-3.013,22.080,270.00
1026,929,864,3313,1556,24.8531,-2.501,22.096,270.00
1027,930,865,3335,1554,24.8483,-2.002,22.101,270.00
1028,931,866,3357,1553,24.8531,-1.495,22.111,270.00
1029,932,867,3379,1552,24.8480,-0.999,22.112,270.00
1030,933,868,3401,1552,24.8426,-0.498,22.111,270.00
1031,934,869,3413,1552,12.6437,0.155,12.470,270.00
1032,935,870,3419,1553,6.1840,-0.058,6.184,270.00
1033,936,871,3422,1553,3.0940,0.023,3.094,270.00
1034,937,872,3424,1553,1.5620,-0.006,1.562,270.00
1035,938,873,3425,1553,0.7740,0.001,0.774,270.00
1036,939,874,3425,1553,0.3910,-0.000,0.391,270.00
1037,940,875,3425,1553,0.1970,0.000,0.197,270.00
1038,941,876,3425,1553,0.0990,-0.000,0.099,270.00
1039,942,877,3425,1553,0.0490,0.000,0.049,270.00
1040,943,878,3425,1553,0.0260,-0.000,0.026,270.00
1041,944,879,3425,1553,0.0180,0.000,0.018,270.00
1042,945,880,3425,1553,0.0110,-0.000,0.011,270.00
1043,946,881,3425,1553,0.0010,0.000,0.001,270.00
1044,947,882,3425,1553,-0.0000,-0.000,-0.000,270.00
1045,948,883,3425,1553,0.0000,0.000,0.000,270.00
1046,949,884,3425,1553,-0.0000,-0.000,-0.000,270.00
1047,950,885,3425,1553,0.0000,0.000,0.000,270.00
1048,951,886,3425,1553,-0.0000,-0.000,-0.000,270.00
1049,952,887,3425,1553,0.0000,0.000,0.000,270.00
1050,953,888,3425,1553,-0.0000,-0.000,-0.000,270.00
1051,954,889,3425,1553,0.0000,0.000,0.000,270.00
1052,955,890,3425,1553,-0.0000,-0.000,-0.000,270.00
1053,956,891,3425,1553,0.0000,0.000,0.000,270.00
1054,957,892,3425,1553,-0.0000,-0.000,-0.000,270.00
1055,958,893,3425,1553,0.0000,0.000,0.000,270.00
1056,959,894,3425,1553,-0.0000,-0.000,-0.000,270.00
1057,960,895,3425,1553,0.0000,-0.000,0.000,270.00
1058,961,896,3425,1553,-0.0000,-0.000,-0.000,270.00
1059,962,897,3425,1553,0.0000,-0.000,0.000,270.00
1060,963,898,3425,1553,-0.0000,-0.000,-0.000,270.00
1061,964,899,3425,1553,0.0000,-0.000,0.000,270.00
1062,965,900,3425,1553,0.0000,-0.000,0.000,270.00
1063,966,901,3425,1553,0.0000,-0.000,0.000,270.00
1064,967,902,3425,1553,0.0000,-0.000,0.000,270.00
1065,968,903,3425,1553,0.0000,-0.000,0.000,270.00
1066,969,904,3425,1553,0.0000,-0.000,0.000,270.00
1067,970,905,3425,1553,0.0000,-0.000,0.000,270.00
1068,971,906,3425,1553,0.0000,-0.000,0.000,270.00
1069,972,907,3425,1553,0.0000,-0.000,0.000,270.00
1070,973,908,3425,1553,-0.0000,-0.000,-0.000,270.00
1071,974,909,3425,1553,-0.0000,0.000,-0.000,270.00
1072,975,910,3425,1553,0.0000,0.000,0.000,270.00
1073,976,911,3425,1553,0.0000,0.000,0.000,270.00
1074,977,912,3425,1553,-0.0000,-0.000,-0.000,270.00
1075,978,913,3425,1553,0.0000,-0.000,0.000,270.00
1076,979,914,3425,1553,0.0000,-0.000,0.000,270.00
1077,980,915,3425,1553,0.0000,0.000,0.000,270.00
1078,981,916,3425,1553,0.0000,0.000,0.000,270.00
1079,982,917,3425,1553,0.0000,-0.000,0.000,270.00
1080,983,918,3425,1553,-0.0000,-0.000,-0.000,270.00
1081,984,919,3425,1553,0.0000,0.000,0.000,270.00
1082,985,920,3425,1553,0.0000,0.000,0.000,270.00
1083,986,921,3425,1553,0.0000,0.000,0.000,270.00
1084,987,922,3425,1553,-0.0000,0.000,-0.000,270.00
1085,988,923,3425,1553,-0.0000,0.000,-0.000,270.00
1086,989,924,3425,1553,0.0000,0.000,0.000,270.00
1087,990,925,3425,1553,-0.0000,0.000,-0.000,270.00
1088,991,926,3425,1553,-0.0000,0.000,-0.000,270.00
1089,992,927,3425,1553,-0.0000,0.000,-0.000,270.00
1090,993,928,3425,1553,-0.0000,0.000,-0.000,270.00
1091,994,929,3425,1553,-0.0000,0.000,-0.000,270.00
1092,995,930,3425,1553,-0.0000,0.000,-0.000,270.00
1093,996,931,3425,1553,-0.0000,0.000,-0.000,270.00
1094,997,932,3425,1553,-0.0000,0.000,-0.000,270.00
1095,998,933,3425,1553,-0.0000,0.000,-0.000,270.00
1096,999,934,3425,1553,-0.0000,0.000,-0.000,270.00
1097,1000,935,3425,1553,-0.0000,0.000,-0.000,270.00
1098,1001,936,3425,1553,-0.0000,0.000,-0.000,270.00
1099,1002,937,3425,1553,-0.0000,0.000,-0.000,270.00
1100,1003,938,3425,1553,-0.0000,0.000,-0.000,270.00
1101,1004,939,3425,1553,-0.0000,0.000,-0.000,270.00
1102,1005,940,3425,1553,-0.0000,0.000,-0.000,270.00
1103,1006,941,3425,1553,-0.0000,0.000,-0.000,270.00
1104,1007,942,3425,1553,-0.0000,0.000,-0.000,270.00
1105,1008,943,3425,1553,-0.0000,0.000,-0.000,270.00
1106,1009,944,3425,1553,-0.0000,0.000,-0.000,270.00
1107,1010,945,3425,1553,-0.0000,-0.000,-0.000,270.00
1108,1011,946,3425,1553,-0.0000,0.000,-0.000,270.00
1109,1012,947,3425,1553,-0.0000,0.000,-0.000,270.00
1110,1013,948,3425,1553,-0.0000,0.000,-0.000,270.00
1111,1014,949,3425,1553,-0.0000,-0.000,-0.000,270.00
1112,1015,950,3425,1553,-0.0000,-0.000,-0.000,270.00
1113,1016,951,3425,1553,-0.0000,-0.000,-0.000,270.00
1114,1017,952,3425,1553,-0.0000,-0.000,-0.000,270.00
1115,1018,953,3425,1553,-0.0000,-0.000,-0.000,270.00
1116,1019,954,3425,1553,-0.0000,-0.000,-0.000,270.00
1117,1020,955,3425,1553,-0.0000,-0.000,-0.000,270.00
1118,1021,956,3425,1553,-0.0000,-0.000,-0.000,270.00
1119,1022,957,3425,1553,0.0000,-0.000,0.000,270.00
1120,1023,958,3425,1553,-0.0000,-0.000,-0.000,270.00
1121,1024,959,3425,1553,0.0000,-0.000,0.000,270.00
1122,1025,960,3425,1553,0.0000,-0.000,0.000,270.00
1123,1026,961,3425,1553,0.0000,-0.000,0.000,270.00
1124,1027,962,3425,1553,0.0000,-0.000,0.000,270.00
1125,1028,963,3425,1553,-0.0000,-0.000,-0.000,270.00
1126,1029,964,3425,1553,0.0000,-0.000,0.000,270.00
1127,1030,965,3425,1553,0.0000,-0.000,0.000,270.00
1128,1031,966,3425,1553,0.0000,-0.000,0.000,270.00
1129,1032,967,3425,1553,0.0000,-0.000,0.000,270.00
1130,1033,968,3425,1553,-0.0000,-0.000,-0.000,270.00
1131,1034,969,3425,1553,0.0000,-0.000,0.000,270.00
1132,1035,970,3425,1553,0.0000,-0.000,0.000,270.00
1133,1036,971,3425,1553,0.0000,-0.000,0.000,270.00
1134,1037,972,3425,1553,-0.0000,-0.000,-0.000,270.00
1135,1038,973,3425,1553,-0.0000,-0.000,-0.000,270.00
1136,1039,974,3425,1553,-0.0000,-0.000,-0.000,270.00
1137,1040,975,3425,1553,0.0000,-0.000,0.000,270.00
1138,1041,976,3425,1553,-0.0000,-0.000,-0.000,270.00
1139,1042,977,3425,1553,-0.0000,-0.000,-0.000,270.00
1140,1043,978,3425,1553,-0.0000,-0.000,-0.000,270.00
1141,1044,979,3425,1553,0.0000,-0.000,0.000,270.00
1142,1045,980,3425,1553,0.0000,-0.000,0.000,270.00
1143,1046,981,3425,1553,0.0000,-0.000,0.000,270.00
1144,1047,982,3425,1553,0.0000,-0.000,0.000,270.00
1145,1048,983,3425,1553,0.0000,-0.000,0.000,270.00
1146,1049,984,3425,1553,0.0000,-0.000,0.000,270.00
1147,1050,985,3425,1553,0.0000,-0.000,0.000,270.00
1148,1051,986,3425,1553,0.0000,-0.000,0.000,270.00
1149,1052,987,3425,1553,0.0000,-0.000,0.000,270.00
1150,1053,988,3425,1553,0.0000,-0.000,0.000,270.00
1151,1054,989,3425,1553,0.0000,-0.000,0.000,270.00
1152,1055,990,3425,1553,0.0000,-0.000,0.000,270.00
1153,1056,991,3425,1553,0.0000,-0.000,0.000,270.00
1154,1057,992,3425,1553,0.0000,-0.000,0.000,270.00
1155,1058,993,3425,1553,0.0000,-0.000,0.000,270.00
1156,1059,994,3425,1553,0.0000,-0.000,0.000,270.00
1157,1060,995,3425,1553,0.0000,-0.000,0.000,270.00
1158,1061,996,3425,1553,0.0000,-0.000,0.000,270.00
1159,1062,997,3425,1553,0.0000,0.000,0.000,270.00
1160,1063,998,3425,1553,0.0000,-0.000,0.000,270.00
1161,1064,999,3425,1553,0.0000,-0.000,0.000,270.00
1162,1065,1000,3425,1553,0.0000,-0.000,0.000,270.00
1163,1066,1001,3425,1553,0.0000,-0.000,0.000,270.00
1164,1067,1002,3425,1553,-0.0000,-0.000,-0.000,270.00
1165,1068,1003,3425,1553,-0.0000,-0.000,-0.000,270.00
1166,1069,1004,3425,1553,-0.0000,-0.000,-0.000,270.00
1167,1070,1005,3425,1553,0.0000,-0.000,0.000,270.00
1168,1071,1006,3425,1553,0.0000,-0.000,0.000,270.00
1169,1072,1007,3425,1553,0.0000,-0.000,0.000,270.00
1170,1073,1008,3425,1553,-0.0000,-0.000,-0.000,270.00
1171,1074,1009,3425,1553,0.0000,-0.000,0.000,270.00
1172,1075,1010,3425,1553,0.0000,-0.000,0.000,270.00
1173,1076,1011,3425,1553,0.0000,-0.000,0.000,270.00
1174,1077,1012,3425,1553,0.0000,-0.000,0.000,270.00
1175,1078,1013,3425,1553,0.0000,-0.000,0.000,270.00
1176,1079,1014,3425,1553,0.0000,-0.000,0.000,270.00
1177,1080,1015,3425,1553,0.0000,-0.000,0.000,270.00
1178,1081,1016,3425,1553,0.0000,-0.000,0.000,270.00
1179,1082,1017,3425,1553,0.0000,-0.000,0.000,270.00
1180,1083,1018,3425,1553,0.0000,-0.000,0.000,270.00
1181,1084,1019,3425,1553,0.0000,-0.000,0.000,270.00
1182,1085,1020,3425,1553,0.0000,-0.000,0.000,270.00
1183,1086,1021,3425,1553,0.0000,-0.000,0.000,270.00
1184,1087,1022,3425,1553,0.0000,-0.000,0.000,270.00
1185,1088,1023,3425,1553,-0.0000,-0.000,-0.000,270.00
1186,1089,1024,3425,1553,0.0000,-0.000,0.000,270.00
1187,1090,1025,3425,1553,0.0000,-0.000,0.000,270.00
1188,1091,1026,3425,1553,0.0000,-0.000,0.000,270.00
1189,1092,1027,3425,1553,-0.0000,-0.000,-0.000,270.00
1190,1093,1028,3425,1553,-0.0000,-0.000,-0.000,270.00
1191,1094,1029,3425,1553,-0.0000,-0.000,-0.000,270.00
1192,1095,1030,3425,1553,-0.0000,-0.000,-0.000,270.00
1193,1096,1031,3425,1553,0.0000,-0.000,0.000,270.00
1194,1097,1032,3425,1553,-0.0000,-0.000,-0.000,270.00
