frame,video_s,s_since_start,angle_deg,tx,ty,ncc,second_peak_ncc,visible_frac,certainty,input_pos,input_line,actual_angle_deg,line_angle_deg,next_line_angle_deg,tick_change_deg,error_deg
0,0.0000,-1.3830,73.9,277,961,-0.015,-0.015,0.948,0.00,-0.160,1,-118.1,-118.1,-118.1,0.0,-168.0
1,0.0167,-1.3663,73.9,277,961,-0.015,-0.015,0.948,0.00,0.673,1,-118.1,-118.1,-118.1,0.0,-168.0
2,0.0333,-1.3497,13.5,972,233,0.034,0.021,0.803,0.00,1.507,2,-118.1,-118.1,-118.1,0.0,131.6
3,0.0500,-1.3330,64.3,434,901,0.106,0.075,0.923,0.00,2.340,3,-118.1,-118.1,-118.1,0.0,-177.6
4,0.0667,-1.3163,84.4,98,995,0.110,0.098,0.957,0.00,3.173,4,-118.1,-118.1,-118.1,0.0,-157.5
5,0.0833,-1.2997,69.6,349,937,0.324,0.308,0.939,0.00,4.007,5,-118.1,-118.1,-118.1,0.0,-172.3
6,0.1000,-1.2830,80.2,170,985,0.325,0.189,0.955,0.00,4.840,5,-118.1,-118.1,-118.1,0.0,-161.7
7,0.1167,-1.2663,97.0,-122,993,0.190,0.162,0.960,0.00,5.673,6,-118.1,-118.1,-118.1,0.0,-144.9
8,0.1333,-1.2497,93.0,-52,999,0.127,0.124,0.961,0.00,6.507,7,-118.1,-118.1,-118.1,0.0,-148.9
9,0.1500,-1.2330,-107.3,-297,-955,0.428,0.131,0.403,0.17,7.340,8,-118.1,-118.1,-118.1,0.0,10.8
10,0.1667,-1.2163,-109.3,-331,-944,0.515,0.084,0.418,0.37,8.173,9,-121.0,-118.1,-135.0,16.9,11.7
11,0.1833,-1.1997,-124.3,-564,-826,0.546,0.069,0.494,0.44,9.007,10,-135.0,-135.0,-135.0,0.0,10.7
12,0.2000,-1.1830,-121.5,-522,-853,0.349,0.087,0.458,0.00,9.840,10,-135.0,-135.0,-135.0,0.0,13.5
13,0.2167,-1.1663,-120.8,-512,-859,0.334,0.055,0.449,0.00,10.673,11,-135.0,-135.0,-135.0,0.0,14.2
14,0.2333,-1.1497,-120.8,-512,-859,0.286,0.055,0.449,0.00,11.507,12,-137.9,-135.0,-140.6,5.6,17.1
15,0.2500,-1.1330,-123.6,-553,-833,0.186,0.159,0.482,0.00,12.340,13,-140.6,-140.6,-140.6,0.0,17.0
16,0.2667,-1.1163,-123.7,-555,-832,0.145,0.054,0.487,0.00,13.173,14,-140.6,-140.6,-140.6,0.0,16.9
17,0.2833,-1.0997,-123.6,-553,-833,0.164,0.054,0.482,0.00,14.007,15,-141.8,-140.6,39.7,179.7,18.2
18,0.3000,-1.0830,22.2,926,378,0.378,0.123,0.795,0.05,14.840,15,68.4,-140.6,39.7,179.7,-46.2
19,0.3167,-1.0663,22.7,923,386,0.381,0.172,0.796,0.05,15.673,16,39.7,39.7,39.7,0.0,-17.0
20,0.3333,-1.0497,23.5,917,399,0.379,0.151,0.794,0.05,16.507,17,39.7,39.7,39.7,0.0,-16.2
21,0.3500,-1.0330,24.3,911,412,0.356,0.133,0.795,0.01,17.340,18,39.7,39.7,39.7,0.0,-15.4
22,0.3667,-1.0163,25.2,905,426,0.288,0.128,0.796,0.00,18.173,19,39.7,39.7,39.7,0.0,-14.5
23,0.3833,-0.9997,39.7,769,639,0.983,0.160,0.819,1.00,19.007,20,39.7,39.7,39.7,0.0,0.0
24,0.4000,-0.9830,39.7,769,639,0.989,0.222,0.819,1.00,19.840,20,39.7,39.7,39.7,0.0,0.0
25,0.4167,-0.9663,39.7,769,639,0.988,0.121,0.819,1.00,20.673,21,39.7,39.7,39.7,0.0,0.0
26,0.4333,-0.9497,39.5,772,636,0.990,0.103,0.818,1.00,21.507,22,39.5,39.7,39.4,0.3,-0.0
27,0.4500,-0.9330,22.9,921,389,0.988,0.110,0.797,1.00,22.340,23,22.2,39.4,-11.1,50.5,0.7
28,0.4667,-0.9163,-11.5,980,-199,0.923,0.088,0.835,1.00,23.173,24,-11.1,-11.1,-11.1,0.0,-0.4
29,0.4833,-0.8997,-11.5,980,-199,0.926,0.089,0.835,1.00,24.007,25,-11.1,-11.1,-11.2,0.1,-0.4
30,0.5000,-0.8830,-11.6,980,-201,0.935,0.088,0.834,1.00,24.840,25,-11.2,-11.1,-11.2,0.1,-0.4
31,0.5167,-0.8663,57.1,543,840,0.988,0.138,0.895,1.00,25.673,26,53.3,-11.2,84.6,95.9,3.8
32,0.5333,-0.8497,85.1,85,996,0.985,0.233,0.958,1.00,26.507,27,84.6,84.6,84.6,0.0,0.5
33,0.5500,-0.8330,85.1,85,996,0.985,0.222,0.958,1.00,27.340,28,84.6,84.6,84.6,0.0,0.5
34,0.5667,-0.8163,85.1,85,996,0.983,0.237,0.958,1.00,28.173,29,84.6,84.6,84.6,0.0,0.5
35,0.5833,-0.7997,85.1,85,996,0.985,0.213,0.958,1.00,29.007,30,84.6,84.6,84.6,0.0,0.5
36,0.6000,-0.7830,85.1,85,996,0.985,0.196,0.958,1.00,29.840,30,84.6,84.6,84.6,0.0,0.5
37,0.6167,-0.7663,85.1,85,996,0.985,0.166,0.958,1.00,30.673,31,84.6,84.6,84.6,0.0,0.5
38,0.6333,-0.7497,85.1,85,996,0.985,0.223,0.958,1.00,31.507,32,84.6,84.6,84.6,0.0,0.5
39,0.6500,-0.7330,85.0,87,996,0.988,0.215,0.957,1.00,32.340,33,84.5,84.6,84.4,0.2,0.5
40,0.6667,-0.7163,73.4,286,958,0.988,0.206,0.947,1.00,33.173,34,68.8,84.4,-5.6,90.0,4.6
41,0.6833,-0.6997,-6.0,995,-105,0.974,0.101,0.838,1.00,34.007,35,-5.6,-5.6,-5.6,0.0,-0.4
42,0.7000,-0.6830,-6.0,995,-105,0.976,0.101,0.838,1.00,34.840,35,-5.6,-5.6,-5.6,0.0,-0.4
43,0.7167,-0.6663,-6.0,995,-105,0.987,0.100,0.838,1.00,35.673,36,-5.6,-5.6,-5.6,0.0,-0.4
44,0.7333,-0.6497,-17.3,955,-297,0.980,0.150,0.822,1.00,36.507,37,-17.0,-5.6,-28.1,22.5,-0.3
45,0.7500,-0.6330,-28.5,879,-477,0.979,0.157,0.779,1.00,37.340,38,-28.1,-28.1,-28.1,0.0,-0.4
46,0.7667,-0.6163,-26.7,893,-449,0.982,0.102,0.787,1.00,38.173,39,-26.2,-28.1,-17.1,11.0,-0.5
47,0.7833,-0.5997,-17.5,954,-301,0.976,0.132,0.820,1.00,39.007,40,-17.2,-17.1,-28.1,11.0,-0.3
48,0.8000,-0.5830,-26.7,893,-449,0.982,0.146,0.787,1.00,39.840,40,-26.3,-17.1,-28.1,11.0,-0.4
49,0.8167,-0.5663,-13.6,972,-235,0.965,0.105,0.830,1.00,40.673,41,-13.0,-28.1,-5.6,22.5,-0.6
50,0.8333,-0.5497,-6.0,995,-105,0.972,0.105,0.838,1.00,41.507,42,-5.6,-5.6,-5.6,0.0,-0.4
51,0.8500,-0.5330,-6.0,995,-105,0.975,0.107,0.838,1.00,42.340,43,-5.6,-5.6,-5.6,0.0,-0.4
52,0.8667,-0.5163,-6.0,995,-105,0.988,0.104,0.838,1.00,43.173,44,-5.6,-5.6,-5.6,0.0,-0.4
53,0.8833,-0.4997,-6.0,995,-105,0.988,0.105,0.838,1.00,44.007,45,-5.9,-5.6,-40.0,34.4,-0.1
54,0.9000,-0.4830,-34.9,820,-572,0.961,0.161,0.748,1.00,44.840,45,-34.5,-5.6,-40.0,34.4,-0.4
55,0.9167,-0.4663,-40.5,760,-649,0.961,0.167,0.720,1.00,45.673,46,-40.0,-40.0,-40.0,0.0,-0.5
56,0.9333,-0.4497,-40.5,760,-649,0.962,0.155,0.720,1.00,46.507,47,-40.0,-40.0,-40.0,0.0,-0.5
57,0.9500,-0.4330,-40.5,760,-649,0.964,0.170,0.720,1.00,47.340,48,-40.0,-40.0,-40.0,0.0,-0.5
58,0.9667,-0.4163,-40.4,762,-648,0.971,0.165,0.722,1.00,48.173,49,-39.9,-40.0,-39.4,0.7,-0.5
59,0.9833,-0.3997,-39.9,767,-641,0.967,0.165,0.723,1.00,49.007,50,-40.1,-39.4,-151.9,112.5,0.2
60,1.0000,-0.3830,-140.8,-775,-632,0.930,0.114,0.718,1.00,49.840,50,-133.9,-39.4,-151.9,112.5,-6.9
61,1.0167,-0.3663,-152.0,-883,-469,0.927,0.114,0.782,1.00,50.673,51,-151.9,-151.9,-151.9,0.0,-0.1
62,1.0333,-0.3497,-90.6,-10,-1000,0.929,0.197,0.402,1.00,51.507,52,-89.3,-151.9,-28.4,123.5,-1.3
63,1.0500,-0.3330,-28.8,876,-482,0.971,0.189,0.779,1.00,52.340,53,-28.4,-28.4,-28.4,0.0,-0.4
64,1.0667,-0.3163,-28.8,876,-482,0.971,0.200,0.779,1.00,53.173,54,-28.4,-28.4,-28.4,0.0,-0.4
65,1.0833,-0.2997,-28.8,876,-482,0.968,0.178,0.779,1.00,54.007,55,-28.4,-28.4,-28.4,0.0,-0.4
66,1.1000,-0.2830,-28.8,876,-482,0.971,0.176,0.779,1.00,54.840,55,-28.4,-28.4,-28.4,0.0,-0.4
67,1.1167,-0.2663,-28.8,876,-482,0.974,0.171,0.779,1.00,55.673,56,-28.4,-28.4,-28.4,0.0,-0.4
68,1.1333,-0.2497,-28.8,876,-482,0.971,0.182,0.779,1.00,56.507,57,-28.4,-28.4,-28.4,0.0,-0.4
69,1.1500,-0.2330,-28.8,876,-482,0.975,0.177,0.779,1.00,57.340,58,-28.4,-28.4,-28.4,0.0,-0.4
70,1.1667,-0.2163,-28.8,876,-482,0.975,0.175,0.779,1.00,58.173,59,-28.4,-28.4,-28.4,0.0,-0.4
71,1.1833,-0.1997,-28.8,876,-482,0.974,0.154,0.779,1.00,59.007,60,-28.4,-28.4,-28.4,0.0,-0.4
72,1.2000,-0.1830,-28.8,876,-482,0.978,0.145,0.779,1.00,59.840,60,-28.4,-28.4,-28.4,0.0,-0.4
73,1.2167,-0.1663,-28.8,876,-482,0.981,0.152,0.779,1.00,60.673,61,-28.4,-28.4,-28.4,0.0,-0.4
74,1.2333,-0.1497,-28.8,876,-482,0.981,0.132,0.779,1.00,61.507,62,-28.4,-28.4,-28.4,0.0,-0.4
75,1.2500,-0.1330,-28.8,876,-482,0.981,0.112,0.779,1.00,62.340,63,-28.4,-28.4,-28.4,0.0,-0.4
76,1.2667,-0.1163,-28.8,876,-482,0.981,0.159,0.779,1.00,63.173,64,-28.4,-28.4,-28.4,0.0,-0.4
77,1.2833,-0.0997,-28.8,876,-482,0.981,0.185,0.779,1.00,64.007,65,-28.4,-28.4,-28.4,0.0,-0.4
78,1.3000,-0.0830,-28.8,876,-482,0.981,0.210,0.779,1.00,64.840,65,-28.4,-28.4,-28.4,0.0,-0.4
79,1.3167,-0.0663,-28.8,876,-482,0.981,0.239,0.779,1.00,65.673,66,-28.4,-28.4,-28.4,0.0,-0.4
80,1.3333,-0.0497,-28.8,876,-482,0.981,0.226,0.779,1.00,66.507,67,-28.4,-28.4,-28.4,0.0,-0.4
81,1.3500,-0.0330,-28.8,876,-482,0.980,0.221,0.779,1.00,67.340,68,-28.4,-28.4,-28.4,0.0,-0.4
82,1.3667,-0.0163,-28.8,876,-482,0.978,0.227,0.779,1.00,68.173,69,-28.3,-28.4,-28.1,0.3,-0.5
83,1.3833,0.0003,-28.5,879,-477,0.941,0.191,0.779,1.00,69.007,70,-28.1,-28.1,-28.1,0.0,-0.4
84,1.4000,0.0170,-28.5,879,-477,0.973,0.171,0.779,1.00,69.840,70,-28.1,-28.1,-28.1,0.0,-0.4
85,1.4167,0.0337,-28.5,879,-477,0.981,0.289,0.779,1.00,70.673,71,-28.1,-28.1,-28.1,0.0,-0.4
86,1.4333,0.0503,-28.5,879,-477,0.981,0.216,0.779,1.00,71.507,72,-28.1,-28.1,-28.1,0.0,-0.4
87,1.4500,0.0670,-51.3,625,-780,0.948,0.202,0.647,1.00,72.340,73,-79.7,-28.1,180.0,151.9,28.4
88,1.4667,0.0837,-180.0,-1000,0,0.916,0.164,0.860,1.00,73.173,74,-180.0,180.0,180.0,0.0,0.0
89,1.4833,0.1003,-180.0,-1000,0,0.916,0.262,0.860,1.00,74.007,75,-179.5,180.0,-101.2,78.8,-0.5
90,1.5000,0.1170,-112.4,-381,-925,0.913,0.259,0.442,1.00,74.840,75,-113.8,180.0,-101.2,78.8,1.4
91,1.5167,0.1337,-101.7,-203,-979,0.748,0.353,0.356,0.88,75.673,76,-101.2,-101.2,-101.2,0.0,-0.5
92,1.5333,0.1503,-101.7,-203,-979,0.876,0.280,0.356,1.00,76.507,77,-101.2,-101.2,-101.2,0.0,-0.5
93,1.5500,0.1670,-98.0,-139,-990,0.377,0.335,0.334,0.01,77.340,78,-97.4,-101.2,-90.0,11.2,-0.6
94,1.5667,0.1837,-90.6,-10,-1000,0.382,0.246,0.402,0.03,78.173,79,-90.0,-90.0,-90.0,0.0,-0.6
95,1.5833,0.2003,-90.6,-10,-1000,0.855,0.261,0.402,1.00,79.007,80,-90.0,-90.0,-84.4,5.6,-0.6
96,1.6000,0.2170,-85.7,75,-997,0.930,0.242,0.369,1.00,79.840,80,-85.3,-90.0,-84.4,5.6,-0.4
97,1.6167,0.2337,-84.7,92,-996,0.938,0.322,0.376,1.00,80.673,81,-84.4,-84.4,-84.4,0.0,-0.3
98,1.6333,0.2503,-20.1,939,-344,0.695,0.215,0.810,0.77,81.507,82,-18.8,-84.4,45.0,129.4,-1.3
99,1.6500,0.2670,45.1,706,708,0.916,0.335,0.838,1.00,82.340,83,45.0,45.0,45.0,0.0,0.1
100,1.6667,0.2837,45.1,706,708,0.979,0.113,0.838,1.00,83.173,84,45.0,45.0,45.0,0.0,0.1
101,1.6833,0.3003,45.1,706,708,0.989,0.113,0.838,1.00,84.007,85,45.0,45.0,45.0,0.0,0.1
102,1.7000,0.3170,45.1,706,708,0.988,0.135,0.838,1.00,84.840,85,45.0,45.0,45.0,0.0,0.1
103,1.7167,0.3337,45.1,706,708,0.989,0.113,0.838,1.00,85.673,86,45.0,45.0,45.0,0.0,0.1
104,1.7333,0.3503,45.1,706,708,0.991,0.113,0.838,1.00,86.507,87,45.0,45.0,45.0,0.0,0.1
105,1.7500,0.3670,54.5,581,814,0.988,0.147,0.883,1.00,87.340,88,54.6,45.0,73.1,28.1,-0.1
106,1.7667,0.3837,73.5,284,959,0.986,0.209,0.948,1.00,88.173,89,73.1,73.1,73.1,0.0,0.4
107,1.7833,0.4003,73.5,284,959,0.984,0.192,0.948,1.00,89.007,90,73.1,73.1,73.1,0.0,0.4
108,1.8000,0.4170,73.5,284,959,0.986,0.186,0.948,1.00,89.840,90,73.1,73.1,73.1,0.0,0.4
109,1.8167,0.4337,73.5,284,959,0.986,0.181,0.948,1.00,90.673,91,73.1,73.1,73.1,0.0,0.4
110,1.8333,0.4503,73.5,284,959,0.988,0.149,0.948,1.00,91.507,92,73.1,73.1,73.1,0.0,0.4
111,1.8500,0.4670,73.5,284,959,0.989,0.200,0.948,1.00,92.340,93,73.1,73.1,73.1,0.0,0.4
112,1.8667,0.4837,61.9,471,882,0.989,0.148,0.915,1.00,93.173,94,54.6,73.1,-33.8,106.9,7.3
113,1.8833,0.5003,-34.2,827,-562,0.960,0.217,0.751,1.00,94.007,95,-33.8,-33.8,-33.8,0.0,-0.4
114,1.9000,0.5170,-34.3,826,-564,0.960,0.209,0.751,1.00,94.840,95,-33.8,-33.8,-33.8,0.0,-0.5
115,1.9167,0.5337,-34.2,827,-562,0.960,0.189,0.751,1.00,95.673,96,-33.8,-33.8,-33.8,0.0,-0.4
116,1.9333,0.5503,-34.2,827,-562,0.972,0.192,0.751,1.00,96.507,97,-33.8,-33.8,-33.8,0.0,-0.4
117,1.9500,0.5670,-11.3,981,-196,0.986,0.181,0.835,1.00,97.340,98,17.9,-33.8,118.1,151.9,-29.2
118,1.9667,0.5837,118.5,-477,879,0.907,0.154,0.931,1.00,98.173,99,118.1,118.1,118.1,0.0,0.4
119,1.9833,0.6003,118.5,-477,879,0.906,0.156,0.931,1.00,99.007,100,117.8,118.1,73.1,45.0,0.7
120,2.0000,0.6170,80.7,162,987,0.983,0.257,0.956,1.00,99.840,100,80.3,118.1,73.1,45.0,0.4
121,2.0167,0.6337,73.5,284,959,0.984,0.221,0.948,1.00,100.673,101,73.1,73.1,73.1,0.0,0.4
122,2.0333,0.6503,73.5,284,959,0.982,0.195,0.948,1.00,101.507,102,73.1,73.1,73.1,0.0,0.4
123,2.0500,0.6670,73.5,284,959,0.987,0.187,0.948,1.00,102.340,103,73.1,73.1,73.1,0.0,0.4
124,2.0667,0.6837,73.5,284,959,0.987,0.126,0.948,1.00,103.173,104,73.1,73.1,73.1,0.0,0.4
125,2.0833,0.7003,73.5,284,959,0.988,0.126,0.948,1.00,104.007,105,73.1,73.1,73.1,0.0,0.4
126,2.1000,0.7170,73.5,284,959,0.989,0.217,0.948,1.00,104.840,105,73.1,73.1,73.1,0.0,0.4
127,2.1167,0.7337,-10.0,985,-174,0.986,0.147,0.837,1.00,105.673,106,-2.6,73.1,-39.4,112.5,-7.4
128,2.1333,0.7503,-39.9,767,-641,0.958,0.204,0.723,1.00,106.507,107,-39.4,-39.4,-39.4,0.0,-0.5
129,2.1500,0.7670,-39.9,767,-641,0.965,0.181,0.723,1.00,107.340,108,-39.4,-39.4,-39.4,0.0,-0.5
130,2.1667,0.7837,-28.5,879,-477,0.979,0.188,0.779,1.00,108.173,109,-23.8,-39.4,50.6,90.0,-4.7
131,2.1833,0.8003,50.8,632,775,0.987,0.123,0.864,1.00,109.007,110,50.6,50.6,50.6,0.0,0.2
132,2.2000,0.8170,50.8,632,775,0.986,0.122,0.864,1.00,109.840,110,50.6,50.6,50.6,0.0,0.2
133,2.2167,0.8337,50.8,632,775,0.988,0.121,0.864,1.00,110.673,111,50.6,50.6,50.6,0.0,0.2
134,2.2333,0.8503,50.8,632,775,0.990,0.121,0.864,1.00,111.507,112,50.6,50.6,50.6,0.0,0.2
135,2.2500,0.8670,29.4,871,491,0.990,0.159,0.804,1.00,112.340,113,27.7,50.6,-16.9,67.5,1.7
136,2.2667,0.8837,-17.3,955,-297,0.978,0.159,0.822,1.00,113.173,114,-16.9,-16.9,-16.9,0.0,-0.4
137,2.2833,0.9003,-17.3,955,-297,0.978,0.166,0.822,1.00,114.007,115,-16.9,-16.9,-16.9,0.0,-0.4
138,2.3000,0.9170,-17.3,955,-297,0.979,0.172,0.822,1.00,114.840,115,-16.9,-16.9,-16.9,0.0,-0.4
139,2.3167,0.9337,-17.3,955,-297,0.979,0.165,0.822,1.00,115.673,116,-16.9,-16.9,-16.9,0.0,-0.4
140,2.3333,0.9503,-17.3,955,-297,0.979,0.173,0.822,1.00,116.507,117,-16.9,-16.9,-16.9,0.0,-0.4
141,2.3500,0.9670,-17.3,955,-297,0.980,0.220,0.822,1.00,117.340,118,-16.9,-16.9,-16.9,0.0,-0.4
142,2.3667,0.9837,-17.3,955,-297,0.982,0.201,0.822,1.00,118.173,119,-16.9,-16.9,-16.9,0.0,-0.4
143,2.3833,1.0003,-17.3,955,-297,0.983,0.229,0.822,1.00,119.007,120,-16.9,-16.9,-16.9,0.0,-0.4
144,2.4000,1.0170,-17.3,955,-297,0.983,0.299,0.822,1.00,119.840,120,-16.9,-16.9,-16.9,0.0,-0.4
145,2.4167,1.0337,-17.3,955,-297,0.987,0.180,0.822,1.00,120.673,121,-16.9,-16.9,-16.9,0.0,-0.4
146,2.4333,1.0503,-17.3,955,-297,0.989,0.247,0.822,1.00,121.507,122,-16.9,-16.9,-16.9,0.0,-0.4
147,2.4500,1.0670,-17.3,955,-297,0.989,0.252,0.822,1.00,122.340,123,-16.9,-16.9,-16.9,0.0,-0.4
148,2.4667,1.0837,-17.3,955,-297,0.989,0.164,0.822,1.00,123.173,124,-16.9,-16.9,-16.9,0.0,-0.4
149,2.4833,1.1003,-17.3,955,-297,0.989,0.241,0.822,1.00,124.007,125,-16.9,-16.9,-16.9,0.0,-0.4
150,2.5000,1.1170,-17.3,955,-297,0.989,0.211,0.822,1.00,124.840,125,-16.9,-16.9,-16.9,0.0,-0.4
151,2.5167,1.1337,-17.3,955,-297,0.989,0.156,0.822,1.00,125.673,126,-16.9,-16.9,-16.9,0.0,-0.4
152,2.5333,1.1503,-17.3,955,-297,0.989,0.146,0.822,1.00,126.507,127,-16.9,-16.9,-16.9,0.0,-0.4
153,2.5500,1.1670,-17.3,955,-297,0.989,0.160,0.822,1.00,127.340,128,-16.9,-16.9,-16.9,0.0,-0.4
154,2.5667,1.1837,-17.3,955,-297,0.989,0.167,0.822,1.00,128.173,129,-16.9,-16.9,-16.9,0.0,-0.4
155,2.5833,1.2003,-17.3,955,-297,0.989,0.130,0.822,1.00,129.007,130,-17.2,-16.9,-73.1,56.3,-0.1
156,2.6000,1.2170,-65.1,421,-907,0.863,0.189,0.528,1.00,129.840,130,-64.1,-16.9,-73.1,56.3,-1.0
157,2.6167,1.2337,-73.5,284,-959,0.890,0.123,0.508,1.00,130.673,131,-73.1,-73.1,-73.1,0.0,-0.4
158,2.6333,1.2503,5.3,996,92,0.989,0.184,0.823,1.00,131.507,132,6.7,-73.1,84.4,157.5,-1.4
159,2.6500,1.2670,84.8,91,996,0.988,0.214,0.957,1.00,132.340,133,84.4,84.4,84.4,0.0,0.4
160,2.6667,1.2837,84.8,91,996,0.988,0.255,0.957,1.00,133.173,134,84.4,84.4,84.4,0.0,0.4
161,2.6833,1.3003,84.9,89,996,0.985,0.205,0.957,1.00,134.007,135,84.4,84.4,84.4,0.0,0.5
162,2.7000,1.3170,84.9,89,996,0.985,0.168,0.957,1.00,134.840,135,84.4,84.4,84.4,0.0,0.5
163,2.7167,1.3337,84.8,91,996,0.986,0.130,0.957,1.00,135.673,136,84.4,84.4,84.4,0.0,0.4
164,2.7333,1.3503,84.8,91,996,0.988,0.246,0.957,1.00,136.507,137,84.4,84.4,84.4,0.0,0.4
165,2.7500,1.3670,65.0,423,906,0.989,0.354,0.926,1.00,137.340,138,63.3,84.4,22.5,61.9,1.7
166,2.7667,1.3837,22.4,925,381,0.986,0.303,0.796,1.00,138.173,139,22.5,22.5,22.5,0.0,-0.1
167,2.7833,1.4003,22.4,925,381,0.984,0.253,0.796,1.00,139.007,140,22.5,22.5,22.5,0.0,-0.1
168,2.8000,1.4170,22.4,925,381,0.985,0.227,0.796,1.00,139.840,140,22.5,22.5,22.5,0.0,-0.1
169,2.8167,1.4337,22.4,925,381,0.990,0.216,0.796,1.00,140.673,141,22.5,22.5,22.5,0.0,-0.1
170,2.8333,1.4503,53.6,593,805,0.989,0.221,0.877,1.00,141.507,142,53.9,22.5,84.4,61.9,-0.3
171,2.8500,1.4670,84.9,89,996,0.985,0.238,0.957,1.00,142.340,143,84.4,84.4,84.4,0.0,0.5
172,2.8667,1.4837,84.9,89,996,0.985,0.234,0.957,1.00,143.173,144,84.4,84.4,84.4,0.0,0.5
173,2.8833,1.5003,84.8,91,996,0.985,0.250,0.957,1.00,144.007,145,84.4,84.4,84.4,0.0,0.4
174,2.9000,1.5170,84.8,91,996,0.988,0.343,0.957,1.00,144.840,145,84.4,84.4,84.4,0.0,0.4
175,2.9167,1.5337,84.8,91,996,0.988,0.217,0.957,1.00,145.673,146,84.4,84.4,84.4,0.0,0.4
176,2.9333,1.5503,115.7,-434,901,0.905,0.205,0.937,1.00,146.507,147,115.7,84.4,146.2,61.8,-0.0
177,2.9500,1.5670,146.6,-835,550,0.952,0.116,0.883,1.00,147.340,148,146.2,146.2,146.2,0.0,0.4
178,2.9667,1.5837,149.4,-861,509,0.953,0.124,0.880,1.00,148.173,149,175.5,146.2,-45.0,168.8,-26.1
179,2.9833,1.6003,-45.5,701,-713,0.953,0.181,0.698,1.00,149.007,150,-45.0,-45.0,-45.0,0.0,-0.5
180,3.0000,1.6170,-45.4,702,-712,0.966,0.162,0.700,1.00,149.840,150,-45.0,-45.0,-45.0,0.0,-0.4
181,3.0167,1.6337,32.6,842,539,0.989,0.216,0.805,1.00,150.673,151,27.0,-45.0,61.9,106.9,5.6
182,3.0333,1.6503,62.2,466,885,0.862,0.154,0.916,1.00,151.507,152,61.9,61.9,61.9,0.0,0.3
183,3.0500,1.6670,62.1,468,884,0.970,0.178,0.916,1.00,152.340,153,61.9,61.9,61.9,0.0,0.2
184,3.0667,1.6837,62.1,468,884,0.987,0.160,0.916,1.00,153.173,154,61.9,61.9,61.9,0.0,0.2
185,3.0833,1.7003,62.1,468,884,0.988,0.118,0.916,1.00,154.007,155,61.9,61.9,61.9,0.0,0.2
186,3.1000,1.7170,62.1,468,884,0.987,0.099,0.916,1.00,154.840,155,61.9,61.9,61.9,0.0,0.2
187,3.1167,1.7337,62.1,468,884,0.990,0.105,0.916,1.00,155.673,156,61.9,61.9,61.9,0.0,0.2
188,3.1333,1.7503,5.3,996,92,0.990,0.146,0.823,1.00,156.507,157,4.9,61.9,-50.6,112.5,0.4
189,3.1500,1.7670,-51.0,629,-777,0.953,0.131,0.651,1.00,157.340,158,-50.6,-50.6,-50.6,0.0,-0.4
190,3.1667,1.7837,-49.2,653,-757,0.963,0.156,0.672,1.00,158.173,159,-48.7,-50.6,-39.4,11.3,-0.5
191,3.1833,1.8003,-39.9,767,-641,0.957,0.187,0.723,1.00,159.007,160,-39.4,-39.4,-39.4,0.0,-0.5
192,3.2000,1.8170,-39.7,769,-639,0.967,0.150,0.725,1.00,159.840,160,-39.4,-39.4,-39.4,0.0,-0.3
193,3.2167,1.8337,-43.6,724,-690,0.958,0.230,0.707,1.00,160.673,161,-43.2,-39.4,-45.0,5.6,-0.4
194,3.2333,1.8503,-45.5,701,-713,0.958,0.194,0.698,1.00,161.507,162,-45.0,-45.0,-45.0,0.0,-0.5
195,3.2500,1.8670,-45.5,701,-713,0.955,0.189,0.698,1.00,162.340,163,-45.0,-45.0,-45.0,0.0,-0.5
196,3.2667,1.8837,-45.5,701,-713,0.958,0.234,0.698,1.00,163.173,164,-45.0,-45.0,-45.0,0.0,-0.5
197,3.2833,1.9003,-45.5,701,-713,0.956,0.198,0.698,1.00,164.007,165,-45.0,-45.0,-45.0,0.0,-0.5
198,3.3000,1.9170,-45.5,701,-713,0.960,0.180,0.698,1.00,164.840,165,-45.0,-45.0,-45.0,0.0,-0.5
199,3.3167,1.9337,-45.5,701,-713,0.967,0.205,0.698,1.00,165.673,166,-45.0,-45.0,-45.0,0.0,-0.5
200,3.3333,1.9503,-62.2,466,-885,0.875,0.208,0.537,1.00,166.507,167,-62.1,-45.0,-78.8,33.8,-0.1
201,3.3500,1.9670,-79.2,187,-982,0.880,0.210,0.435,1.00,167.340,168,-78.8,-78.8,-78.8,0.0,-0.4
202,3.3667,1.9837,-75.5,250,-968,0.882,0.211,0.487,1.00,168.173,169,-74.9,-78.8,-56.2,22.5,-0.6
203,3.3833,2.0003,-56.6,550,-835,0.919,0.211,0.586,1.00,169.007,170,-56.2,-56.2,-56.2,0.0,-0.4
204,3.4000,2.0170,-56.6,550,-835,0.927,0.205,0.586,1.00,169.840,170,-56.2,-56.2,-56.2,0.0,-0.4
205,3.4167,2.0337,-79.3,186,-983,0.874,0.262,0.433,1.00,170.673,171,-79.0,-56.2,-90.0,33.8,-0.3
206,3.4333,2.0503,-90.6,-10,-1000,0.935,0.173,0.402,1.00,171.507,172,-90.0,-90.0,-90.0,0.0,-0.6
207,3.4500,2.0670,-90.6,-10,-1000,0.933,0.160,0.402,1.00,172.340,173,-90.0,-90.0,-90.0,0.0,-0.6
208,3.4667,2.0837,-84.9,89,-996,0.941,0.182,0.376,1.00,173.173,174,-84.1,-90.0,-56.2,33.8,-0.8
209,3.4833,2.1003,-56.6,550,-835,0.921,0.192,0.586,1.00,174.007,175,-56.2,-56.2,-56.2,0.0,-0.4
210,3.5000,2.1170,-56.6,550,-835,0.922,0.200,0.586,1.00,174.840,175,-56.2,-56.2,-56.2,0.0,-0.4
211,3.5167,2.1337,-56.6,550,-835,0.927,0.195,0.586,1.00,175.673,176,-56.2,-56.2,-56.2,0.0,-0.4
212,3.5333,2.1503,-99.0,-156,-988,0.944,0.195,0.337,1.00,176.507,177,-99.0,-56.2,-140.6,84.4,-0.0
213,3.5500,2.1670,-140.8,-775,-632,0.942,0.121,0.718,1.00,177.340,178,-140.6,-140.6,-140.6,0.0,-0.2
214,3.5667,2.1837,-138.0,-743,-669,0.943,0.122,0.702,1.00,178.173,179,-111.4,-140.6,28.1,168.7,-26.6
215,3.5833,2.2003,28.0,883,469,0.984,0.117,0.802,1.00,179.007,180,28.1,28.1,28.1,0.0,-0.1
216,3.6000,2.2170,28.0,883,469,0.989,0.117,0.802,1.00,179.840,180,28.1,28.1,28.1,0.0,-0.1
217,3.6167,2.2337,28.0,883,469,0.987,0.118,0.802,1.00,180.673,181,28.1,28.1,28.1,0.0,-0.1
218,3.6333,2.2503,28.0,883,469,0.989,0.166,0.802,1.00,181.507,182,28.1,28.1,28.1,0.0,-0.1
219,3.6500,2.2670,28.0,883,469,0.990,0.122,0.802,1.00,182.340,183,28.1,28.1,28.1,0.0,-0.1
220,3.6667,2.2837,28.0,883,469,0.990,0.123,0.802,1.00,183.173,184,28.1,28.1,28.1,0.0,-0.1
221,3.6833,2.3003,28.0,883,469,0.989,0.123,0.802,1.00,184.007,185,28.1,28.1,28.1,0.0,-0.1
222,3.7000,2.3170,28.0,883,469,0.989,0.150,0.802,1.00,184.840,185,28.1,28.1,28.1,0.0,-0.1
223,3.7167,2.3337,27.9,884,468,0.959,0.220,0.801,1.00,185.673,186,28.1,28.1,28.1,0.0,-0.2
224,3.7333,2.3503,28.0,883,469,0.978,0.129,0.802,1.00,186.507,187,28.1,28.1,28.1,0.0,-0.1
225,3.7500,2.3670,33.7,832,555,0.967,0.160,0.810,1.00,187.340,188,33.8,28.1,45.0,16.9,-0.1
226,3.7667,2.3837,45.1,706,708,0.986,0.120,0.838,1.00,188.173,189,45.0,45.0,45.0,0.0,0.1
227,3.7833,2.4003,45.1,706,708,0.984,0.117,0.838,1.00,189.007,190,45.0,45.0,45.0,0.0,0.1
228,3.8000,2.4170,45.1,706,708,0.986,0.117,0.838,1.00,189.840,190,45.0,45.0,45.0,0.0,0.1
229,3.8167,2.4337,45.1,706,708,0.989,0.117,0.838,1.00,190.673,191,45.0,45.0,45.0,0.0,0.1
230,3.8333,2.4503,8.2,990,143,0.989,0.174,0.816,1.00,191.507,192,8.0,45.0,-28.1,73.1,0.2
231,3.8500,2.4670,-28.5,879,-477,0.980,0.182,0.779,1.00,192.340,193,-28.1,-28.1,-28.1,0.0,-0.4
232,3.8667,2.4837,-19.4,943,-332,0.986,0.149,0.814,1.00,193.173,194,-17.4,-28.1,33.8,61.9,-2.0
233,3.8833,2.5003,33.8,831,556,0.986,0.128,0.810,1.00,194.007,195,33.8,33.8,33.8,0.0,0.0
234,3.9000,2.5170,33.8,831,556,0.985,0.128,0.810,1.00,194.840,195,33.8,33.8,33.8,0.0,0.0
235,3.9167,2.5337,33.7,832,555,0.989,0.128,0.810,1.00,195.673,196,33.8,33.8,33.8,0.0,-0.1
236,3.9333,2.5503,73.5,284,959,0.988,0.197,0.948,1.00,196.507,197,73.7,33.8,112.5,78.7,-0.2
237,3.9500,2.5670,112.9,-389,921,0.902,0.166,0.944,1.00,197.340,198,112.5,112.5,112.5,0.0,0.4
238,3.9667,2.5837,101.8,-204,979,0.895,0.172,0.958,1.00,198.173,199,97.9,112.5,28.1,84.4,3.9
239,3.9833,2.6003,28.0,883,469,0.985,0.125,0.802,1.00,199.007,200,28.1,28.1,28.1,0.0,-0.1
240,4.0000,2.6170,28.0,883,469,0.991,0.125,0.802,1.00,199.840,200,28.1,28.1,28.1,0.0,-0.1
241,4.0167,2.6337,-27.0,891,-454,0.981,0.156,0.783,1.00,200.673,201,-24.9,28.1,-50.6,78.7,-2.1
242,4.0333,2.6503,-51.0,629,-777,0.944,0.179,0.651,1.00,201.507,202,-50.6,-50.6,-50.6,0.0,-0.4
243,4.0500,2.6670,-51.0,629,-777,0.947,0.167,0.651,1.00,202.340,203,-50.6,-50.6,-50.6,0.0,-0.4
244,4.0667,2.6837,-51.0,629,-777,0.949,0.213,0.651,1.00,203.173,204,-50.6,-50.6,-50.6,0.0,-0.4
245,4.0833,2.7003,-51.0,629,-777,0.949,0.176,0.651,1.00,204.007,205,-50.6,-50.6,-50.6,0.0,-0.4
246,4.1000,2.7170,-51.0,629,-777,0.949,0.136,0.651,1.00,204.840,205,-50.6,-50.6,-50.6,0.0,-0.4
247,4.1167,2.7337,-51.0,629,-777,0.955,0.159,0.651,1.00,205.673,206,-50.6,-50.6,-50.6,0.0,-0.4
248,4.1333,2.7503,-53.9,589,-808,0.933,0.106,0.618,1.00,206.507,207,-53.5,-50.6,-56.2,5.6,-0.4
249,4.1500,2.7670,-56.6,550,-835,0.920,0.163,0.586,1.00,207.340,208,-56.2,-56.2,-56.2,0.0,-0.4
250,4.1667,2.7837,-56.6,550,-835,0.920,0.212,0.586,1.00,208.173,209,-56.2,-56.2,-56.2,0.0,-0.4
251,4.1833,2.8003,-56.6,550,-835,0.920,0.262,0.586,1.00,209.007,210,-56.2,-56.2,-56.2,0.0,-0.4
252,4.2000,2.8170,-56.6,550,-835,0.920,0.183,0.586,1.00,209.840,210,-56.2,-56.2,-56.2,0.0,-0.4
253,4.2167,2.8337,-56.6,550,-835,0.919,0.115,0.586,1.00,210.673,211,-56.2,-56.2,-56.2,0.0,-0.4
254,4.2333,2.8503,-56.6,550,-835,0.923,0.116,0.586,1.00,211.507,212,-56.2,-56.2,-56.2,0.0,-0.4
255,4.2500,2.8670,-56.6,550,-835,0.929,0.187,0.586,1.00,212.340,213,-56.2,-56.2,-56.2,0.0,-0.4
256,4.2667,2.8837,-57.6,536,-844,0.916,0.187,0.571,1.00,213.173,214,-57.2,-56.2,-61.9,5.7,-0.4
257,4.2833,2.9003,-62.2,466,-885,0.875,0.147,0.537,1.00,214.007,215,-61.9,-61.9,-61.9,0.0,-0.3
258,4.3000,2.9170,-62.2,466,-885,0.875,0.111,0.537,1.00,214.840,215,-61.9,-61.9,-61.9,0.0,-0.3
259,4.3167,2.9337,-62.2,466,-885,0.875,0.158,0.537,1.00,215.673,216,-61.9,-61.9,-61.9,0.0,-0.3
260,4.3333,2.9503,-62.2,466,-885,0.875,0.193,0.537,1.00,216.507,217,-61.9,-61.9,-61.9,0.0,-0.3
261,4.3500,2.9670,-62.2,466,-885,0.877,0.220,0.537,1.00,217.340,218,-61.9,-61.9,-61.9,0.0,-0.3
262,4.3667,2.9837,-62.2,466,-885,0.884,0.217,0.537,1.00,218.173,219,-61.9,-61.9,-61.9,0.0,-0.3
263,4.3833,3.0003,-62.2,466,-885,0.884,0.215,0.537,1.00,219.007,220,-61.9,-61.9,-61.9,0.0,-0.3
264,4.4000,3.0170,-62.2,466,-885,0.875,0.193,0.537,1.00,219.840,220,-61.9,-61.9,-61.9,0.0,-0.3
265,4.4167,3.0337,-62.2,466,-885,0.875,0.212,0.537,1.00,220.673,221,-61.9,-61.9,-61.9,0.0,-0.3
266,4.4333,3.0503,-62.2,466,-885,0.876,0.208,0.537,1.00,221.507,222,-61.9,-61.9,-61.9,0.0,-0.3
267,4.4500,3.0670,-62.2,466,-885,0.874,0.197,0.537,1.00,222.340,223,-61.9,-61.9,-61.9,0.0,-0.3
268,4.4667,3.0837,-62.2,466,-885,0.876,0.238,0.537,1.00,223.173,224,-61.9,-61.9,-61.9,0.0,-0.3
269,4.4833,3.1003,-62.2,466,-885,0.872,0.203,0.537,1.00,224.007,225,-61.9,-61.9,-61.9,0.0,-0.3
270,4.5000,3.1170,-62.2,466,-885,0.877,0.128,0.537,1.00,224.840,225,-61.9,-61.9,-61.9,0.0,-0.3
271,4.5167,3.1337,-62.2,466,-885,0.876,0.188,0.537,1.00,225.673,226,-61.9,-61.9,-61.9,0.0,-0.3
272,4.5333,3.1503,-62.2,466,-885,0.882,0.191,0.537,1.00,226.507,227,-61.9,-61.9,-61.9,0.0,-0.3
273,4.5500,3.1670,-62.2,466,-885,0.882,0.171,0.537,1.00,227.340,228,-61.9,-61.9,-61.9,0.0,-0.3
274,4.5667,3.1837,-54.7,578,-816,0.930,0.167,0.607,1.00,228.173,229,-36.5,-61.9,84.4,146.3,-18.2
275,4.5833,3.2003,84.8,91,996,0.983,0.203,0.957,1.00,229.007,230,84.4,84.4,84.4,0.0,0.4
276,4.6000,3.2170,84.8,91,996,0.987,0.223,0.957,1.00,229.840,230,84.4,84.4,84.4,0.0,0.4
277,4.6167,3.2337,-63.6,445,-896,0.864,0.133,0.528,1.00,230.673,231,-25.5,84.4,-78.8,163.1,-38.1
278,4.6333,3.2503,-79.3,186,-983,0.871,0.301,0.433,1.00,231.507,232,-78.8,-78.8,-78.8,0.0,-0.5
279,4.6500,3.2670,-79.2,187,-982,0.883,0.188,0.435,1.00,232.340,233,-78.8,-78.8,-78.8,0.0,-0.4
280,4.6667,3.2837,-73.7,281,-960,0.889,0.172,0.506,1.00,233.173,234,-51.5,-78.8,78.8,157.5,-22.2
281,4.6833,3.3003,79.2,187,982,0.983,0.213,0.955,1.00,234.007,235,78.8,78.8,78.8,0.0,0.4
282,4.7000,3.3170,79.2,187,982,0.986,0.173,0.955,1.00,234.840,235,78.8,78.8,78.8,0.0,0.4
283,4.7167,3.3337,79.2,187,982,0.988,0.227,0.955,1.00,235.673,236,78.8,78.8,78.8,0.0,0.4
284,4.7333,3.3503,59.3,511,860,0.984,0.127,0.905,1.00,236.507,237,58.8,78.8,39.4,39.4,0.5
285,4.7500,3.3670,39.4,773,635,0.989,0.127,0.818,1.00,237.340,238,39.4,39.4,39.4,0.0,0.0
286,4.7667,3.3837,39.4,773,635,0.989,0.127,0.818,1.00,238.173,239,39.4,39.4,39.4,0.0,0.0
287,4.7833,3.4003,39.4,773,635,0.989,0.127,0.818,1.00,239.007,240,39.4,39.4,39.4,0.0,0.0
288,4.8000,3.4170,39.4,773,635,0.989,0.126,0.818,1.00,239.840,240,39.4,39.4,39.4,0.0,0.0
289,4.8167,3.4337,39.4,773,635,0.989,0.125,0.818,1.00,240.673,241,39.4,39.4,39.4,0.0,0.0
290,4.8333,3.4503,39.4,773,635,0.990,0.127,0.818,1.00,241.507,242,39.4,39.4,39.4,0.0,0.0
291,4.8500,3.4670,39.4,773,635,0.990,0.129,0.818,1.00,242.340,243,39.4,39.4,39.4,0.0,0.0
292,4.8667,3.4837,39.4,773,635,0.990,0.130,0.818,1.00,243.173,244,39.4,39.4,39.4,0.0,0.0
293,4.8833,3.5003,39.4,773,635,0.988,0.131,0.818,1.00,244.007,245,39.4,39.4,39.4,0.0,0.0
294,4.9000,3.5170,39.4,773,635,0.989,0.131,0.818,1.00,244.840,245,39.4,39.4,39.4,0.0,0.0
295,4.9167,3.5337,39.4,773,635,0.990,0.151,0.818,1.00,245.673,246,39.4,39.4,39.4,0.0,0.0
296,4.9333,3.5503,39.4,773,635,0.991,0.206,0.818,1.00,246.507,247,39.4,39.4,39.4,0.0,0.0
297,4.9500,3.5670,39.4,773,635,0.991,0.209,0.818,1.00,247.340,248,39.4,39.4,39.4,0.0,0.0
298,4.9667,3.5837,39.4,773,635,0.991,0.168,0.818,1.00,248.173,249,39.4,39.4,39.4,0.0,0.0
299,4.9833,3.6003,39.4,773,635,0.991,0.173,0.818,1.00,249.007,250,39.4,39.4,39.4,0.0,0.0
300,5.0000,3.6170,39.4,773,635,0.991,0.171,0.818,1.00,249.840,250,39.4,39.4,39.4,0.0,0.0
301,5.0167,3.6337,39.4,773,635,0.993,0.119,0.818,1.00,250.673,251,39.4,39.4,39.4,0.0,0.0
302,5.0333,3.6503,-48.3,665,-747,0.961,0.195,0.680,1.00,251.507,252,-49.0,39.4,-135.0,174.4,0.7
303,5.0500,3.6670,-135.3,-711,-703,0.938,0.171,0.685,1.00,252.340,253,-135.0,-135.0,-135.0,0.0,-0.3
304,5.0667,3.6837,-135.2,-710,-705,0.935,0.170,0.683,1.00,253.173,254,-135.0,-135.0,-135.0,0.0,-0.2
305,5.0833,3.7003,-135.3,-711,-703,0.936,0.169,0.685,1.00,254.007,255,-135.0,-135.0,-135.0,0.0,-0.3
306,5.1000,3.7170,-135.2,-710,-705,0.943,0.166,0.683,1.00,254.840,255,-135.0,-135.0,-135.0,0.0,-0.2
307,5.1167,3.7337,-88.9,19,-1000,0.954,0.256,0.361,1.00,255.673,256,-89.5,-135.0,-67.5,67.5,0.6
308,5.1333,3.7503,-68.0,375,-927,0.883,0.191,0.535,1.00,256.507,257,-67.5,-67.5,-67.5,0.0,-0.5
309,5.1500,3.7670,-68.0,375,-927,0.656,0.219,0.535,0.68,257.340,258,-67.5,-67.5,-67.5,0.0,-0.5
310,5.1667,3.7837,-68.0,375,-927,0.679,0.221,0.535,0.73,258.173,259,-67.5,-67.5,-67.5,0.0,-0.5
311,5.1833,3.8003,-68.0,375,-927,0.679,0.202,0.535,0.73,259.007,260,-67.9,-67.5,-135.0,67.5,-0.1
312,5.2000,3.8170,-125.7,-584,-812,0.723,0.200,0.518,0.83,259.840,260,-124.2,-67.5,-135.0,67.5,-1.5
313,5.2167,3.8337,-135.4,-712,-702,0.593,0.206,0.685,0.54,260.673,261,-135.0,-135.0,-135.0,0.0,-0.4
314,5.2333,3.8503,143.8,-807,591,0.947,0.246,0.884,1.00,261.507,262,142.4,-135.0,61.9,163.1,1.4
315,5.2500,3.8670,62.2,466,885,0.986,0.250,0.916,1.00,262.340,263,61.9,61.9,61.9,0.0,0.3
316,5.2667,3.8837,62.1,468,884,0.990,0.353,0.916,1.00,263.173,264,61.9,61.9,61.9,0.0,0.2
317,5.2833,3.9003,62.1,468,884,0.990,0.166,0.916,1.00,264.007,265,60.9,61.9,-84.4,146.3,1.2
318,5.3000,3.9170,-77.2,222,-975,0.872,0.207,0.463,1.00,264.840,265,-61.0,61.9,-84.4,146.3,-16.2
319,5.3167,3.9337,-84.7,92,-996,0.939,0.171,0.376,1.00,265.673,266,-84.4,-84.4,-84.4,0.0,-0.3
320,5.3333,3.9503,-73.5,284,-959,0.882,0.151,0.508,1.00,266.507,267,-73.0,-84.4,-61.9,22.5,-0.5
321,5.3500,3.9670,-62.2,466,-885,0.875,0.131,0.537,1.00,267.340,268,-61.9,-61.9,-61.9,0.0,-0.3
322,5.3667,3.9837,-62.2,466,-885,0.874,0.098,0.537,1.00,268.173,269,-61.9,-61.9,-61.9,0.0,-0.3
323,5.3833,4.0003,-62.2,466,-885,0.874,0.108,0.537,1.00,269.007,270,-61.9,-61.9,-61.9,0.0,-0.3
324,5.4000,4.0170,-62.2,466,-885,0.875,0.117,0.537,1.00,269.840,270,-61.9,-61.9,-61.9,0.0,-0.3
325,5.4167,4.0337,-62.2,466,-885,0.874,0.109,0.537,1.00,270.673,271,-61.9,-61.9,-61.9,0.0,-0.3
326,5.4333,4.0503,-62.2,466,-885,0.884,0.175,0.537,1.00,271.507,272,-61.9,-61.9,-61.9,0.0,-0.3
327,5.4500,4.0670,-62.2,466,-885,0.884,0.187,0.537,1.00,272.340,273,-61.9,-61.9,-61.9,0.0,-0.3
328,5.4667,4.0837,-62.2,466,-885,0.884,0.149,0.537,1.00,273.173,274,-61.9,-61.9,-61.9,0.0,-0.3
329,5.4833,4.1003,-62.2,466,-885,0.884,0.149,0.537,1.00,274.007,275,-62.5,-61.9,-157.5,95.6,0.3
330,5.5000,4.1170,-146.2,-831,-556,0.935,0.143,0.747,1.00,274.840,275,-142.2,-61.9,-157.5,95.6,-4.0
331,5.5167,4.1337,-157.5,-924,-383,0.925,0.108,0.808,1.00,275.673,276,-157.5,-157.5,-157.5,0.0,-0.0
332,5.5333,4.1503,-135.2,-710,-705,0.940,0.139,0.683,1.00,276.507,277,-134.7,-157.5,-112.5,45.0,-0.5
333,5.5500,4.1670,-112.9,-389,-921,0.962,0.120,0.443,1.00,277.340,278,-112.5,-112.5,-112.5,0.0,-0.4
334,5.5667,4.1837,-112.9,-389,-921,0.963,0.120,0.443,1.00,278.173,279,-112.5,-112.5,-112.5,0.0,-0.4
335,5.5833,4.2003,-112.9,-389,-921,0.962,0.120,0.443,1.00,279.007,280,-112.5,-112.5,-112.5,0.0,-0.4
336,5.6000,4.2170,-112.9,-389,-921,0.966,0.120,0.443,1.00,279.840,280,-112.5,-112.5,-112.5,0.0,-0.4
337,5.6167,4.2337,56.6,550,835,0.986,0.108,0.891,1.00,280.673,281,4.9,-112.5,61.9,174.4,51.7
338,5.6333,4.2503,62.2,466,885,0.986,0.177,0.916,1.00,281.507,282,61.9,61.9,61.9,0.0,0.3
339,5.6500,4.2670,62.1,468,884,0.987,0.164,0.916,1.00,282.340,283,61.9,61.9,61.9,0.0,0.2
340,5.6667,4.2837,62.2,466,885,0.989,0.137,0.916,1.00,283.173,284,61.9,61.9,61.9,0.0,0.3
341,5.6833,4.3003,62.1,468,884,0.987,0.111,0.916,1.00,284.007,285,61.9,61.9,61.9,0.0,0.2
342,5.7000,4.3170,62.1,468,884,0.989,0.107,0.916,1.00,284.840,285,61.9,61.9,61.9,0.0,0.2
343,5.7167,4.3337,62.1,468,884,0.990,0.107,0.916,1.00,285.673,286,61.9,61.9,61.9,0.0,0.2
344,5.7333,4.3503,82.0,139,990,0.987,0.221,0.956,1.00,286.507,287,81.8,61.9,101.2,39.3,0.2
345,5.7500,4.3670,101.6,-201,980,0.883,0.183,0.957,1.00,287.340,288,101.2,101.2,101.2,0.0,0.4
346,5.7667,4.3837,101.6,-201,980,0.880,0.183,0.957,1.00,288.173,289,101.2,101.2,101.2,0.0,0.4
347,5.7833,4.4003,101.6,-201,980,0.880,0.183,0.957,1.00,289.007,290,101.2,101.2,101.2,0.0,0.4
348,5.8000,4.4170,101.6,-201,980,0.893,0.183,0.957,1.00,289.840,290,101.2,101.2,101.2,0.0,0.4
349,5.8167,4.4337,1.1,1000,19,0.989,0.163,0.832,1.00,290.673,291,14.1,101.2,-28.1,129.3,-13.0
350,5.8333,4.4503,-28.5,879,-477,0.978,0.157,0.779,1.00,291.507,292,-28.1,-28.1,-28.1,0.0,-0.4
351,5.8500,4.4670,-24.8,908,-419,0.976,0.139,0.794,1.00,292.340,293,-24.3,-28.1,-16.9,11.2,-0.5
352,5.8667,4.4837,-17.3,955,-297,0.974,0.135,0.822,1.00,293.173,294,-16.9,-16.9,-16.9,0.0,-0.4
353,5.8833,4.5003,-17.3,955,-297,0.980,0.138,0.822,1.00,294.007,295,-16.9,-16.9,-16.9,0.0,-0.4
354,5.9000,4.5170,-17.3,955,-297,0.977,0.137,0.822,1.00,294.840,295,-16.9,-16.9,-16.9,0.0,-0.4
355,5.9167,4.5337,-17.3,955,-297,0.975,0.129,0.822,1.00,295.673,296,-16.9,-16.9,-16.9,0.0,-0.4
356,5.9333,4.5503,-17.3,955,-297,0.979,0.133,0.822,1.00,296.507,297,-16.9,-16.9,-16.9,0.0,-0.4
357,5.9500,4.5670,-17.3,955,-297,0.988,0.103,0.822,1.00,297.340,298,-16.9,-16.9,-16.9,0.0,-0.4
358,5.9667,4.5837,-10.2,984,-177,0.987,0.145,0.837,1.00,298.173,299,-9.1,-16.9,28.1,45.0,-1.1
359,5.9833,4.6003,28.0,883,469,0.983,0.112,0.802,1.00,299.007,300,28.1,28.1,28.1,0.0,-0.1
360,6.0000,4.6170,28.0,883,469,0.987,0.112,0.802,1.00,299.840,300,28.1,28.1,28.1,0.0,-0.1
361,6.0167,4.6337,28.0,883,469,0.992,0.112,0.802,1.00,300.673,301,28.1,28.1,28.1,0.0,-0.1
362,6.0333,4.6503,-17.3,955,-297,0.988,0.163,0.822,1.00,301.507,302,-17.5,28.1,-61.9,90.0,0.2
363,6.0500,4.6670,-62.2,466,-885,0.877,0.171,0.537,1.00,302.340,303,-61.9,-61.9,-61.9,0.0,-0.3
364,6.0667,4.6837,-62.2,466,-885,0.877,0.097,0.537,1.00,303.173,304,-61.9,-61.9,-61.9,0.0,-0.3
365,6.0833,4.7003,-62.2,466,-885,0.877,0.097,0.537,1.00,304.007,305,-61.9,-61.9,-61.9,0.0,-0.3
366,6.1000,4.7170,-62.2,466,-885,0.877,0.086,0.537,1.00,304.840,305,-61.9,-61.9,-61.9,0.0,-0.3
367,6.1167,4.7337,-62.2,466,-885,0.879,0.115,0.537,1.00,305.673,306,-61.9,-61.9,-61.9,0.0,-0.3
368,6.1333,4.7503,-62.2,466,-885,0.885,0.122,0.537,1.00,306.507,307,-61.9,-61.9,-61.9,0.0,-0.3
369,6.1500,4.7670,-62.2,466,-885,0.886,0.155,0.537,1.00,307.340,308,-61.9,-61.9,-61.9,0.0,-0.3
370,6.1667,4.7837,-51.0,629,-777,0.953,0.153,0.651,1.00,308.173,309,-46.3,-61.9,28.1,90.0,-4.7
371,6.1833,4.8003,28.0,883,469,0.983,0.120,0.802,1.00,309.007,310,28.1,28.1,28.1,0.0,-0.1
372,6.2000,4.8170,28.0,883,469,0.992,0.120,0.802,1.00,309.840,310,28.1,28.1,28.1,0.0,-0.1
373,6.2167,4.8337,122.4,-536,844,0.908,0.180,0.919,1.00,310.673,311,111.5,28.1,151.9,123.8,10.9
374,6.2333,4.8503,152.3,-885,465,0.953,0.119,0.878,1.00,311.507,312,151.9,151.9,151.9,0.0,0.4
375,6.2500,4.8670,-178.4,-1000,-28,0.916,0.187,0.868,1.00,312.340,313,-164.1,151.9,-78.8,129.3,-14.3
376,6.2667,4.8837,-79.2,187,-982,0.870,0.322,0.435,1.00,313.173,314,-78.8,-78.8,-78.8,0.0,-0.4
377,6.2833,4.9003,-79.2,187,-982,0.873,0.272,0.435,1.00,314.007,315,-78.8,-78.8,-78.8,0.0,-0.4
378,6.3000,4.9170,-79.2,187,-982,0.879,0.189,0.435,1.00,314.840,315,-78.8,-78.8,-78.8,0.0,-0.4
379,6.3167,4.9337,-79.2,187,-982,0.879,0.189,0.435,1.00,315.673,316,-78.8,-78.8,-78.8,0.0,-0.4
380,6.3333,4.9503,-112.8,-388,-922,0.966,0.133,0.443,1.00,316.507,317,-112.9,-78.8,-146.2,67.5,0.1
381,6.3500,4.9670,-146.3,-832,-555,0.937,0.153,0.748,1.00,317.340,318,-146.2,-146.2,-146.2,0.0,-0.1
382,6.3667,4.9837,-156.8,-919,-394,0.928,0.175,0.803,1.00,318.173,319,-167.7,-146.2,90.0,123.8,10.9
383,6.3833,5.0003,90.4,-7,1000,0.871,0.166,0.961,1.00,319.007,320,90.0,90.0,90.0,0.0,0.4
384,6.4000,5.0170,90.3,-5,1000,0.887,0.166,0.961,1.00,319.840,320,90.0,90.0,90.0,0.0,0.3
385,6.4167,5.0337,-48.4,664,-748,0.963,0.116,0.681,1.00,320.673,321,-16.0,90.0,-67.5,157.5,-32.4
386,6.4333,5.0503,-68.0,375,-927,0.890,0.132,0.535,1.00,321.507,322,-67.5,-67.5,-67.5,0.0,-0.5
387,6.4500,5.0670,-93.4,-59,-998,0.920,0.155,0.362,1.00,322.340,323,-96.2,-67.5,-151.9,84.4,2.8
388,6.4667,5.0837,-152.0,-883,-469,0.927,0.149,0.782,1.00,323.173,324,-151.9,-151.9,-151.9,0.0,-0.1
389,6.4833,5.1003,-152.0,-883,-469,0.926,0.147,0.782,1.00,324.007,325,-151.9,-151.9,-151.9,0.0,-0.1
390,6.5000,5.1170,-152.0,-883,-469,0.928,0.147,0.782,1.00,324.840,325,-151.9,-151.9,-151.9,0.0,-0.1
391,6.5167,5.1337,-152.0,-883,-469,0.927,0.148,0.782,1.00,325.673,326,-151.9,-151.9,-151.9,0.0,-0.1
392,6.5333,5.1503,-152.0,-883,-469,0.931,0.147,0.782,1.00,326.507,327,-151.9,-151.9,-151.9,0.0,-0.1
393,6.5500,5.1670,-128.1,-617,-787,0.941,0.153,0.574,1.00,327.340,328,-125.1,-151.9,-73.1,78.8,-3.0
394,6.5667,5.1837,-73.5,284,-959,0.884,0.112,0.508,1.00,328.173,329,-73.1,-73.1,-73.1,0.0,-0.4
395,6.5833,5.2003,-73.5,284,-959,0.887,0.140,0.508,1.00,329.007,330,-73.1,-73.1,-73.1,0.0,-0.4
396,6.6000,5.2170,-73.4,286,-958,0.892,0.124,0.510,1.00,329.840,330,-73.1,-73.1,-73.1,0.0,-0.3
397,6.6167,5.2337,-103.9,-240,-971,0.973,0.274,0.380,1.00,330.673,331,-103.4,-73.1,-118.1,45.0,-0.5
398,6.6333,5.2503,-118.4,-476,-880,0.958,0.181,0.442,1.00,331.507,332,-118.1,-118.1,-118.1,0.0,-0.3
399,6.6500,5.2670,-105.8,-272,-962,0.965,0.291,0.398,1.00,332.340,333,-104.7,-118.1,-78.8,39.3,-1.1
400,6.6667,5.2837,-79.2,187,-982,0.874,0.184,0.435,1.00,333.173,334,-78.8,-78.8,-78.8,0.0,-0.4
401,6.6833,5.3003,-79.2,187,-982,0.873,0.249,0.435,1.00,334.007,335,-78.8,-78.8,-78.8,0.0,-0.4
402,6.7000,5.3170,-79.2,187,-982,0.884,0.186,0.435,1.00,334.840,335,-78.8,-78.8,-78.8,0.0,-0.4
403,6.7167,5.3337,-125.3,-578,-816,0.950,0.160,0.510,1.00,335.673,336,-124.2,-78.8,-146.2,67.5,-1.1
404,6.7333,5.3503,-146.4,-833,-553,0.935,0.155,0.748,1.00,336.507,337,-146.2,-146.2,-146.2,0.0,-0.2
405,6.7500,5.3670,-146.4,-833,-553,0.936,0.155,0.748,1.00,337.340,338,-146.2,-146.2,-146.2,0.0,-0.2
406,6.7667,5.3837,-146.4,-833,-553,0.935,0.155,0.748,1.00,338.173,339,-146.2,-146.2,-146.2,0.0,-0.2
407,6.7833,5.4003,-146.4,-833,-553,0.934,0.156,0.748,1.00,339.007,340,-146.2,-146.2,-146.2,0.0,-0.2
408,6.8000,5.4170,-146.3,-832,-555,0.937,0.155,0.748,1.00,339.840,340,-146.2,-146.2,-146.2,0.0,-0.1
409,6.8167,5.4337,76.2,239,971,0.983,0.205,0.952,1.00,340.673,341,107.7,-146.2,56.2,157.6,-31.5
410,6.8333,5.4503,56.4,553,833,0.989,0.114,0.891,1.00,341.507,342,56.2,56.2,56.2,0.0,0.2
411,6.8500,5.4670,27.6,886,463,0.992,0.171,0.801,1.00,342.340,343,21.8,56.2,-45.0,101.2,5.8
412,6.8667,5.4837,-45.5,701,-713,0.954,0.171,0.698,1.00,343.173,344,-45.0,-45.0,-45.0,0.0,-0.5
413,6.8833,5.5003,-45.5,701,-713,0.960,0.197,0.698,1.00,344.007,345,-45.0,-45.0,-45.0,0.0,-0.5
414,6.9000,5.5170,-45.5,701,-713,0.960,0.195,0.698,1.00,344.840,345,-45.0,-45.0,-45.0,0.0,-0.5
415,6.9167,5.5337,-45.5,701,-713,0.959,0.178,0.698,1.00,345.673,346,-45.0,-45.0,-45.0,0.0,-0.5
416,6.9333,5.5503,-45.5,701,-713,0.960,0.197,0.698,1.00,346.507,347,-45.0,-45.0,-45.0,0.0,-0.5
417,6.9500,5.5670,-45.5,701,-713,0.968,0.177,0.698,1.00,347.340,348,-45.0,-45.0,-45.0,0.0,-0.5
418,6.9667,5.5837,-56.8,548,-837,0.920,0.185,0.585,1.00,348.173,349,-62.5,-45.0,-146.2,101.2,5.7
419,6.9833,5.6003,-146.3,-832,-555,0.928,0.160,0.748,1.00,349.007,350,-146.2,-146.2,-146.2,0.0,-0.1
