# video_s,teero_x,c29_x,gap_units
0.00,317.39,112.00,205.39
0.02,313.60,112.33,201.27
0.03,286.53,113.17,173.36
0.05,256.67,114.00,142.67
0.07,224.71,114.83,109.88
0.08,195.33,116.33,78.99
0.10,167.42,118.00,49.42
0.12,162.96,119.33,43.63
0.13,160.79,120.17,40.63
0.15,160.72,121.00,39.72
0.17,162.09,122.67,39.43
0.18,163.55,123.67,39.88
0.20,165.44,124.50,40.94
0.22,167.68,125.67,42.01
0.23,171.29,127.67,43.62
0.25,176.11,131.00,45.11
0.27,178.94,132.67,46.27
0.28,181.87,135.00,46.87
0.30,185.47,138.00,47.47
0.32,188.58,141.67,46.91
0.33,191.33,145.83,45.49
0.35,191.40,150.00,41.40
0.37,191.94,155.83,36.10
0.38,193.48,163.00,30.48
0.40,196.46,171.00,25.46
0.42,200.40,180.00,20.40
0.43,207.37,190.00,17.37
0.45,215.50,200.00,15.50
0.47,224.74,210.83,13.91
0.48,234.39,222.33,12.06
0.50,245.09,234.00,11.09
0.52,256.44,245.67,10.77
0.53,267.80,257.33,10.46
0.55,279.21,269.00,10.21
0.57,290.87,280.67,10.21
0.58,302.54,292.33,10.21
0.60,314.24,304.00,10.24
0.62,325.93,315.67,10.26
0.63,337.89,327.33,10.55
0.65,349.88,339.00,10.88
0.67,361.17,349.83,11.34
0.68,372.71,360.67,12.05
0.70,384.44,371.50,12.94
0.72,395.98,382.33,13.65
0.73,407.69,393.17,14.53
0.75,419.54,404.00,15.54
0.77,431.17,414.83,16.33
0.78,442.74,425.67,17.07
0.80,454.51,436.50,18.01
0.82,466.21,447.33,18.87
0.83,477.74,458.17,19.57
0.85,489.57,469.00,20.57
0.87,501.39,479.83,21.56
0.88,512.93,490.67,22.27
0.90,524.34,501.50,22.84
0.92,535.65,512.33,23.32
0.93,546.61,523.50,23.11
0.95,558.63,536.00,22.63
0.97,570.54,548.50,22.04
0.98,582.17,561.00,21.17
1.00,593.60,573.50,20.10
1.02,605.24,586.00,19.24
1.03,616.91,598.50,18.41
1.05,628.47,611.00,17.47
1.07,640.11,623.50,16.61
1.08,651.23,635.33,15.89
1.10,661.94,647.00,14.94
1.12,672.60,658.67,13.94
1.13,683.50,670.67,12.83
1.15,695.82,684.00,11.82
1.17,707.99,697.33,10.66
1.18,721.59,712.00,9.59
1.20,736.18,727.50,8.68
1.22,750.94,743.33,7.61
1.23,765.75,759.33,6.41
1.25,781.42,776.00,5.42
1.27,798.18,793.50,4.68
1.28,814.95,811.00,3.95
1.30,832.14,828.50,3.64
1.32,849.89,846.33,3.56
1.33,868.14,864.67,3.47
1.35,886.39,883.00,3.39
1.37,904.64,901.33,3.30
1.38,923.37,919.67,3.71
1.40,941.61,937.50,4.11
1.42,959.61,955.00,4.61
1.43,977.61,972.50,5.11
1.45,995.61,990.00,5.61
1.47,1014.07,1008.33,5.73
1.48,1032.52,1026.67,5.86
1.50,1050.89,1045.00,5.89
1.52,1069.25,1063.33,5.91
1.53,1087.61,1081.67,5.94
1.55,1106.47,1100.00,6.47
1.57,1125.33,1118.33,7.00
1.58,1144.26,1136.67,7.59
1.60,1163.24,1155.00,8.24
1.62,1182.23,1173.33,8.90
1.63,1201.24,1191.67,9.57
1.65,1220.25,1210.00,10.25
1.67,1239.28,1228.33,10.95
1.68,1258.70,1246.67,12.03
1.70,1278.11,1265.00,13.11
1.72,1297.28,1283.33,13.95
1.73,1316.45,1301.67,14.78
1.75,1335.85,1320.00,15.85
1.77,1354.85,1338.33,16.52
1.78,1373.85,1356.67,17.19
1.80,1393.10,1375.00,18.10
1.82,1412.34,1393.33,19.01
1.83,1431.33,1411.67,19.67
1.85,1450.56,1430.00,20.56
1.87,1469.79,1448.33,21.46
1.88,1488.81,1466.67,22.14
1.90,1507.82,1485.00,22.82
1.92,1527.06,1503.33,23.72
1.93,1546.24,1521.67,24.57
1.95,1565.42,1540.00,25.42
1.97,1584.81,1558.33,26.47
1.98,1604.19,1576.67,27.52
2.00,1623.38,1595.00,28.38
2.02,1642.57,1613.33,29.24
2.03,1661.77,1631.67,30.10
2.05,1680.78,1650.00,30.78
2.07,1700.24,1668.33,31.91
2.08,1719.80,1686.67,33.13
2.10,1739.62,1705.00,34.62
2.12,1759.59,1723.33,36.26
2.13,1779.68,1741.67,38.02
2.15,1799.57,1760.00,39.57
2.17,1819.64,1778.33,41.31
2.18,1839.55,1796.67,42.88
2.20,1859.56,1815.00,44.56
2.22,1879.57,1833.33,46.23
2.23,1899.49,1851.67,47.83
2.25,1919.57,1870.00,49.57
2.27,1939.45,1888.33,51.12
2.28,1959.75,1906.67,53.08
2.30,1979.89,1925.00,54.89
2.32,2000.34,1943.00,57.34
2.33,2020.18,1960.50,59.68
2.35,2039.92,1978.00,61.92
2.37,2060.06,1995.50,64.56
2.38,2080.02,2013.00,67.02
2.40,2099.84,2030.50,69.34
2.42,2119.76,2048.00,71.76
2.43,2139.66,2065.50,74.16
2.45,2158.52,2083.00,75.52
2.47,2177.81,2100.50,77.31
2.48,2197.10,2118.67,78.43
2.50,2216.55,2137.50,79.05
2.52,2236.63,2157.00,79.63
2.53,2257.35,2177.17,80.19
2.55,2278.18,2198.00,80.18
2.57,2299.00,2218.83,80.17
2.58,2319.83,2239.67,80.16
2.60,2340.65,2260.50,80.15
2.62,2361.15,2281.00,80.15
2.63,2381.33,2301.17,80.17
2.65,2402.19,2322.00,80.19
2.67,2423.04,2342.83,80.21
2.68,2443.89,2363.67,80.23
2.70,2464.75,2384.50,80.25
2.72,2485.58,2405.33,80.25
2.73,2506.41,2426.17,80.25
2.75,2527.24,2447.00,80.24
2.77,2548.08,2467.83,80.24
2.78,2568.91,2488.67,80.24
2.80,2589.73,2509.50,80.23
2.82,2610.56,2530.33,80.22
2.83,2631.38,2551.17,80.22
2.85,2652.21,2572.00,80.21
2.87,2673.03,2592.83,80.20
2.88,2693.87,2613.67,80.21
2.90,2714.71,2634.50,80.21
2.92,2735.56,2655.33,80.22
2.93,2756.40,2676.17,80.23
2.95,2777.24,2697.00,80.24
2.97,2798.10,2717.83,80.27
2.98,2818.97,2738.67,80.30
3.00,2839.83,2759.50,80.33
3.02,2860.99,2780.33,80.65
3.03,2881.97,2801.00,80.97
3.05,2902.53,2821.00,81.53
3.07,2923.08,2841.00,82.08
3.08,2943.63,2861.00,82.63
3.10,2964.39,2881.50,82.89
3.12,2985.49,2902.33,83.16
3.13,3006.33,2923.17,83.16
3.15,3027.17,2944.00,83.17
3.17,3048.01,2964.83,83.18
3.18,3068.86,2985.67,83.19
3.20,3089.70,3006.50,83.20
3.22,3110.53,3027.33,83.20
3.23,3131.37,3048.17,83.21
3.25,3152.21,3069.00,83.21
3.27,3173.05,3089.83,83.22
3.28,3193.89,3110.67,83.22
3.30,3214.71,3131.50,83.21
3.32,3235.54,3152.33,83.21
3.33,3256.37,3173.17,83.20
3.35,3277.20,3194.00,83.20
3.37,3298.02,3214.83,83.19
3.38,3318.86,3235.67,83.19
3.40,3339.69,3256.50,83.19
3.42,3360.52,3277.33,83.19
3.43,3381.36,3298.17,83.19
3.45,3402.19,3319.00,83.19
3.47,3423.01,3339.83,83.18
3.48,3443.84,3360.67,83.17
3.50,3464.66,3381.50,83.16
3.52,3485.49,3402.33,83.16
3.53,3506.31,3423.17,83.15
3.55,3527.17,3444.00,83.17
3.57,3548.02,3464.83,83.19
3.58,3568.87,3485.67,83.21
3.60,3589.72,3506.50,83.22
3.62,3610.58,3527.33,83.24
3.63,3631.40,3548.17,83.23
3.65,3652.23,3569.00,83.23
3.67,3673.05,3589.83,83.22
3.68,3693.87,3610.67,83.21
3.70,3714.70,3631.50,83.20
3.72,3735.50,3652.33,83.16
3.73,3756.29,3673.17,83.13
3.75,3777.09,3694.00,83.09
3.77,3797.89,3714.83,83.06
3.78,3818.69,3735.67,83.02
3.80,3839.53,3756.50,83.03
3.82,3860.37,3777.33,83.04
3.83,3881.21,3798.17,83.04
3.85,3902.05,3819.00,83.05
3.87,3922.89,3839.83,83.06
3.88,3943.76,3860.67,83.09
3.90,3964.62,3881.50,83.12
3.92,3985.48,3902.33,83.15
3.93,4006.22,3923.00,83.22
3.95,4026.29,3943.00,83.29
3.97,4046.90,3963.00,83.90
3.98,4067.51,3983.00,84.51
4.00,4088.66,4003.00,85.66
4.02,4110.19,4023.00,87.19
4.03,4131.73,4043.00,88.73
4.05,4152.88,4063.00,89.88
4.07,4174.59,4083.00,91.59
4.08,4195.88,4103.00,92.88
4.10,4217.77,4123.50,94.27
4.12,4240.24,4144.33,95.90
4.13,4262.86,4165.17,97.70
4.15,4284.93,4186.00,98.93
4.17,4307.45,4206.83,100.62
4.18,4329.45,4227.67,101.79
4.20,4351.71,4249.00,102.71
4.22,4374.00,4270.67,103.34
4.23,4396.46,4292.50,103.96
4.25,4419.02,4315.00,104.02
4.27,4441.57,4337.50,104.07
4.28,4464.12,4360.00,104.12
4.30,4486.88,4382.50,104.38
4.32,4509.64,4405.00,104.64
4.33,4532.40,4427.50,104.90
4.35,4555.35,4450.00,105.35
4.37,4578.30,4472.50,105.80
4.38,4601.67,4495.00,106.67
4.40,4625.04,4517.50,107.54
4.42,4648.42,4540.00,108.42
4.43,4671.61,4562.50,109.11
4.45,4694.79,4585.00,109.79
4.47,4717.84,4607.50,110.34
4.48,4740.88,4630.00,110.88
4.50,4764.41,4653.00,111.41
4.52,4788.32,4676.33,111.98
4.53,4812.06,4699.50,112.56
4.55,4835.02,4722.00,113.02
4.57,4857.97,4744.50,113.47
4.58,4880.93,4767.00,113.93
4.60,4904.34,4790.00,114.34
4.62,4928.09,4813.33,114.76
4.63,4951.57,4836.67,114.91
4.65,4975.06,4860.00,115.06
4.67,4998.54,4883.33,115.21
4.68,5022.03,4906.67,115.36
4.70,5045.51,4930.00,115.51
4.72,5068.32,4953.33,114.99
4.73,5091.13,4976.67,114.47
4.75,5113.94,5000.00,113.94
4.77,5136.75,5023.33,113.42
4.78,5159.56,5046.67,112.89
4.80,5182.94,5070.00,112.94
4.82,5206.31,5093.33,112.98
4.83,5229.68,5116.67,113.02
4.85,5253.06,5140.00,113.06
4.87,5276.43,5163.33,113.10
4.88,5299.71,5186.67,113.04
4.90,5322.98,5210.00,112.98
4.92,5346.25,5233.33,112.92
4.93,5369.52,5256.67,112.86
4.95,5392.80,5280.00,112.80
4.97,5416.12,5303.33,112.79
4.98,5439.45,5326.67,112.79
5.00,5462.78,5350.00,112.78
5.02,5486.12,5373.33,112.79
5.03,5509.46,5396.67,112.79
5.05,5533.39,5420.00,113.39
5.07,5557.32,5443.33,113.98
5.08,5581.25,5466.67,114.58
5.10,5605.17,5490.00,115.17
5.12,5629.09,5513.33,115.75
5.13,5653.00,5536.67,116.33
5.15,5676.91,5560.00,116.91
5.17,5700.85,5583.33,117.52
5.18,5724.80,5606.67,118.13
5.20,5748.75,5630.00,118.75
5.22,5772.75,5653.33,119.42
5.23,5796.75,5676.67,120.08
5.25,5820.72,5700.00,120.72
5.27,5844.69,5723.33,121.35
5.28,5868.65,5746.67,121.98
5.30,5892.51,5770.00,122.51
5.32,5916.37,5793.33,123.04
5.33,5940.23,5816.67,123.57
5.35,5964.10,5840.00,124.10
5.37,5987.96,5863.33,124.62
5.38,6011.29,5886.67,124.62
5.40,6034.62,5910.00,124.62
5.42,6057.95,5933.33,124.61
5.43,6081.28,5956.67,124.61
5.45,6104.61,5980.00,124.61
5.47,6127.93,6003.33,124.60
5.48,6151.26,6026.67,124.59
5.50,6174.58,6050.00,124.58
5.52,6197.90,6073.33,124.57
5.53,6221.23,6096.67,124.56
5.55,6245.15,6120.00,125.15
5.57,6269.07,6143.33,125.73
5.58,6293.01,6166.67,126.34
5.60,6316.98,6190.00,126.98
5.62,6340.94,6213.33,127.61
5.63,6364.94,6236.67,128.27
5.65,6388.94,6260.00,128.94
5.67,6413.00,6283.33,129.66
5.68,6437.25,6306.67,130.58
5.70,6461.50,6330.00,131.50
5.72,6485.82,6353.33,132.48
5.73,6510.14,6376.67,133.47
5.75,6534.49,6400.00,134.49
5.77,6558.67,6423.33,135.34
5.78,6582.86,6446.67,136.19
5.80,6606.69,6470.00,136.69
5.82,6630.52,6493.33,137.19
5.83,6654.23,6516.67,137.56
5.85,6677.90,6540.00,137.91
5.87,6702.41,6564.17,138.25
5.88,6726.20,6588.33,137.86
5.90,6749.98,6612.50,137.48
5.92,6773.77,6636.67,137.10
5.93,6797.55,6660.83,136.72
5.95,6821.34,6685.00,136.34
5.97,6845.51,6709.17,136.34
5.98,6869.68,6733.33,136.35
6.00,6893.85,6757.50,136.35
6.02,6918.03,6781.67,136.36
6.03,6942.20,6805.83,136.37
6.05,6966.97,6830.00,136.97
6.07,6990.90,6853.33,137.57
6.08,7014.83,6876.67,138.17
6.10,7038.76,6900.00,138.76
6.12,7063.03,6923.67,139.36
6.13,7087.20,6947.83,139.37
6.15,7111.38,6972.00,139.38
6.17,7135.55,6996.17,139.38
6.18,7159.73,7020.33,139.39
6.20,7183.90,7044.50,139.40
6.22,7208.06,7068.67,139.40
6.23,7232.23,7092.83,139.39
6.25,7256.39,7117.00,139.39
6.27,7280.56,7141.17,139.39
6.28,7304.72,7165.33,139.39
6.30,7328.91,7189.50,139.41
6.32,7353.09,7213.67,139.42
6.33,7377.28,7237.83,139.44
6.35,7401.46,7262.00,139.46
6.37,7425.65,7286.17,139.48
6.38,7449.87,7310.33,139.54
6.40,7474.09,7334.50,139.59
6.42,7498.31,7358.67,139.65
6.43,7522.43,7382.67,139.76
6.45,7545.88,7406.00,139.88
6.47,7570.06,7429.33,140.72
6.48,7594.24,7452.67,141.57
6.50,7618.66,7476.00,142.66
6.52,7643.02,7499.33,143.69
6.53,7667.39,7522.67,144.72
6.55,7691.02,7546.00,145.02
6.57,7714.66,7569.33,145.32
6.58,7738.72,7593.33,145.38
6.60,7762.94,7617.50,145.44
6.62,7787.17,7641.67,145.50
6.63,7811.35,7665.83,145.52
6.65,7835.53,7690.00,145.53
6.67,7859.71,7714.17,145.54
6.68,7883.89,7738.33,145.55
6.70,7908.07,7762.50,145.57
6.72,7932.23,7786.67,145.57
6.73,7956.40,7810.83,145.57
6.75,7980.57,7835.00,145.57
6.77,8004.74,7859.17,145.57
6.78,8028.91,7883.33,145.57
6.80,8053.07,7907.50,145.57
6.82,8077.24,7931.67,145.57
6.83,8101.40,7955.83,145.57
6.85,8125.57,7980.00,145.57
6.87,8149.74,8004.17,145.57
6.88,8174.23,8028.33,145.89
6.90,8198.72,8052.50,146.22
6.92,8222.87,8076.33,146.54
6.93,8246.83,8099.67,147.16
6.95,8270.78,8123.00,147.78
6.97,8294.41,8146.33,148.08
6.98,8318.04,8169.67,148.37
