frame,video_s,s_since_start,A_left,jump_arrow,D_right,dir,A_certainty,jump_certainty,D_certainty,aim_angle_deg,aim_tx,aim_ty,aim_certainty
0,0.0000,-1.3830,0,0,0,0,1.00,1.00,1.00,-6.9,993,-120,1.00
1,0.0167,-1.3663,0,0,0,0,1.00,1.00,1.00,-6.9,993,-120,1.00
2,0.0333,-1.3497,0,0,0,0,1.00,1.00,1.00,-6.9,993,-120,1.00
3,0.0500,-1.3330,0,0,0,0,1.00,1.00,1.00,-6.9,993,-120,1.00
4,0.0667,-1.3163,0,1,1,1,1.00,1.00,1.00,-134.3,-698,-716,1.00
5,0.0833,-1.2997,0,0,1,1,1.00,1.00,1.00,22.3,925,379,1.00
6,0.1000,-1.2830,0,0,1,1,1.00,1.00,1.00,-134.6,-702,-712,1.00
7,0.1167,-1.2663,0,0,1,1,1.00,1.00,1.00,-142.3,-791,-612,1.00
8,0.1333,-1.2497,0,0,1,1,1.00,1.00,1.00,-151.6,-880,-476,1.00
9,0.1500,-1.2330,0,0,1,1,1.00,1.00,1.00,-151.5,-879,-477,1.00
10,0.1667,-1.2163,0,0,1,1,1.00,1.00,1.00,-151.5,-879,-477,1.00
11,0.1833,-1.1997,0,0,1,1,1.00,1.00,1.00,-156.0,-914,-407,1.00
12,0.2000,-1.1830,0,0,1,1,1.00,1.00,1.00,-157.2,-922,-388,1.00
13,0.2167,-1.1663,0,0,1,1,1.00,1.00,1.00,-151.4,-878,-479,1.00
14,0.2333,-1.1497,0,0,1,1,1.00,1.00,1.00,-126.6,-596,-803,1.00
15,0.2500,-1.1330,0,0,1,1,1.00,1.00,1.00,-126.6,-596,-803,1.00
16,0.2667,-1.1163,0,0,1,1,1.00,1.00,1.00,-126.6,-596,-803,1.00
17,0.2833,-1.0997,0,0,1,1,1.00,1.00,1.00,-126.7,-598,-802,1.00
18,0.3000,-1.0830,0,0,1,1,1.00,1.00,1.00,-105.8,-272,-962,0.69
19,0.3167,-1.0663,1,0,0,-1,1.00,1.00,1.00,-108.4,-316,-949,0.74
20,0.3333,-1.0497,0,0,1,1,1.00,1.00,1.00,169.2,-982,187,1.00
21,0.3500,-1.0330,0,0,1,1,1.00,1.00,1.00,-125.1,-575,-818,1.00
22,0.3667,-1.0163,0,0,1,1,1.00,1.00,1.00,31.0,857,515,1.00
23,0.3833,-0.9997,0,0,1,1,1.00,1.00,1.00,33.0,839,545,1.00
24,0.4000,-0.9830,0,0,1,1,1.00,1.00,1.00,33.0,839,545,1.00
25,0.4167,-0.9663,0,0,1,1,1.00,1.00,1.00,33.0,839,545,1.00
26,0.4333,-0.9497,0,0,1,1,1.00,1.00,1.00,33.0,839,545,1.00
27,0.4500,-0.9330,0,0,1,1,1.00,1.00,1.00,33.0,839,545,1.00
28,0.4667,-0.9163,0,0,1,1,1.00,1.00,1.00,33.0,839,545,1.00
29,0.4833,-0.8997,0,0,1,1,0.72,1.00,1.00,33.0,839,545,1.00
30,0.5000,-0.8830,0,0,1,1,1.00,1.00,1.00,33.0,839,545,1.00
31,0.5167,-0.8663,0,0,0,0,1.00,1.00,1.00,33.0,839,545,1.00
32,0.5333,-0.8497,0,0,1,1,1.00,1.00,1.00,27.7,885,465,1.00
33,0.5500,-0.8330,0,0,1,1,1.00,1.00,1.00,4.7,997,82,1.00
34,0.5667,-0.8163,0,0,1,1,1.00,1.00,1.00,0.3,1000,5,1.00
35,0.5833,-0.7997,0,0,1,1,1.00,1.00,1.00,0.3,1000,5,1.00
36,0.6000,-0.7830,0,0,1,1,1.00,1.00,1.00,79.1,189,982,1.00
37,0.6167,-0.7663,0,0,1,1,1.00,1.00,1.00,97.8,-136,991,1.00
38,0.6333,-0.7497,0,0,1,1,1.00,1.00,1.00,17.5,954,301,1.00
39,0.6500,-0.7330,0,0,1,1,1.00,1.00,1.00,112.8,-388,922,1.00
40,0.6667,-0.7163,0,0,1,1,1.00,1.00,1.00,145.1,-820,572,1.00
41,0.6833,-0.6997,0,0,1,1,1.00,1.00,1.00,11.0,982,191,1.00
42,0.7000,-0.6830,0,0,1,1,1.00,1.00,1.00,83.9,106,994,1.00
43,0.7167,-0.6663,0,0,1,1,1.00,1.00,1.00,179.0,-1000,17,0.98
44,0.7333,-0.6497,0,0,1,1,1.00,1.00,1.00,179.1,-1000,16,0.82
45,0.7500,-0.6330,0,0,1,1,1.00,1.00,1.00,179.1,-1000,16,0.83
46,0.7667,-0.6163,0,0,1,1,1.00,1.00,1.00,179.1,-1000,16,0.76
47,0.7833,-0.5997,0,0,1,1,1.00,1.00,1.00,179.0,-1000,17,0.51
48,0.8000,-0.5830,0,0,1,1,1.00,1.00,1.00,178.8,-1000,21,0.40
49,0.8167,-0.5663,0,0,1,1,1.00,1.00,1.00,-150.3,-869,-495,1.00
50,0.8333,-0.5497,0,0,1,1,1.00,1.00,1.00,-101.2,-194,-981,0.58
51,0.8500,-0.5330,0,0,1,1,1.00,1.00,1.00,-102.5,-216,-976,0.52
52,0.8667,-0.5163,0,0,1,1,1.00,1.00,1.00,-109.5,-334,-943,0.76
53,0.8833,-0.4997,0,0,1,1,1.00,1.00,1.00,-106.1,-277,-961,0.76
54,0.9000,-0.4830,0,0,1,1,1.00,1.00,1.00,-101.0,-191,-982,0.59
55,0.9167,-0.4663,0,0,1,1,1.00,1.00,1.00,-101.0,-191,-982,0.60
56,0.9333,-0.4497,0,0,1,1,1.00,1.00,1.00,-101.2,-194,-981,0.64
57,0.9500,-0.4330,0,0,1,1,1.00,1.00,1.00,-101.2,-194,-981,0.56
58,0.9667,-0.4163,0,0,1,1,1.00,1.00,1.00,119.2,-488,873,1.00
59,0.9833,-0.3997,0,0,1,1,1.00,1.00,1.00,102.9,-223,975,1.00
60,1.0000,-0.3830,0,0,1,1,1.00,1.00,1.00,102.9,-223,975,1.00
61,1.0167,-0.3663,0,0,1,1,1.00,1.00,1.00,102.9,-223,975,1.00
62,1.0333,-0.3497,0,0,1,1,1.00,1.00,1.00,81.6,146,989,1.00
63,1.0500,-0.3330,0,0,1,1,1.00,1.00,1.00,41.4,750,661,1.00
64,1.0667,-0.3163,0,0,1,1,1.00,1.00,1.00,-32.4,844,-536,1.00
65,1.0833,-0.2997,0,0,1,1,1.00,1.00,1.00,-38.0,788,-616,1.00
66,1.1000,-0.2830,0,0,1,1,1.00,1.00,1.00,-38.0,788,-616,1.00
67,1.1167,-0.2663,0,0,1,1,1.00,1.00,1.00,-38.0,788,-616,1.00
68,1.1333,-0.2497,0,0,1,1,1.00,1.00,1.00,-38.0,788,-616,1.00
69,1.1500,-0.2330,0,0,1,1,1.00,1.00,1.00,-38.0,788,-616,1.00
70,1.1667,-0.2163,0,0,1,1,1.00,1.00,1.00,-38.0,788,-616,1.00
71,1.1833,-0.1997,0,0,1,1,1.00,1.00,1.00,-38.0,788,-616,1.00
72,1.2000,-0.1830,0,0,1,1,1.00,1.00,1.00,-38.0,788,-616,1.00
73,1.2167,-0.1663,0,0,1,1,1.00,1.00,1.00,-38.0,788,-616,1.00
74,1.2333,-0.1497,0,0,1,1,1.00,1.00,1.00,-38.0,788,-616,1.00
75,1.2500,-0.1330,0,0,1,1,1.00,1.00,1.00,-38.0,788,-616,1.00
76,1.2667,-0.1163,0,0,1,1,1.00,1.00,1.00,-38.0,788,-616,1.00
77,1.2833,-0.0997,0,0,1,1,1.00,1.00,1.00,-38.0,788,-616,1.00
78,1.3000,-0.0830,0,0,1,1,1.00,1.00,1.00,-38.0,788,-616,1.00
79,1.3167,-0.0663,0,0,1,1,1.00,1.00,1.00,-38.0,788,-616,1.00
80,1.3333,-0.0497,0,0,1,1,1.00,1.00,1.00,-38.0,788,-616,1.00
81,1.3500,-0.0330,0,0,1,1,1.00,1.00,1.00,-29.2,873,-488,1.00
82,1.3667,-0.0163,0,0,1,1,1.00,1.00,1.00,-63.2,451,-893,0.00
83,1.3833,0.0003,0,1,1,1,1.00,1.00,0.98,-10.3,984,-179,0.00
84,1.4000,0.0170,0,1,1,1,1.00,1.00,1.00,-83.8,108,-994,0.00
85,1.4167,0.0337,0,0,1,1,1.00,1.00,0.56,48.0,669,743,0.00
86,1.4333,0.0503,0,1,1,1,1.00,1.00,1.00,21.6,930,368,0.00
87,1.4500,0.0670,0,1,1,1,1.00,1.00,0.61,53.0,602,799,0.68
88,1.4667,0.0837,0,0,1,1,1.00,1.00,0.61,52.9,603,798,1.00
89,1.4833,0.1003,0,0,1,1,1.00,1.00,1.00,49.7,647,763,1.00
90,1.5000,0.1170,0,0,1,1,1.00,1.00,1.00,54.8,576,817,1.00
91,1.5167,0.1337,0,0,1,1,1.00,1.00,1.00,124.3,-564,826,1.00
92,1.5333,0.1503,0,0,1,1,1.00,1.00,1.00,169.4,-983,184,1.00
93,1.5500,0.1670,0,0,1,1,1.00,1.00,1.00,103.4,-232,973,1.00
94,1.5667,0.1837,0,0,1,1,1.00,1.00,1.00,80.0,174,985,1.00
95,1.5833,0.2003,0,0,1,1,1.00,1.00,1.00,80.7,162,987,1.00
96,1.6000,0.2170,0,0,1,1,1.00,1.00,1.00,81.4,150,989,1.00
97,1.6167,0.2337,0,0,1,1,1.00,1.00,1.00,100.4,-181,984,1.00
98,1.6333,0.2503,0,0,1,1,1.00,1.00,1.00,112.2,-378,926,1.00
99,1.6500,0.2670,0,0,1,1,1.00,1.00,1.00,72.9,294,956,1.00
100,1.6667,0.2837,0,0,1,1,1.00,1.00,1.00,72.8,296,955,1.00
101,1.6833,0.3003,0,0,1,1,1.00,1.00,1.00,72.9,294,956,1.00
102,1.7000,0.3170,0,0,1,1,1.00,1.00,1.00,73.6,282,959,1.00
103,1.7167,0.3337,0,0,1,1,1.00,1.00,1.00,74.3,271,963,1.00
104,1.7333,0.3503,0,0,1,1,1.00,1.00,1.00,74.0,276,961,1.00
105,1.7500,0.3670,0,0,1,1,1.00,1.00,1.00,73.0,292,956,1.00
106,1.7667,0.3837,0,0,1,1,1.00,1.00,1.00,74.3,271,963,1.00
107,1.7833,0.4003,0,0,1,1,1.00,1.00,1.00,171.8,-990,143,1.00
108,1.8000,0.4170,0,0,1,1,1.00,1.00,1.00,-158.6,-931,-365,1.00
109,1.8167,0.4337,0,0,1,1,1.00,1.00,1.00,-158.6,-931,-365,1.00
110,1.8333,0.4503,0,0,1,1,1.00,1.00,1.00,-164.7,-965,-264,1.00
111,1.8500,0.4670,0,0,1,1,1.00,1.00,1.00,107.0,-292,956,1.00
112,1.8667,0.4837,0,0,1,1,1.00,1.00,1.00,-105.4,-266,-964,0.76
113,1.8833,0.5003,0,0,1,1,1.00,1.00,1.00,-100.1,-175,-985,0.67
114,1.9000,0.5170,0,0,1,1,1.00,1.00,1.00,-107.8,-306,-952,0.85
115,1.9167,0.5337,0,0,1,1,1.00,1.00,1.00,-112.1,-376,-927,0.89
116,1.9333,0.5503,0,0,1,1,1.00,1.00,1.00,-109.3,-331,-944,0.75
117,1.9500,0.5670,0,0,1,1,1.00,1.00,1.00,-113.9,-405,-914,0.83
118,1.9667,0.5837,0,0,1,1,1.00,1.00,1.00,-113.9,-405,-914,0.82
119,1.9833,0.6003,0,0,1,1,1.00,1.00,1.00,-76.3,237,-972,1.00
120,2.0000,0.6170,0,0,1,1,1.00,1.00,1.00,-60.2,497,-868,1.00
121,2.0167,0.6337,0,0,1,1,1.00,1.00,1.00,-60.2,497,-868,1.00
122,2.0333,0.6503,0,0,1,1,1.00,1.00,1.00,-60.2,497,-868,1.00
123,2.0500,0.6670,0,0,1,1,1.00,1.00,1.00,-60.2,497,-868,1.00
124,2.0667,0.6837,0,0,1,1,1.00,1.00,1.00,-60.2,497,-868,1.00
125,2.0833,0.7003,0,0,1,1,1.00,1.00,1.00,-60.2,497,-868,1.00
126,2.1000,0.7170,0,0,1,1,1.00,1.00,1.00,-60.2,497,-868,1.00
127,2.1167,0.7337,0,0,1,1,1.00,1.00,1.00,-60.2,497,-868,1.00
128,2.1333,0.7503,0,0,1,1,1.00,1.00,1.00,-60.2,497,-868,1.00
129,2.1500,0.7670,0,0,1,1,1.00,1.00,1.00,-56.4,553,-833,1.00
130,2.1667,0.7837,0,0,1,1,1.00,1.00,1.00,-3.5,998,-61,1.00
131,2.1833,0.8003,0,0,1,1,1.00,1.00,1.00,11.6,980,201,1.00
132,2.2000,0.8170,0,0,1,1,1.00,1.00,1.00,11.6,980,201,1.00
133,2.2167,0.8337,0,0,1,1,1.00,1.00,1.00,11.6,980,201,1.00
134,2.2333,0.8503,0,0,1,1,1.00,1.00,1.00,11.6,980,201,1.00
135,2.2500,0.8670,0,0,1,1,1.00,1.00,1.00,11.6,980,201,1.00
136,2.2667,0.8837,0,0,1,1,1.00,1.00,1.00,11.6,980,201,1.00
137,2.2833,0.9003,0,0,1,1,1.00,1.00,1.00,11.6,980,201,1.00
138,2.3000,0.9170,0,0,1,1,1.00,1.00,1.00,11.6,980,201,1.00
139,2.3167,0.9337,0,0,1,1,1.00,1.00,1.00,-16.5,959,-284,1.00
140,2.3333,0.9503,0,0,1,1,1.00,1.00,1.00,-57.7,534,-845,1.00
141,2.3500,0.9670,0,0,1,1,1.00,1.00,1.00,-36.2,807,-591,1.00
142,2.3667,0.9837,0,0,1,1,1.00,1.00,1.00,-55.7,564,-826,1.00
143,2.3833,1.0003,0,0,1,1,1.00,1.00,1.00,-60.1,498,-867,1.00
144,2.4000,1.0170,0,0,1,1,1.00,1.00,1.00,-60.2,497,-868,1.00
145,2.4167,1.0337,0,0,1,1,1.00,0.79,1.00,-60.1,498,-867,1.00
146,2.4333,1.0503,0,0,1,1,1.00,0.40,1.00,-60.2,497,-868,1.00
147,2.4500,1.0670,0,0,1,1,1.00,0.38,1.00,-60.2,497,-868,1.00
148,2.4667,1.0837,0,0,1,1,1.00,0.40,1.00,-60.2,497,-868,1.00
149,2.4833,1.1003,0,0,1,1,1.00,0.79,1.00,-60.2,497,-868,1.00
150,2.5000,1.1170,0,0,1,1,1.00,1.00,1.00,-95.2,-91,-996,0.87
151,2.5167,1.1337,0,0,1,1,1.00,1.00,1.00,-173.8,-994,-108,1.00
152,2.5333,1.1503,0,1,1,1,1.00,0.99,1.00,-173.8,-994,-108,1.00
153,2.5500,1.1670,0,1,1,1,1.00,1.00,1.00,-173.8,-994,-108,1.00
154,2.5667,1.1837,0,0,1,1,1.00,1.00,1.00,99.1,-158,987,1.00
155,2.5833,1.2003,0,0,1,1,1.00,1.00,1.00,79.9,175,985,1.00
156,2.6000,1.2170,0,0,1,1,1.00,1.00,1.00,73.5,284,959,1.00
157,2.6167,1.2337,0,0,1,1,1.00,1.00,1.00,69.9,344,939,1.00
158,2.6333,1.2503,0,0,1,1,1.00,1.00,1.00,69.9,344,939,1.00
159,2.6500,1.2670,0,0,1,1,1.00,1.00,1.00,69.9,344,939,1.00
160,2.6667,1.2837,0,0,1,1,1.00,1.00,1.00,69.9,344,939,1.00
161,2.6833,1.3003,0,0,1,1,1.00,1.00,1.00,69.9,344,939,1.00
162,2.7000,1.3170,0,0,1,1,1.00,1.00,1.00,69.9,344,939,1.00
163,2.7167,1.3337,0,0,1,1,1.00,1.00,1.00,68.3,370,929,1.00
164,2.7333,1.3503,0,0,1,1,1.00,1.00,1.00,61.4,479,878,1.00
165,2.7500,1.3670,0,0,1,1,1.00,1.00,1.00,61.4,479,878,1.00
166,2.7667,1.3837,0,0,1,1,1.00,1.00,1.00,61.4,479,878,1.00
167,2.7833,1.4003,0,0,1,1,1.00,1.00,1.00,61.4,479,878,1.00
168,2.8000,1.4170,0,0,1,1,1.00,1.00,1.00,61.4,479,878,1.00
169,2.8167,1.4337,0,0,1,1,1.00,1.00,1.00,61.4,479,878,1.00
170,2.8333,1.4503,0,0,1,1,1.00,1.00,1.00,57.9,531,847,1.00
171,2.8500,1.4670,0,0,1,1,1.00,0.92,1.00,-90.0,0,-1000,0.11
172,2.8667,1.4837,0,0,1,1,1.00,0.85,1.00,-92.3,-40,-999,0.79
173,2.8833,1.5003,0,1,1,1,0.59,1.00,1.00,-146.1,-830,-558,0.00
174,2.9000,1.5170,0,0,1,1,1.00,0.85,1.00,-88.5,26,-1000,0.93
175,2.9167,1.5337,0,0,1,1,1.00,0.85,1.00,-84.7,92,-996,0.87
176,2.9333,1.5503,0,0,1,1,1.00,0.85,1.00,-73.2,289,-957,1.00
177,2.9500,1.5670,0,0,1,1,1.00,0.85,1.00,-73.2,289,-957,1.00
178,2.9667,1.5837,0,0,1,1,1.00,1.00,1.00,-73.2,289,-957,1.00
179,2.9833,1.6003,0,0,1,1,1.00,1.00,1.00,-73.0,292,-956,1.00
180,3.0000,1.6170,0,0,1,1,1.00,1.00,1.00,-73.0,292,-956,1.00
181,3.0167,1.6337,0,0,1,1,1.00,1.00,1.00,-73.2,289,-957,1.00
182,3.0333,1.6503,0,0,1,1,1.00,1.00,1.00,-73.2,289,-957,1.00
183,3.0500,1.6670,0,0,1,1,1.00,1.00,1.00,-73.2,289,-957,1.00
184,3.0667,1.6837,0,0,1,1,1.00,1.00,1.00,-73.2,289,-957,0.95
185,3.0833,1.7003,0,0,1,1,1.00,1.00,1.00,-80.6,163,-987,0.10
186,3.1000,1.7170,0,0,1,1,1.00,1.00,1.00,-120.0,-500,-866,0.00
187,3.1167,1.7337,0,0,1,1,1.00,1.00,1.00,-86.3,65,-998,0.00
188,3.1333,1.7503,0,0,1,1,1.00,1.00,1.00,147.3,-842,540,0.00
189,3.1500,1.7670,0,0,1,1,1.00,1.00,1.00,142.4,-792,610,0.00
190,3.1667,1.7837,0,0,1,1,1.00,1.00,1.00,-85.4,80,-997,0.05
191,3.1833,1.8003,0,0,1,1,1.00,1.00,1.00,-85.9,71,-997,0.87
192,3.2000,1.8170,0,0,1,1,1.00,1.00,1.00,-142.1,-789,-614,0.78
193,3.2167,1.8337,0,0,1,1,1.00,1.00,1.00,149.4,-861,509,1.00
194,3.2333,1.8503,0,0,1,1,1.00,1.00,1.00,149.4,-861,509,1.00
195,3.2500,1.8670,0,0,1,1,1.00,1.00,1.00,149.4,-861,509,1.00
196,3.2667,1.8837,0,0,1,1,1.00,1.00,1.00,149.4,-861,509,1.00
197,3.2833,1.9003,0,0,1,1,1.00,1.00,1.00,149.4,-861,509,1.00
198,3.3000,1.9170,0,0,1,1,1.00,1.00,1.00,149.3,-860,511,0.90
199,3.3167,1.9337,0,0,1,1,1.00,1.00,1.00,149.3,-860,511,0.82
200,3.3333,1.9503,0,0,1,1,1.00,1.00,1.00,143.2,-801,599,0.93
201,3.3500,1.9670,0,0,1,1,1.00,1.00,1.00,30.9,858,514,1.00
202,3.3667,1.9837,0,0,1,1,1.00,1.00,1.00,4.8,996,84,1.00
203,3.3833,2.0003,0,0,1,1,1.00,1.00,1.00,-1.1,1000,-19,1.00
204,3.4000,2.0170,0,0,1,1,1.00,1.00,1.00,-1.1,1000,-19,1.00
205,3.4167,2.0337,0,0,1,1,1.00,1.00,1.00,-1.1,1000,-19,1.00
206,3.4333,2.0503,0,0,1,1,1.00,1.00,1.00,-1.1,1000,-19,1.00
207,3.4500,2.0670,0,0,1,1,1.00,1.00,1.00,-1.1,1000,-19,1.00
208,3.4667,2.0837,0,0,1,1,1.00,1.00,1.00,-1.1,1000,-19,1.00
209,3.4833,2.1003,0,0,1,1,1.00,1.00,1.00,-1.1,1000,-19,1.00
210,3.5000,2.1170,0,0,1,1,1.00,1.00,1.00,-1.1,1000,-19,1.00
211,3.5167,2.1337,0,0,1,1,1.00,1.00,1.00,-1.1,1000,-19,1.00
212,3.5333,2.1503,0,0,1,1,1.00,1.00,1.00,-1.1,1000,-19,1.00
213,3.5500,2.1670,0,0,1,1,1.00,1.00,1.00,-1.1,1000,-19,1.00
214,3.5667,2.1837,0,0,1,1,1.00,1.00,1.00,-1.1,1000,-19,1.00
215,3.5833,2.2003,0,0,1,1,1.00,1.00,1.00,-1.1,1000,-19,1.00
216,3.6000,2.2170,0,0,1,1,1.00,1.00,1.00,-1.1,1000,-19,1.00
217,3.6167,2.2337,0,0,1,1,1.00,1.00,1.00,6.5,994,113,1.00
218,3.6333,2.2503,0,0,1,1,1.00,1.00,1.00,-175.5,-997,-78,1.00
219,3.6500,2.2670,0,0,1,1,1.00,1.00,1.00,-4.9,996,-85,1.00
220,3.6667,2.2837,0,0,1,1,1.00,1.00,1.00,-53.3,598,-802,1.00
221,3.6833,2.3003,0,0,1,1,1.00,1.00,1.00,-67.4,384,-923,1.00
222,3.7000,2.3170,0,0,1,1,1.00,1.00,1.00,-67.4,384,-923,1.00
223,3.7167,2.3337,0,0,1,1,1.00,1.00,1.00,-67.4,384,-923,1.00
224,3.7333,2.3503,0,0,1,1,1.00,1.00,1.00,-66.2,404,-915,1.00
225,3.7500,2.3670,0,0,1,1,1.00,1.00,1.00,-62.3,465,-885,1.00
226,3.7667,2.3837,0,0,1,1,1.00,1.00,1.00,-61.7,474,-880,1.00
227,3.7833,2.4003,0,0,1,1,1.00,1.00,1.00,-61.7,474,-880,1.00
228,3.8000,2.4170,0,0,1,1,1.00,1.00,1.00,-61.8,473,-881,1.00
229,3.8167,2.4337,0,0,1,1,1.00,1.00,1.00,-21.6,930,-368,1.00
230,3.8333,2.4503,0,0,1,1,1.00,1.00,1.00,98.6,-150,989,1.00
231,3.8500,2.4670,0,0,1,1,1.00,1.00,1.00,97.4,-129,992,1.00
232,3.8667,2.4837,0,0,1,1,1.00,1.00,1.00,78.7,196,981,1.00
233,3.8833,2.5003,0,0,1,1,1.00,1.00,1.00,77.3,220,976,1.00
234,3.9000,2.5170,0,0,1,1,1.00,1.00,1.00,77.3,220,976,1.00
235,3.9167,2.5337,0,0,1,1,1.00,1.00,1.00,57.3,540,842,1.00
236,3.9333,2.5503,0,0,1,1,1.00,1.00,1.00,-52.1,614,-789,1.00
237,3.9500,2.5670,0,0,1,1,1.00,1.00,1.00,-52.1,614,-789,1.00
238,3.9667,2.5837,0,0,1,1,1.00,1.00,1.00,-52.1,614,-789,1.00
239,3.9833,2.6003,0,0,1,1,1.00,1.00,1.00,-88.8,21,-1000,0.99
240,4.0000,2.6170,0,0,1,1,1.00,1.00,1.00,-90.1,-2,-1000,0.51
241,4.0167,2.6337,0,0,1,1,1.00,1.00,1.00,-90.1,-2,-1000,0.55
242,4.0333,2.6503,0,0,1,1,1.00,1.00,1.00,-90.1,-2,-1000,0.39
243,4.0500,2.6670,0,0,1,1,1.00,1.00,1.00,-90.1,-2,-1000,0.49
244,4.0667,2.6837,0,0,1,1,1.00,1.00,1.00,-90.1,-2,-1000,0.39
245,4.0833,2.7003,0,0,1,1,1.00,1.00,1.00,-90.1,-2,-1000,0.48
246,4.1000,2.7170,0,0,1,1,1.00,1.00,1.00,-90.1,-2,-1000,0.54
247,4.1167,2.7337,0,0,1,1,1.00,1.00,1.00,-90.1,-2,-1000,0.50
248,4.1333,2.7503,0,0,1,1,1.00,1.00,1.00,-90.1,-2,-1000,0.00
249,4.1500,2.7670,0,0,1,1,1.00,1.00,1.00,-5.5,995,-96,1.00
250,4.1667,2.7837,0,0,1,1,1.00,1.00,1.00,-5.5,995,-96,1.00
251,4.1833,2.8003,0,0,1,1,1.00,1.00,1.00,42.6,736,677,1.00
252,4.2000,2.8170,0,0,1,1,1.00,1.00,1.00,-2.0,999,-35,1.00
253,4.2167,2.8337,0,0,1,1,1.00,1.00,1.00,-48.3,665,-747,1.00
254,4.2333,2.8503,0,0,1,1,1.00,1.00,1.00,-12.7,976,-220,1.00
255,4.2500,2.8670,0,0,1,1,1.00,1.00,1.00,-12.7,976,-220,1.00
256,4.2667,2.8837,0,0,1,1,1.00,1.00,1.00,-7.1,992,-124,1.00
257,4.2833,2.9003,0,0,1,1,1.00,1.00,1.00,-19.2,944,-329,1.00
258,4.3000,2.9170,0,0,1,1,1.00,1.00,1.00,-25.3,904,-427,1.00
259,4.3167,2.9337,0,0,1,1,1.00,1.00,1.00,-25.3,904,-427,1.00
260,4.3333,2.9503,0,0,1,1,1.00,1.00,1.00,-25.3,904,-427,1.00
261,4.3500,2.9670,0,0,1,1,1.00,1.00,1.00,-25.3,904,-427,1.00
262,4.3667,2.9837,0,0,1,1,1.00,1.00,1.00,-25.3,904,-427,1.00
263,4.3833,3.0003,0,0,1,1,1.00,1.00,1.00,-25.3,904,-427,1.00
264,4.4000,3.0170,0,0,1,1,1.00,1.00,1.00,7.3,992,127,1.00
265,4.4167,3.0337,0,0,1,1,1.00,1.00,1.00,31.5,853,522,1.00
266,4.4333,3.0503,0,0,1,1,1.00,1.00,1.00,31.5,853,522,1.00
267,4.4500,3.0670,0,0,1,1,1.00,1.00,1.00,31.5,853,522,1.00
268,4.4667,3.0837,0,0,1,1,1.00,1.00,1.00,-37.8,790,-613,1.00
269,4.4833,3.1003,0,0,1,1,1.00,1.00,1.00,-61.8,473,-881,1.00
270,4.5000,3.1170,0,0,1,1,1.00,1.00,1.00,-61.8,473,-881,1.00
271,4.5167,3.1337,0,0,1,1,1.00,1.00,1.00,-39.5,772,-636,1.00
272,4.5333,3.1503,0,0,1,1,1.00,1.00,1.00,-14.1,970,-244,1.00
273,4.5500,3.1670,0,0,1,1,1.00,1.00,1.00,-14.1,970,-244,1.00
274,4.5667,3.1837,0,0,1,1,1.00,1.00,1.00,-57.5,537,-843,1.00
275,4.5833,3.2003,0,0,1,1,1.00,1.00,1.00,-71.8,312,-950,1.00
276,4.6000,3.2170,0,0,1,1,1.00,1.00,1.00,-78.7,196,-981,1.00
277,4.6167,3.2337,0,0,1,1,1.00,1.00,1.00,-78.7,196,-981,1.00
278,4.6333,3.2503,0,0,1,1,1.00,1.00,1.00,-78.7,196,-981,1.00
279,4.6500,3.2670,0,0,1,1,1.00,1.00,1.00,-78.7,196,-981,1.00
280,4.6667,3.2837,0,0,1,1,1.00,1.00,1.00,-78.7,196,-981,1.00
281,4.6833,3.3003,0,0,1,1,1.00,1.00,1.00,-21.5,930,-367,1.00
282,4.7000,3.3170,0,0,1,1,1.00,1.00,1.00,-44.3,716,-698,1.00
283,4.7167,3.3337,0,0,1,1,1.00,1.00,1.00,-67.1,389,-921,1.00
284,4.7333,3.3503,0,0,1,1,1.00,1.00,1.00,52.2,613,790,1.00
285,4.7500,3.3670,0,0,1,1,1.00,1.00,1.00,37.3,795,606,1.00
286,4.7667,3.3837,0,0,1,1,1.00,1.00,1.00,35.8,811,585,1.00
287,4.7833,3.4003,0,0,1,1,1.00,1.00,1.00,35.8,811,585,1.00
288,4.8000,3.4170,0,0,1,1,1.00,1.00,1.00,15.4,964,266,1.00
289,4.8167,3.4337,0,0,1,1,1.00,1.00,1.00,-113.9,-405,-914,0.87
290,4.8333,3.4503,0,0,1,1,1.00,1.00,1.00,-114.2,-410,-912,0.87
291,4.8500,3.4670,0,0,1,1,1.00,1.00,1.00,-114.1,-408,-913,0.86
292,4.8667,3.4837,0,0,1,1,1.00,1.00,1.00,-114.2,-410,-912,0.87
293,4.8833,3.5003,0,0,1,1,1.00,1.00,1.00,-113.9,-405,-914,0.87
294,4.9000,3.5170,0,0,1,1,1.00,1.00,1.00,-145.3,-822,-569,1.00
295,4.9167,3.5337,0,0,1,1,1.00,1.00,1.00,-147.8,-846,-533,1.00
296,4.9333,3.5503,0,0,1,1,1.00,1.00,1.00,-66.2,404,-915,1.00
297,4.9500,3.5670,0,0,1,1,1.00,1.00,1.00,-66.2,404,-915,1.00
298,4.9667,3.5837,0,0,1,1,1.00,1.00,1.00,-66.2,404,-915,1.00
299,4.9833,3.6003,0,0,1,1,1.00,1.00,1.00,-66.2,404,-915,1.00
300,5.0000,3.6170,0,0,1,1,1.00,1.00,1.00,-54.1,586,-810,1.00
301,5.0167,3.6337,0,0,1,1,1.00,1.00,1.00,-32.0,848,-530,1.00
302,5.0333,3.6503,0,0,1,1,1.00,1.00,1.00,-36.8,801,-599,1.00
303,5.0500,3.6670,0,0,1,1,1.00,1.00,1.00,-103.7,-237,-972,0.33
304,5.0667,3.6837,0,0,1,1,1.00,1.00,1.00,-112.9,-389,-921,0.26
305,5.0833,3.7003,0,0,1,1,1.00,1.00,1.00,-148.0,-848,-530,0.00
306,5.1000,3.7170,0,0,1,1,1.00,1.00,1.00,-83.1,120,-993,0.85
307,5.1167,3.7337,0,0,1,1,1.00,1.00,1.00,-82.4,132,-991,0.81
308,5.1333,3.7503,0,0,1,1,1.00,1.00,1.00,-82.4,132,-991,0.75
309,5.1500,3.7670,0,0,1,1,1.00,1.00,1.00,-82.4,132,-991,0.64
310,5.1667,3.7837,0,0,1,1,1.00,1.00,1.00,-82.4,132,-991,0.66
311,5.1833,3.8003,0,0,1,1,1.00,1.00,1.00,-92.6,-45,-999,0.25
312,5.2000,3.8170,0,0,1,1,1.00,1.00,1.00,-90.2,-3,-1000,0.00
313,5.2167,3.8337,0,0,1,1,1.00,1.00,1.00,-89.8,3,-1000,0.34
314,5.2333,3.8503,0,0,1,1,1.00,1.00,1.00,-113.9,-405,-914,0.25
315,5.2500,3.8670,0,0,1,1,1.00,1.00,1.00,-114.1,-408,-913,0.53
316,5.2667,3.8837,0,0,1,1,1.00,1.00,1.00,-114.1,-408,-913,0.61
317,5.2833,3.9003,0,0,1,1,1.00,1.00,1.00,-114.1,-408,-913,0.72
318,5.3000,3.9170,0,0,1,1,1.00,1.00,1.00,-94.0,-70,-998,0.63
319,5.3167,3.9337,0,1,1,1,1.00,0.70,1.00,-51.4,624,-782,1.00
320,5.3333,3.9503,0,1,1,1,1.00,1.00,1.00,-22.6,923,-384,1.00
321,5.3500,3.9670,0,1,1,1,1.00,1.00,1.00,-22.6,923,-384,1.00
322,5.3667,3.9837,0,1,1,1,1.00,1.00,1.00,-22.6,923,-384,1.00
323,5.3833,4.0003,0,0,1,1,1.00,1.00,1.00,-75.2,255,-967,0.89
324,5.4000,4.0170,0,0,1,1,1.00,1.00,1.00,-94.5,-78,-997,0.00
325,5.4167,4.0337,0,0,1,1,1.00,1.00,1.00,-84.2,101,-995,0.00
326,5.4333,4.0503,0,0,1,1,1.00,1.00,1.00,-73.7,281,-960,0.00
327,5.4500,4.0670,0,0,1,1,1.00,1.00,1.00,-133.4,-687,-727,0.00
328,5.4667,4.0837,0,0,1,1,1.00,1.00,1.00,16.5,959,284,0.00
329,5.4833,4.1003,0,0,1,1,1.00,1.00,1.00,-122.5,-537,-843,0.31
330,5.5000,4.1170,0,0,1,1,1.00,1.00,1.00,-122.5,-537,-843,0.34
331,5.5167,4.1337,0,0,1,1,1.00,1.00,1.00,-122.5,-537,-843,0.36
332,5.5333,4.1503,0,0,1,1,1.00,1.00,1.00,-114.7,-418,-909,0.00
333,5.5500,4.1670,0,0,1,1,1.00,1.00,1.00,-94.5,-78,-997,0.00
334,5.5667,4.1837,0,0,1,1,1.00,1.00,1.00,81.9,141,990,0.37
335,5.5833,4.2003,0,0,1,1,1.00,1.00,1.00,-74.6,266,-964,1.00
336,5.6000,4.2170,0,0,1,1,1.00,1.00,1.00,-122.8,-542,-841,0.49
337,5.6167,4.2337,0,0,1,1,1.00,1.00,1.00,-146.1,-830,-558,1.00
338,5.6333,4.2503,0,0,1,1,1.00,1.00,1.00,-146.1,-830,-558,1.00
339,5.6500,4.2670,0,0,1,1,1.00,1.00,1.00,-146.1,-830,-558,1.00
340,5.6667,4.2837,0,0,1,1,1.00,1.00,1.00,-146.1,-830,-558,1.00
341,5.6833,4.3003,0,0,1,1,1.00,1.00,1.00,-43.3,728,-686,1.00
342,5.7000,4.3170,0,0,1,1,1.00,1.00,1.00,6.6,993,115,1.00
343,5.7167,4.3337,0,0,1,1,1.00,1.00,1.00,44.2,717,697,1.00
344,5.7333,4.3503,0,0,1,1,1.00,1.00,1.00,43.7,723,691,1.00
345,5.7500,4.3670,0,0,1,1,1.00,1.00,1.00,45.7,698,716,1.00
346,5.7667,4.3837,0,0,1,1,1.00,1.00,1.00,45.9,696,718,1.00
347,5.7833,4.4003,0,0,1,1,1.00,1.00,1.00,45.9,696,718,1.00
348,5.8000,4.4170,0,0,1,1,1.00,1.00,1.00,45.9,696,718,1.00
349,5.8167,4.4337,0,0,1,1,1.00,1.00,1.00,45.9,696,718,1.00
350,5.8333,4.4503,0,0,1,1,1.00,1.00,1.00,46.0,695,719,0.67
351,5.8500,4.4670,0,1,1,1,1.00,0.44,1.00,80.8,160,987,0.00
352,5.8667,4.4837,0,1,1,1,1.00,0.44,1.00,45.4,702,712,0.01
353,5.8833,4.5003,0,0,1,1,1.00,1.00,1.00,46.0,695,719,0.91
354,5.9000,4.5170,0,0,1,1,1.00,1.00,1.00,45.9,696,718,1.00
355,5.9167,4.5337,0,0,1,1,1.00,1.00,1.00,45.9,696,718,1.00
356,5.9333,4.5503,0,0,1,1,1.00,1.00,1.00,45.9,696,718,1.00
357,5.9500,4.5670,0,0,1,1,1.00,1.00,1.00,45.9,696,718,1.00
358,5.9667,4.5837,0,0,1,1,1.00,1.00,1.00,59.7,505,863,1.00
359,5.9833,4.6003,0,0,1,1,1.00,1.00,1.00,65.7,412,911,1.00
360,6.0000,4.6170,0,0,1,1,1.00,1.00,1.00,65.7,412,911,1.00
361,6.0167,4.6337,0,0,1,1,1.00,1.00,1.00,65.7,412,911,1.00
362,6.0333,4.6503,0,0,1,1,1.00,1.00,1.00,55.0,574,819,1.00
363,6.0500,4.6670,0,0,1,1,1.00,1.00,1.00,-4.0,998,-70,1.00
364,6.0667,4.6837,0,0,1,1,1.00,1.00,1.00,-12.7,976,-220,1.00
365,6.0833,4.7003,0,0,1,1,1.00,1.00,1.00,-12.7,976,-220,1.00
366,6.1000,4.7170,0,0,1,1,1.00,1.00,1.00,108.2,-312,950,1.00
367,6.1167,4.7337,0,0,1,1,1.00,1.00,1.00,141.0,-777,629,1.00
368,6.1333,4.7503,0,0,1,1,1.00,1.00,1.00,141.0,-777,629,1.00
369,6.1500,4.7670,0,0,1,1,1.00,1.00,1.00,141.0,-777,629,1.00
370,6.1667,4.7837,0,0,1,1,1.00,1.00,1.00,141.0,-777,629,1.00
371,6.1833,4.8003,0,0,1,1,1.00,1.00,1.00,19.3,944,331,1.00
372,6.2000,4.8170,0,0,1,1,1.00,1.00,1.00,5.9,995,103,1.00
373,6.2167,4.8337,0,0,1,1,1.00,1.00,1.00,5.9,995,103,1.00
374,6.2333,4.8503,0,0,1,1,1.00,1.00,1.00,5.9,995,103,1.00
375,6.2500,4.8670,0,0,1,1,1.00,1.00,1.00,5.9,995,103,1.00
376,6.2667,4.8837,0,0,1,1,1.00,1.00,1.00,5.9,995,103,1.00
377,6.2833,4.9003,0,0,1,1,1.00,1.00,1.00,5.9,995,103,1.00
378,6.3000,4.9170,0,0,1,1,1.00,1.00,1.00,5.9,995,103,1.00
379,6.3167,4.9337,0,0,1,1,1.00,1.00,1.00,5.9,995,103,1.00
380,6.3333,4.9503,0,0,1,1,1.00,1.00,1.00,1.4,1000,24,1.00
381,6.3500,4.9670,0,0,1,1,1.00,1.00,1.00,-45.0,707,-707,1.00
382,6.3667,4.9837,0,0,1,1,1.00,1.00,1.00,-45.0,707,-707,1.00
383,6.3833,5.0003,0,0,1,1,1.00,1.00,1.00,-45.0,707,-707,1.00
384,6.4000,5.0170,0,0,1,1,1.00,1.00,1.00,-45.0,707,-707,1.00
385,6.4167,5.0337,0,0,1,1,1.00,1.00,1.00,-45.0,707,-707,1.00
386,6.4333,5.0503,0,0,1,1,1.00,1.00,1.00,-45.0,707,-707,1.00
387,6.4500,5.0670,0,0,1,1,1.00,1.00,1.00,-45.0,707,-707,1.00
388,6.4667,5.0837,0,0,1,1,1.00,1.00,1.00,-45.0,707,-707,1.00
389,6.4833,5.1003,0,0,1,1,1.00,1.00,1.00,-45.0,707,-707,1.00
390,6.5000,5.1170,0,0,1,1,1.00,1.00,1.00,-89.1,16,-1000,0.91
391,6.5167,5.1337,0,0,1,1,1.00,1.00,1.00,-143.4,-803,-596,1.00
392,6.5333,5.1503,0,0,1,1,1.00,1.00,1.00,-143.4,-803,-596,1.00
393,6.5500,5.1670,0,0,1,1,1.00,1.00,1.00,-143.4,-803,-596,1.00
394,6.5667,5.1837,0,0,1,1,1.00,1.00,1.00,-65.5,415,-910,1.00
395,6.5833,5.2003,0,0,1,1,1.00,1.00,1.00,-59.1,514,-858,1.00
396,6.6000,5.2170,0,0,1,1,1.00,1.00,1.00,-120.6,-509,-861,0.32
397,6.6167,5.2337,0,0,1,1,1.00,1.00,1.00,-152.9,-890,-456,1.00
398,6.6333,5.2503,0,0,1,1,1.00,1.00,1.00,-152.9,-890,-456,1.00
399,6.6500,5.2670,0,0,1,1,1.00,1.00,1.00,-152.9,-890,-456,1.00
400,6.6667,5.2837,0,0,1,1,1.00,1.00,1.00,-152.9,-890,-456,1.00
401,6.6833,5.3003,0,0,1,1,1.00,1.00,1.00,-152.9,-890,-456,1.00
402,6.7000,5.3170,0,0,1,1,1.00,1.00,1.00,-152.9,-890,-456,1.00
403,6.7167,5.3337,0,0,1,1,1.00,1.00,1.00,-152.9,-890,-456,1.00
404,6.7333,5.3503,0,0,1,1,1.00,1.00,1.00,-152.9,-890,-456,1.00
405,6.7500,5.3670,0,0,1,1,1.00,1.00,1.00,-152.9,-890,-456,1.00
406,6.7667,5.3837,0,0,1,1,1.00,1.00,1.00,-152.9,-890,-456,1.00
407,6.7833,5.4003,0,0,1,1,1.00,1.00,1.00,-152.9,-890,-456,1.00
408,6.8000,5.4170,0,0,1,1,1.00,1.00,1.00,-152.9,-890,-456,1.00
409,6.8167,5.4337,0,0,1,1,1.00,1.00,1.00,-152.9,-890,-456,1.00
410,6.8333,5.4503,0,0,1,1,1.00,1.00,1.00,-156.6,-918,-397,1.00
411,6.8500,5.4670,0,0,1,1,1.00,1.00,1.00,168.6,-980,198,0.97
412,6.8667,5.4837,0,0,1,1,1.00,1.00,1.00,-42.2,741,-672,1.00
413,6.8833,5.5003,0,0,1,1,1.00,1.00,1.00,-39.3,774,-633,1.00
414,6.9000,5.5170,0,0,1,1,1.00,1.00,1.00,33.5,834,552,1.00
415,6.9167,5.5337,0,0,1,1,1.00,1.00,1.00,79.9,175,985,1.00
416,6.9333,5.5503,0,0,1,1,1.00,1.00,1.00,79.9,175,985,1.00
417,6.9500,5.5670,0,0,1,1,1.00,1.00,1.00,79.9,175,985,1.00
418,6.9667,5.5837,0,0,1,1,1.00,1.00,1.00,-42.8,734,-679,1.00
419,6.9833,5.6003,0,0,1,1,1.00,1.00,1.00,-58.4,524,-852,1.00
