frame,video_s,s_since_start,A_left,D_right,dir,jump_arrow,aim_angle_deg,aim_tx,aim_ty,A_certainty,D_certainty,jump_certainty,aim_certainty
0,0.0000,-1.3830,0,0,0,0,-6.9,993,-120,1.00,1.00,1.00,1.00
1,0.0167,-1.3663,0,0,0,0,-6.9,993,-120,1.00,1.00,1.00,1.00
2,0.0333,-1.3497,0,0,0,0,-6.9,993,-120,1.00,1.00,1.00,1.00
3,0.0500,-1.3330,0,0,0,0,-6.9,993,-120,1.00,1.00,1.00,1.00
4,0.0667,-1.3163,0,1,1,1,-134.3,-698,-716,1.00,1.00,1.00,1.00
5,0.0833,-1.2997,0,1,1,0,22.3,925,379,1.00,1.00,1.00,1.00
6,0.1000,-1.2830,0,1,1,0,-134.6,-702,-712,1.00,1.00,1.00,1.00
7,0.1167,-1.2663,0,1,1,0,-142.3,-791,-612,1.00,1.00,1.00,1.00
8,0.1333,-1.2497,0,1,1,0,-151.6,-880,-476,1.00,1.00,1.00,1.00
9,0.1500,-1.2330,0,1,1,0,-151.5,-879,-477,1.00,1.00,1.00,1.00
10,0.1667,-1.2163,0,1,1,0,-151.5,-879,-477,1.00,1.00,1.00,1.00
11,0.1833,-1.1997,0,1,1,0,-156.0,-914,-407,1.00,1.00,1.00,1.00
12,0.2000,-1.1830,0,1,1,0,-157.2,-922,-388,1.00,1.00,1.00,1.00
13,0.2167,-1.1663,0,1,1,0,-151.4,-878,-479,1.00,1.00,1.00,1.00
14,0.2333,-1.1497,0,1,1,0,-126.6,-596,-803,1.00,1.00,1.00,1.00
15,0.2500,-1.1330,0,1,1,0,-126.6,-596,-803,1.00,1.00,1.00,1.00
16,0.2667,-1.1163,0,1,1,0,-126.6,-596,-803,1.00,1.00,1.00,1.00
17,0.2833,-1.0997,0,1,1,0,-126.7,-598,-802,1.00,1.00,1.00,1.00
18,0.3000,-1.0830,0,1,1,0,-105.8,-272,-962,1.00,1.00,1.00,0.69
19,0.3167,-1.0663,1,0,-1,0,-108.4,-316,-949,1.00,1.00,1.00,0.74
20,0.3333,-1.0497,0,1,1,0,169.2,-982,187,1.00,1.00,1.00,1.00
21,0.3500,-1.0330,0,1,1,0,-125.1,-575,-818,1.00,1.00,1.00,1.00
22,0.3667,-1.0163,0,1,1,0,31.0,857,515,1.00,1.00,1.00,1.00
23,0.3833,-0.9997,0,1,1,0,33.0,839,545,1.00,1.00,1.00,1.00
24,0.4000,-0.9830,0,1,1,0,33.0,839,545,1.00,1.00,1.00,1.00
25,0.4167,-0.9663,0,1,1,0,33.0,839,545,1.00,1.00,1.00,1.00
26,0.4333,-0.9497,0,1,1,0,33.0,839,545,1.00,1.00,1.00,1.00
27,0.4500,-0.9330,0,1,1,0,33.0,839,545,1.00,1.00,1.00,1.00
28,0.4667,-0.9163,0,1,1,0,33.0,839,545,1.00,1.00,1.00,1.00
29,0.4833,-0.8997,0,1,1,0,33.0,839,545,0.72,1.00,1.00,1.00
30,0.5000,-0.8830,0,1,1,0,33.0,839,545,1.00,1.00,1.00,1.00
31,0.5167,-0.8663,0,0,0,0,33.0,839,545,1.00,1.00,1.00,1.00
32,0.5333,-0.8497,0,1,1,0,27.7,885,465,1.00,1.00,1.00,1.00
33,0.5500,-0.8330,0,1,1,0,4.7,997,82,1.00,1.00,1.00,1.00
34,0.5667,-0.8163,0,1,1,0,0.3,1000,5,1.00,1.00,1.00,1.00
35,0.5833,-0.7997,0,1,1,0,0.3,1000,5,1.00,1.00,1.00,1.00
36,0.6000,-0.7830,0,1,1,0,79.1,189,982,1.00,1.00,1.00,1.00
37,0.6167,-0.7663,0,1,1,0,97.8,-136,991,1.00,1.00,1.00,1.00
38,0.6333,-0.7497,0,1,1,0,17.5,954,301,1.00,1.00,1.00,1.00
39,0.6500,-0.7330,0,1,1,0,112.8,-388,922,1.00,1.00,1.00,1.00
40,0.6667,-0.7163,0,1,1,0,145.1,-820,572,1.00,1.00,1.00,1.00
41,0.6833,-0.6997,0,1,1,0,11.0,982,191,1.00,1.00,1.00,1.00
42,0.7000,-0.6830,0,1,1,0,83.9,106,994,1.00,1.00,1.00,1.00
43,0.7167,-0.6663,0,1,1,0,179.0,-1000,17,1.00,1.00,1.00,0.98
44,0.7333,-0.6497,0,1,1,0,179.1,-1000,16,1.00,1.00,1.00,0.82
45,0.7500,-0.6330,0,1,1,0,179.1,-1000,16,1.00,1.00,1.00,0.83
46,0.7667,-0.6163,0,1,1,0,179.1,-1000,16,1.00,1.00,1.00,0.76
47,0.7833,-0.5997,0,1,1,0,179.0,-1000,17,1.00,1.00,1.00,0.51
48,0.8000,-0.5830,0,1,1,0,178.8,-1000,21,1.00,1.00,1.00,0.40
49,0.8167,-0.5663,0,1,1,0,-150.3,-869,-495,1.00,1.00,1.00,1.00
50,0.8333,-0.5497,0,1,1,0,-101.2,-194,-981,1.00,1.00,1.00,0.58
51,0.8500,-0.5330,0,1,1,0,-102.5,-216,-976,1.00,1.00,1.00,0.52
52,0.8667,-0.5163,0,1,1,0,-109.5,-334,-943,1.00,1.00,1.00,0.76
53,0.8833,-0.4997,0,1,1,0,-106.1,-277,-961,1.00,1.00,1.00,0.76
54,0.9000,-0.4830,0,1,1,0,-101.0,-191,-982,1.00,1.00,1.00,0.59
55,0.9167,-0.4663,0,1,1,0,-101.0,-191,-982,1.00,1.00,1.00,0.60
56,0.9333,-0.4497,0,1,1,0,-101.2,-194,-981,1.00,1.00,1.00,0.64
57,0.9500,-0.4330,0,1,1,0,-101.2,-194,-981,1.00,1.00,1.00,0.56
58,0.9667,-0.4163,0,1,1,0,119.2,-488,873,1.00,1.00,1.00,1.00
59,0.9833,-0.3997,0,1,1,0,102.9,-223,975,1.00,1.00,1.00,1.00
60,1.0000,-0.3830,0,1,1,0,102.9,-223,975,1.00,1.00,1.00,1.00
61,1.0167,-0.3663,0,1,1,0,102.9,-223,975,1.00,1.00,1.00,1.00
62,1.0333,-0.3497,0,1,1,0,81.6,146,989,1.00,1.00,1.00,1.00
63,1.0500,-0.3330,0,1,1,0,41.4,750,661,1.00,1.00,1.00,1.00
64,1.0667,-0.3163,0,1,1,0,-32.4,844,-536,1.00,1.00,1.00,1.00
65,1.0833,-0.2997,0,1,1,0,-38.0,788,-616,1.00,1.00,1.00,1.00
66,1.1000,-0.2830,0,1,1,0,-38.0,788,-616,1.00,1.00,1.00,1.00
67,1.1167,-0.2663,0,1,1,0,-38.0,788,-616,1.00,1.00,1.00,1.00
68,1.1333,-0.2497,0,1,1,0,-38.0,788,-616,1.00,1.00,1.00,1.00
69,1.1500,-0.2330,0,1,1,0,-38.0,788,-616,1.00,1.00,1.00,1.00
70,1.1667,-0.2163,0,1,1,0,-38.0,788,-616,1.00,1.00,1.00,1.00
71,1.1833,-0.1997,0,1,1,0,-38.0,788,-616,1.00,1.00,1.00,1.00
72,1.2000,-0.1830,0,1,1,0,-38.0,788,-616,1.00,1.00,1.00,1.00
73,1.2167,-0.1663,0,1,1,0,-38.0,788,-616,1.00,1.00,1.00,1.00
74,1.2333,-0.1497,0,1,1,0,-38.0,788,-616,1.00,1.00,1.00,1.00
75,1.2500,-0.1330,0,1,1,0,-38.0,788,-616,1.00,1.00,1.00,1.00
76,1.2667,-0.1163,0,1,1,0,-38.0,788,-616,1.00,1.00,1.00,1.00
77,1.2833,-0.0997,0,1,1,0,-38.0,788,-616,1.00,1.00,1.00,1.00
78,1.3000,-0.0830,0,1,1,0,-38.0,788,-616,1.00,1.00,1.00,1.00
79,1.3167,-0.0663,0,1,1,0,-38.0,788,-616,1.00,1.00,1.00,1.00
80,1.3333,-0.0497,0,1,1,0,-38.0,788,-616,1.00,1.00,1.00,1.00
81,1.3500,-0.0330,0,1,1,0,-29.2,873,-488,1.00,1.00,1.00,1.00
82,1.3667,-0.0163,0,1,1,0,-63.2,451,-893,1.00,1.00,1.00,0.00
83,1.3833,0.0003,0,1,1,1,-10.3,984,-179,1.00,0.98,1.00,0.00
84,1.4000,0.0170,0,1,1,1,-83.8,108,-994,1.00,1.00,1.00,0.00
85,1.4167,0.0337,0,1,1,0,48.0,669,743,1.00,0.56,1.00,0.00
86,1.4333,0.0503,0,1,1,1,21.6,930,368,1.00,1.00,1.00,0.00
87,1.4500,0.0670,0,1,1,1,53.0,602,799,1.00,0.61,1.00,0.68
88,1.4667,0.0837,0,1,1,0,52.9,603,798,1.00,0.61,1.00,1.00
89,1.4833,0.1003,0,1,1,0,49.7,647,763,1.00,1.00,1.00,1.00
90,1.5000,0.1170,0,1,1,0,54.8,576,817,1.00,1.00,1.00,1.00
91,1.5167,0.1337,0,1,1,0,124.3,-564,826,1.00,1.00,1.00,1.00
92,1.5333,0.1503,0,1,1,0,169.4,-983,184,1.00,1.00,1.00,1.00
93,1.5500,0.1670,0,1,1,0,103.4,-232,973,1.00,1.00,1.00,1.00
94,1.5667,0.1837,0,1,1,0,80.0,174,985,1.00,1.00,1.00,1.00
95,1.5833,0.2003,0,1,1,0,80.7,162,987,1.00,1.00,1.00,1.00
96,1.6000,0.2170,0,1,1,0,81.4,150,989,1.00,1.00,1.00,1.00
97,1.6167,0.2337,0,1,1,0,100.4,-181,984,1.00,1.00,1.00,1.00
98,1.6333,0.2503,0,1,1,0,112.2,-378,926,1.00,1.00,1.00,1.00
99,1.6500,0.2670,0,1,1,0,72.9,294,956,1.00,1.00,1.00,1.00
100,1.6667,0.2837,0,1,1,0,72.8,296,955,1.00,1.00,1.00,1.00
101,1.6833,0.3003,0,1,1,0,72.9,294,956,1.00,1.00,1.00,1.00
102,1.7000,0.3170,0,1,1,0,73.6,282,959,1.00,1.00,1.00,1.00
103,1.7167,0.3337,0,1,1,0,74.3,271,963,1.00,1.00,1.00,1.00
104,1.7333,0.3503,0,1,1,0,74.0,276,961,1.00,1.00,1.00,1.00
105,1.7500,0.3670,0,1,1,0,73.0,292,956,1.00,1.00,1.00,1.00
106,1.7667,0.3837,0,1,1,0,74.3,271,963,1.00,1.00,1.00,1.00
107,1.7833,0.4003,0,1,1,0,171.8,-990,143,1.00,1.00,1.00,1.00
108,1.8000,0.4170,0,1,1,0,-158.6,-931,-365,1.00,1.00,1.00,1.00
109,1.8167,0.4337,0,1,1,0,-158.6,-931,-365,1.00,1.00,1.00,1.00
110,1.8333,0.4503,0,1,1,0,-164.7,-965,-264,1.00,1.00,1.00,1.00
111,1.8500,0.4670,0,1,1,0,107.0,-292,956,1.00,1.00,1.00,1.00
112,1.8667,0.4837,0,1,1,0,-105.4,-266,-964,1.00,1.00,1.00,0.76
113,1.8833,0.5003,0,1,1,0,-100.1,-175,-985,1.00,1.00,1.00,0.67
114,1.9000,0.5170,0,1,1,0,-107.8,-306,-952,1.00,1.00,1.00,0.85
115,1.9167,0.5337,0,1,1,0,-112.1,-376,-927,1.00,1.00,1.00,0.89
116,1.9333,0.5503,0,1,1,0,-109.3,-331,-944,1.00,1.00,1.00,0.75
117,1.9500,0.5670,0,1,1,0,-113.9,-405,-914,1.00,1.00,1.00,0.83
118,1.9667,0.5837,0,1,1,0,-113.9,-405,-914,1.00,1.00,1.00,0.82
119,1.9833,0.6003,0,1,1,0,-76.3,237,-972,1.00,1.00,1.00,1.00
120,2.0000,0.6170,0,1,1,0,-60.2,497,-868,1.00,1.00,1.00,1.00
121,2.0167,0.6337,0,1,1,0,-60.2,497,-868,1.00,1.00,1.00,1.00
122,2.0333,0.6503,0,1,1,0,-60.2,497,-868,1.00,1.00,1.00,1.00
123,2.0500,0.6670,0,1,1,0,-60.2,497,-868,1.00,1.00,1.00,1.00
124,2.0667,0.6837,0,1,1,0,-60.2,497,-868,1.00,1.00,1.00,1.00
125,2.0833,0.7003,0,1,1,0,-60.2,497,-868,1.00,1.00,1.00,1.00
126,2.1000,0.7170,0,1,1,0,-60.2,497,-868,1.00,1.00,1.00,1.00
127,2.1167,0.7337,0,1,1,0,-60.2,497,-868,1.00,1.00,1.00,1.00
128,2.1333,0.7503,0,1,1,0,-60.2,497,-868,1.00,1.00,1.00,1.00
129,2.1500,0.7670,0,1,1,0,-56.4,553,-833,1.00,1.00,1.00,1.00
130,2.1667,0.7837,0,1,1,0,-3.5,998,-61,1.00,1.00,1.00,1.00
131,2.1833,0.8003,0,1,1,0,11.6,980,201,1.00,1.00,1.00,1.00
132,2.2000,0.8170,0,1,1,0,11.6,980,201,1.00,1.00,1.00,1.00
133,2.2167,0.8337,0,1,1,0,11.6,980,201,1.00,1.00,1.00,1.00
134,2.2333,0.8503,0,1,1,0,11.6,980,201,1.00,1.00,1.00,1.00
135,2.2500,0.8670,0,1,1,0,11.6,980,201,1.00,1.00,1.00,1.00
136,2.2667,0.8837,0,1,1,0,11.6,980,201,1.00,1.00,1.00,1.00
137,2.2833,0.9003,0,1,1,0,11.6,980,201,1.00,1.00,1.00,1.00
138,2.3000,0.9170,0,1,1,0,11.6,980,201,1.00,1.00,1.00,1.00
139,2.3167,0.9337,0,1,1,0,-16.5,959,-284,1.00,1.00,1.00,1.00
140,2.3333,0.9503,0,1,1,0,-57.7,534,-845,1.00,1.00,1.00,1.00
141,2.3500,0.9670,0,1,1,0,-36.2,807,-591,1.00,1.00,1.00,1.00
142,2.3667,0.9837,0,1,1,0,-55.7,564,-826,1.00,1.00,1.00,1.00
143,2.3833,1.0003,0,1,1,0,-60.1,498,-867,1.00,1.00,1.00,1.00
144,2.4000,1.0170,0,1,1,0,-60.2,497,-868,1.00,1.00,1.00,1.00
145,2.4167,1.0337,0,1,1,0,-60.1,498,-867,1.00,1.00,0.79,1.00
146,2.4333,1.0503,0,1,1,0,-60.2,497,-868,1.00,1.00,0.40,1.00
147,2.4500,1.0670,0,1,1,0,-60.2,497,-868,1.00,1.00,0.38,1.00
148,2.4667,1.0837,0,1,1,0,-60.2,497,-868,1.00,1.00,0.40,1.00
149,2.4833,1.1003,0,1,1,0,-60.2,497,-868,1.00,1.00,0.79,1.00
150,2.5000,1.1170,0,1,1,0,-95.2,-91,-996,1.00,1.00,1.00,0.87
151,2.5167,1.1337,0,1,1,0,-173.8,-994,-108,1.00,1.00,1.00,1.00
152,2.5333,1.1503,0,1,1,1,-173.8,-994,-108,1.00,1.00,0.99,1.00
153,2.5500,1.1670,0,1,1,1,-173.8,-994,-108,1.00,1.00,1.00,1.00
154,2.5667,1.1837,0,1,1,0,99.1,-158,987,1.00,1.00,1.00,1.00
155,2.5833,1.2003,0,1,1,0,79.9,175,985,1.00,1.00,1.00,1.00
156,2.6000,1.2170,0,1,1,0,73.5,284,959,1.00,1.00,1.00,1.00
157,2.6167,1.2337,0,1,1,0,69.9,344,939,1.00,1.00,1.00,1.00
158,2.6333,1.2503,0,1,1,0,69.9,344,939,1.00,1.00,1.00,1.00
159,2.6500,1.2670,0,1,1,0,69.9,344,939,1.00,1.00,1.00,1.00
160,2.6667,1.2837,0,1,1,0,69.9,344,939,1.00,1.00,1.00,1.00
161,2.6833,1.3003,0,1,1,0,69.9,344,939,1.00,1.00,1.00,1.00
162,2.7000,1.3170,0,1,1,0,69.9,344,939,1.00,1.00,1.00,1.00
163,2.7167,1.3337,0,1,1,0,68.3,370,929,1.00,1.00,1.00,1.00
164,2.7333,1.3503,0,1,1,0,61.4,479,878,1.00,1.00,1.00,1.00
165,2.7500,1.3670,0,1,1,0,61.4,479,878,1.00,1.00,1.00,1.00
166,2.7667,1.3837,0,1,1,0,61.4,479,878,1.00,1.00,1.00,1.00
167,2.7833,1.4003,0,1,1,0,61.4,479,878,1.00,1.00,1.00,1.00
168,2.8000,1.4170,0,1,1,0,61.4,479,878,1.00,1.00,1.00,1.00
169,2.8167,1.4337,0,1,1,0,61.4,479,878,1.00,1.00,1.00,1.00
170,2.8333,1.4503,0,1,1,0,57.9,531,847,1.00,1.00,1.00,1.00
171,2.8500,1.4670,0,1,1,0,-90.0,0,-1000,1.00,1.00,0.92,0.11
172,2.8667,1.4837,0,1,1,0,-92.3,-40,-999,1.00,1.00,0.85,0.79
173,2.8833,1.5003,0,1,1,1,-146.1,-830,-558,0.59,1.00,1.00,0.00
174,2.9000,1.5170,0,1,1,0,-88.5,26,-1000,1.00,1.00,0.85,0.93
175,2.9167,1.5337,0,1,1,0,-84.7,92,-996,1.00,1.00,0.85,0.87
176,2.9333,1.5503,0,1,1,0,-73.2,289,-957,1.00,1.00,0.85,1.00
177,2.9500,1.5670,0,1,1,0,-73.2,289,-957,1.00,1.00,0.85,1.00
178,2.9667,1.5837,0,1,1,0,-73.2,289,-957,1.00,1.00,1.00,1.00
179,2.9833,1.6003,0,1,1,0,-73.0,292,-956,1.00,1.00,1.00,1.00
180,3.0000,1.6170,0,1,1,0,-73.0,292,-956,1.00,1.00,1.00,1.00
181,3.0167,1.6337,0,1,1,0,-73.2,289,-957,1.00,1.00,1.00,1.00
182,3.0333,1.6503,0,1,1,0,-73.2,289,-957,1.00,1.00,1.00,1.00
183,3.0500,1.6670,0,1,1,0,-73.2,289,-957,1.00,1.00,1.00,1.00
184,3.0667,1.6837,0,1,1,0,-73.2,289,-957,1.00,1.00,1.00,0.95
185,3.0833,1.7003,0,1,1,0,-80.6,163,-987,1.00,1.00,1.00,0.10
186,3.1000,1.7170,0,1,1,0,-120.0,-500,-866,1.00,1.00,1.00,0.00
187,3.1167,1.7337,0,1,1,0,-86.3,65,-998,1.00,1.00,1.00,0.00
188,3.1333,1.7503,0,1,1,0,147.3,-842,540,1.00,1.00,1.00,0.00
189,3.1500,1.7670,0,1,1,0,142.4,-792,610,1.00,1.00,1.00,0.00
190,3.1667,1.7837,0,1,1,0,-85.4,80,-997,1.00,1.00,1.00,0.05
191,3.1833,1.8003,0,1,1,0,-85.9,71,-997,1.00,1.00,1.00,0.87
192,3.2000,1.8170,0,1,1,0,-142.1,-789,-614,1.00,1.00,1.00,0.78
193,3.2167,1.8337,0,1,1,0,149.4,-861,509,1.00,1.00,1.00,1.00
194,3.2333,1.8503,0,1,1,0,149.4,-861,509,1.00,1.00,1.00,1.00
195,3.2500,1.8670,0,1,1,0,149.4,-861,509,1.00,1.00,1.00,1.00
196,3.2667,1.8837,0,1,1,0,149.4,-861,509,1.00,1.00,1.00,1.00
197,3.2833,1.9003,0,1,1,0,149.4,-861,509,1.00,1.00,1.00,1.00
198,3.3000,1.9170,0,1,1,0,149.3,-860,511,1.00,1.00,1.00,0.90
199,3.3167,1.9337,0,1,1,0,149.3,-860,511,1.00,1.00,1.00,0.82
200,3.3333,1.9503,0,1,1,0,143.2,-801,599,1.00,1.00,1.00,0.93
201,3.3500,1.9670,0,1,1,0,30.9,858,514,1.00,1.00,1.00,1.00
202,3.3667,1.9837,0,1,1,0,4.8,996,84,1.00,1.00,1.00,1.00
203,3.3833,2.0003,0,1,1,0,-1.1,1000,-19,1.00,1.00,1.00,1.00
204,3.4000,2.0170,0,1,1,0,-1.1,1000,-19,1.00,1.00,1.00,1.00
205,3.4167,2.0337,0,1,1,0,-1.1,1000,-19,1.00,1.00,1.00,1.00
206,3.4333,2.0503,0,1,1,0,-1.1,1000,-19,1.00,1.00,1.00,1.00
207,3.4500,2.0670,0,1,1,0,-1.1,1000,-19,1.00,1.00,1.00,1.00
208,3.4667,2.0837,0,1,1,0,-1.1,1000,-19,1.00,1.00,1.00,1.00
209,3.4833,2.1003,0,1,1,0,-1.1,1000,-19,1.00,1.00,1.00,1.00
210,3.5000,2.1170,0,1,1,0,-1.1,1000,-19,1.00,1.00,1.00,1.00
211,3.5167,2.1337,0,1,1,0,-1.1,1000,-19,1.00,1.00,1.00,1.00
212,3.5333,2.1503,0,1,1,0,-1.1,1000,-19,1.00,1.00,1.00,1.00
213,3.5500,2.1670,0,1,1,0,-1.1,1000,-19,1.00,1.00,1.00,1.00
214,3.5667,2.1837,0,1,1,0,-1.1,1000,-19,1.00,1.00,1.00,1.00
215,3.5833,2.2003,0,1,1,0,-1.1,1000,-19,1.00,1.00,1.00,1.00
216,3.6000,2.2170,0,1,1,0,-1.1,1000,-19,1.00,1.00,1.00,1.00
217,3.6167,2.2337,0,1,1,0,6.5,994,113,1.00,1.00,1.00,1.00
218,3.6333,2.2503,0,1,1,0,-175.5,-997,-78,1.00,1.00,1.00,1.00
219,3.6500,2.2670,0,1,1,0,-4.9,996,-85,1.00,1.00,1.00,1.00
220,3.6667,2.2837,0,1,1,0,-53.3,598,-802,1.00,1.00,1.00,1.00
221,3.6833,2.3003,0,1,1,0,-67.4,384,-923,1.00,1.00,1.00,1.00
222,3.7000,2.3170,0,1,1,0,-67.4,384,-923,1.00,1.00,1.00,1.00
223,3.7167,2.3337,0,1,1,0,-67.4,384,-923,1.00,1.00,1.00,1.00
224,3.7333,2.3503,0,1,1,0,-66.2,404,-915,1.00,1.00,1.00,1.00
225,3.7500,2.3670,0,1,1,0,-62.3,465,-885,1.00,1.00,1.00,1.00
226,3.7667,2.3837,0,1,1,0,-61.7,474,-880,1.00,1.00,1.00,1.00
227,3.7833,2.4003,0,1,1,0,-61.7,474,-880,1.00,1.00,1.00,1.00
228,3.8000,2.4170,0,1,1,0,-61.8,473,-881,1.00,1.00,1.00,1.00
229,3.8167,2.4337,0,1,1,0,-21.6,930,-368,1.00,1.00,1.00,1.00
230,3.8333,2.4503,0,1,1,0,98.6,-150,989,1.00,1.00,1.00,1.00
231,3.8500,2.4670,0,1,1,0,97.4,-129,992,1.00,1.00,1.00,1.00
232,3.8667,2.4837,0,1,1,0,78.7,196,981,1.00,1.00,1.00,1.00
233,3.8833,2.5003,0,1,1,0,77.3,220,976,1.00,1.00,1.00,1.00
234,3.9000,2.5170,0,1,1,0,77.3,220,976,1.00,1.00,1.00,1.00
235,3.9167,2.5337,0,1,1,0,57.3,540,842,1.00,1.00,1.00,1.00
236,3.9333,2.5503,0,1,1,0,-52.1,614,-789,1.00,1.00,1.00,1.00
237,3.9500,2.5670,0,1,1,0,-52.1,614,-789,1.00,1.00,1.00,1.00
238,3.9667,2.5837,0,1,1,0,-52.1,614,-789,1.00,1.00,1.00,1.00
239,3.9833,2.6003,0,1,1,0,-88.8,21,-1000,1.00,1.00,1.00,0.99
240,4.0000,2.6170,0,1,1,0,-90.1,-2,-1000,1.00,1.00,1.00,0.51
241,4.0167,2.6337,0,1,1,0,-90.1,-2,-1000,1.00,1.00,1.00,0.55
242,4.0333,2.6503,0,1,1,0,-90.1,-2,-1000,1.00,1.00,1.00,0.39
243,4.0500,2.6670,0,1,1,0,-90.1,-2,-1000,1.00,1.00,1.00,0.49
244,4.0667,2.6837,0,1,1,0,-90.1,-2,-1000,1.00,1.00,1.00,0.39
245,4.0833,2.7003,0,1,1,0,-90.1,-2,-1000,1.00,1.00,1.00,0.48
246,4.1000,2.7170,0,1,1,0,-90.1,-2,-1000,1.00,1.00,1.00,0.54
247,4.1167,2.7337,0,1,1,0,-90.1,-2,-1000,1.00,1.00,1.00,0.50
248,4.1333,2.7503,0,1,1,0,-90.1,-2,-1000,1.00,1.00,1.00,0.00
249,4.1500,2.7670,0,1,1,0,-5.5,995,-96,1.00,1.00,1.00,1.00
250,4.1667,2.7837,0,1,1,0,-5.5,995,-96,1.00,1.00,1.00,1.00
251,4.1833,2.8003,0,1,1,0,42.6,736,677,1.00,1.00,1.00,1.00
252,4.2000,2.8170,0,1,1,0,-2.0,999,-35,1.00,1.00,1.00,1.00
253,4.2167,2.8337,0,1,1,0,-48.3,665,-747,1.00,1.00,1.00,1.00
254,4.2333,2.8503,0,1,1,0,-12.7,976,-220,1.00,1.00,1.00,1.00
255,4.2500,2.8670,0,1,1,0,-12.7,976,-220,1.00,1.00,1.00,1.00
256,4.2667,2.8837,0,1,1,0,-7.1,992,-124,1.00,1.00,1.00,1.00
257,4.2833,2.9003,0,1,1,0,-19.2,944,-329,1.00,1.00,1.00,1.00
258,4.3000,2.9170,0,1,1,0,-25.3,904,-427,1.00,1.00,1.00,1.00
259,4.3167,2.9337,0,1,1,0,-25.3,904,-427,1.00,1.00,1.00,1.00
260,4.3333,2.9503,0,1,1,0,-25.3,904,-427,1.00,1.00,1.00,1.00
261,4.3500,2.9670,0,1,1,0,-25.3,904,-427,1.00,1.00,1.00,1.00
262,4.3667,2.9837,0,1,1,0,-25.3,904,-427,1.00,1.00,1.00,1.00
263,4.3833,3.0003,0,1,1,0,-25.3,904,-427,1.00,1.00,1.00,1.00
264,4.4000,3.0170,0,1,1,0,7.3,992,127,1.00,1.00,1.00,1.00
265,4.4167,3.0337,0,1,1,0,31.5,853,522,1.00,1.00,1.00,1.00
266,4.4333,3.0503,0,1,1,0,31.5,853,522,1.00,1.00,1.00,1.00
267,4.4500,3.0670,0,1,1,0,31.5,853,522,1.00,1.00,1.00,1.00
268,4.4667,3.0837,0,1,1,0,-37.8,790,-613,1.00,1.00,1.00,1.00
269,4.4833,3.1003,0,1,1,0,-61.8,473,-881,1.00,1.00,1.00,1.00
270,4.5000,3.1170,0,1,1,0,-61.8,473,-881,1.00,1.00,1.00,1.00
271,4.5167,3.1337,0,1,1,0,-39.5,772,-636,1.00,1.00,1.00,1.00
272,4.5333,3.1503,0,1,1,0,-14.1,970,-244,1.00,1.00,1.00,1.00
273,4.5500,3.1670,0,1,1,0,-14.1,970,-244,1.00,1.00,1.00,1.00
274,4.5667,3.1837,0,1,1,0,-57.5,537,-843,1.00,1.00,1.00,1.00
275,4.5833,3.2003,0,1,1,0,-71.8,312,-950,1.00,1.00,1.00,1.00
276,4.6000,3.2170,0,1,1,0,-78.7,196,-981,1.00,1.00,1.00,1.00
277,4.6167,3.2337,0,1,1,0,-78.7,196,-981,1.00,1.00,1.00,1.00
278,4.6333,3.2503,0,1,1,0,-78.7,196,-981,1.00,1.00,1.00,1.00
279,4.6500,3.2670,0,1,1,0,-78.7,196,-981,1.00,1.00,1.00,1.00
280,4.6667,3.2837,0,1,1,0,-78.7,196,-981,1.00,1.00,1.00,1.00
281,4.6833,3.3003,0,1,1,0,-21.5,930,-367,1.00,1.00,1.00,1.00
282,4.7000,3.3170,0,1,1,0,-44.3,716,-698,1.00,1.00,1.00,1.00
283,4.7167,3.3337,0,1,1,0,-67.1,389,-921,1.00,1.00,1.00,1.00
284,4.7333,3.3503,0,1,1,0,52.2,613,790,1.00,1.00,1.00,1.00
285,4.7500,3.3670,0,1,1,0,37.3,795,606,1.00,1.00,1.00,1.00
286,4.7667,3.3837,0,1,1,0,35.8,811,585,1.00,1.00,1.00,1.00
287,4.7833,3.4003,0,1,1,0,35.8,811,585,1.00,1.00,1.00,1.00
288,4.8000,3.4170,0,1,1,0,15.4,964,266,1.00,1.00,1.00,1.00
289,4.8167,3.4337,0,1,1,0,-113.9,-405,-914,1.00,1.00,1.00,0.87
290,4.8333,3.4503,0,1,1,0,-114.2,-410,-912,1.00,1.00,1.00,0.87
291,4.8500,3.4670,0,1,1,0,-114.1,-408,-913,1.00,1.00,1.00,0.86
292,4.8667,3.4837,0,1,1,0,-114.2,-410,-912,1.00,1.00,1.00,0.87
293,4.8833,3.5003,0,1,1,0,-113.9,-405,-914,1.00,1.00,1.00,0.87
294,4.9000,3.5170,0,1,1,0,-145.3,-822,-569,1.00,1.00,1.00,1.00
295,4.9167,3.5337,0,1,1,0,-147.8,-846,-533,1.00,1.00,1.00,1.00
296,4.9333,3.5503,0,1,1,0,-66.2,404,-915,1.00,1.00,1.00,1.00
297,4.9500,3.5670,0,1,1,0,-66.2,404,-915,1.00,1.00,1.00,1.00
298,4.9667,3.5837,0,1,1,0,-66.2,404,-915,1.00,1.00,1.00,1.00
299,4.9833,3.6003,0,1,1,0,-66.2,404,-915,1.00,1.00,1.00,1.00
300,5.0000,3.6170,0,1,1,0,-54.1,586,-810,1.00,1.00,1.00,1.00
301,5.0167,3.6337,0,1,1,0,-32.0,848,-530,1.00,1.00,1.00,1.00
302,5.0333,3.6503,0,1,1,0,-36.8,801,-599,1.00,1.00,1.00,1.00
303,5.0500,3.6670,0,1,1,0,-103.7,-237,-972,1.00,1.00,1.00,0.33
304,5.0667,3.6837,0,1,1,0,-112.9,-389,-921,1.00,1.00,1.00,0.26
305,5.0833,3.7003,0,1,1,0,-148.0,-848,-530,1.00,1.00,1.00,0.00
306,5.1000,3.7170,0,1,1,0,-83.1,120,-993,1.00,1.00,1.00,0.85
307,5.1167,3.7337,0,1,1,0,-82.4,132,-991,1.00,1.00,1.00,0.81
308,5.1333,3.7503,0,1,1,0,-82.4,132,-991,1.00,1.00,1.00,0.75
309,5.1500,3.7670,0,1,1,0,-82.4,132,-991,1.00,1.00,1.00,0.64
310,5.1667,3.7837,0,1,1,0,-82.4,132,-991,1.00,1.00,1.00,0.66
311,5.1833,3.8003,0,1,1,0,-92.6,-45,-999,1.00,1.00,1.00,0.25
312,5.2000,3.8170,0,1,1,0,-90.2,-3,-1000,1.00,1.00,1.00,0.00
313,5.2167,3.8337,0,1,1,0,-89.8,3,-1000,1.00,1.00,1.00,0.34
314,5.2333,3.8503,0,1,1,0,-113.9,-405,-914,1.00,1.00,1.00,0.25
315,5.2500,3.8670,0,1,1,0,-114.1,-408,-913,1.00,1.00,1.00,0.53
316,5.2667,3.8837,0,1,1,0,-114.1,-408,-913,1.00,1.00,1.00,0.61
317,5.2833,3.9003,0,1,1,0,-114.1,-408,-913,1.00,1.00,1.00,0.72
318,5.3000,3.9170,0,1,1,0,-94.0,-70,-998,1.00,1.00,1.00,0.63
319,5.3167,3.9337,0,1,1,1,-51.4,624,-782,1.00,1.00,0.70,1.00
320,5.3333,3.9503,0,1,1,1,-22.6,923,-384,1.00,1.00,1.00,1.00
321,5.3500,3.9670,0,1,1,1,-22.6,923,-384,1.00,1.00,1.00,1.00
322,5.3667,3.9837,0,1,1,1,-22.6,923,-384,1.00,1.00,1.00,1.00
323,5.3833,4.0003,0,1,1,0,-75.2,255,-967,1.00,1.00,1.00,0.89
324,5.4000,4.0170,0,1,1,0,-94.5,-78,-997,1.00,1.00,1.00,0.00
325,5.4167,4.0337,0,1,1,0,-84.2,101,-995,1.00,1.00,1.00,0.00
326,5.4333,4.0503,0,1,1,0,-73.7,281,-960,1.00,1.00,1.00,0.00
327,5.4500,4.0670,0,1,1,0,-133.4,-687,-727,1.00,1.00,1.00,0.00
328,5.4667,4.0837,0,1,1,0,16.5,959,284,1.00,1.00,1.00,0.00
329,5.4833,4.1003,0,1,1,0,-122.5,-537,-843,1.00,1.00,1.00,0.31
330,5.5000,4.1170,0,1,1,0,-122.5,-537,-843,1.00,1.00,1.00,0.34
331,5.5167,4.1337,0,1,1,0,-122.5,-537,-843,1.00,1.00,1.00,0.36
332,5.5333,4.1503,0,1,1,0,-114.7,-418,-909,1.00,1.00,1.00,0.00
333,5.5500,4.1670,0,1,1,0,-94.5,-78,-997,1.00,1.00,1.00,0.00
334,5.5667,4.1837,0,1,1,0,81.9,141,990,1.00,1.00,1.00,0.37
335,5.5833,4.2003,0,1,1,0,-74.6,266,-964,1.00,1.00,1.00,1.00
336,5.6000,4.2170,0,1,1,0,-122.8,-542,-841,1.00,1.00,1.00,0.49
337,5.6167,4.2337,0,1,1,0,-146.1,-830,-558,1.00,1.00,1.00,1.00
338,5.6333,4.2503,0,1,1,0,-146.1,-830,-558,1.00,1.00,1.00,1.00
339,5.6500,4.2670,0,1,1,0,-146.1,-830,-558,1.00,1.00,1.00,1.00
340,5.6667,4.2837,0,1,1,0,-146.1,-830,-558,1.00,1.00,1.00,1.00
341,5.6833,4.3003,0,1,1,0,-43.3,728,-686,1.00,1.00,1.00,1.00
342,5.7000,4.3170,0,1,1,0,6.6,993,115,1.00,1.00,1.00,1.00
343,5.7167,4.3337,0,1,1,0,44.2,717,697,1.00,1.00,1.00,1.00
344,5.7333,4.3503,0,1,1,0,43.7,723,691,1.00,1.00,1.00,1.00
345,5.7500,4.3670,0,1,1,0,45.7,698,716,1.00,1.00,1.00,1.00
346,5.7667,4.3837,0,1,1,0,45.9,696,718,1.00,1.00,1.00,1.00
347,5.7833,4.4003,0,1,1,0,45.9,696,718,1.00,1.00,1.00,1.00
348,5.8000,4.4170,0,1,1,0,45.9,696,718,1.00,1.00,1.00,1.00
349,5.8167,4.4337,0,1,1,0,45.9,696,718,1.00,1.00,1.00,1.00
350,5.8333,4.4503,0,1,1,0,46.0,695,719,1.00,1.00,1.00,0.67
351,5.8500,4.4670,0,1,1,1,80.8,160,987,1.00,1.00,0.44,0.00
352,5.8667,4.4837,0,1,1,1,45.4,702,712,1.00,1.00,0.44,0.01
353,5.8833,4.5003,0,1,1,0,46.0,695,719,1.00,1.00,1.00,0.91
354,5.9000,4.5170,0,1,1,0,45.9,696,718,1.00,1.00,1.00,1.00
355,5.9167,4.5337,0,1,1,0,45.9,696,718,1.00,1.00,1.00,1.00
356,5.9333,4.5503,0,1,1,0,45.9,696,718,1.00,1.00,1.00,1.00
357,5.9500,4.5670,0,1,1,0,45.9,696,718,1.00,1.00,1.00,1.00
358,5.9667,4.5837,0,1,1,0,59.7,505,863,1.00,1.00,1.00,1.00
359,5.9833,4.6003,0,1,1,0,65.7,412,911,1.00,1.00,1.00,1.00
360,6.0000,4.6170,0,1,1,0,65.7,412,911,1.00,1.00,1.00,1.00
361,6.0167,4.6337,0,1,1,0,65.7,412,911,1.00,1.00,1.00,1.00
362,6.0333,4.6503,0,1,1,0,55.0,574,819,1.00,1.00,1.00,1.00
363,6.0500,4.6670,0,1,1,0,-4.0,998,-70,1.00,1.00,1.00,1.00
364,6.0667,4.6837,0,1,1,0,-12.7,976,-220,1.00,1.00,1.00,1.00
365,6.0833,4.7003,0,1,1,0,-12.7,976,-220,1.00,1.00,1.00,1.00
366,6.1000,4.7170,0,1,1,0,108.2,-312,950,1.00,1.00,1.00,1.00
367,6.1167,4.7337,0,1,1,0,141.0,-777,629,1.00,1.00,1.00,1.00
368,6.1333,4.7503,0,1,1,0,141.0,-777,629,1.00,1.00,1.00,1.00
369,6.1500,4.7670,0,1,1,0,141.0,-777,629,1.00,1.00,1.00,1.00
370,6.1667,4.7837,0,1,1,0,141.0,-777,629,1.00,1.00,1.00,1.00
371,6.1833,4.8003,0,1,1,0,19.3,944,331,1.00,1.00,1.00,1.00
372,6.2000,4.8170,0,1,1,0,5.9,995,103,1.00,1.00,1.00,1.00
373,6.2167,4.8337,0,1,1,0,5.9,995,103,1.00,1.00,1.00,1.00
374,6.2333,4.8503,0,1,1,0,5.9,995,103,1.00,1.00,1.00,1.00
375,6.2500,4.8670,0,1,1,0,5.9,995,103,1.00,1.00,1.00,1.00
376,6.2667,4.8837,0,1,1,0,5.9,995,103,1.00,1.00,1.00,1.00
377,6.2833,4.9003,0,1,1,0,5.9,995,103,1.00,1.00,1.00,1.00
378,6.3000,4.9170,0,1,1,0,5.9,995,103,1.00,1.00,1.00,1.00
379,6.3167,4.9337,0,1,1,0,5.9,995,103,1.00,1.00,1.00,1.00
380,6.3333,4.9503,0,1,1,0,1.4,1000,24,1.00,1.00,1.00,1.00
381,6.3500,4.9670,0,1,1,0,-45.0,707,-707,1.00,1.00,1.00,1.00
382,6.3667,4.9837,0,1,1,0,-45.0,707,-707,1.00,1.00,1.00,1.00
383,6.3833,5.0003,0,1,1,0,-45.0,707,-707,1.00,1.00,1.00,1.00
384,6.4000,5.0170,0,1,1,0,-45.0,707,-707,1.00,1.00,1.00,1.00
385,6.4167,5.0337,0,1,1,0,-45.0,707,-707,1.00,1.00,1.00,1.00
386,6.4333,5.0503,0,1,1,0,-45.0,707,-707,1.00,1.00,1.00,1.00
387,6.4500,5.0670,0,1,1,0,-45.0,707,-707,1.00,1.00,1.00,1.00
388,6.4667,5.0837,0,1,1,0,-45.0,707,-707,1.00,1.00,1.00,1.00
389,6.4833,5.1003,0,1,1,0,-45.0,707,-707,1.00,1.00,1.00,1.00
390,6.5000,5.1170,0,1,1,0,-89.1,16,-1000,1.00,1.00,1.00,0.91
391,6.5167,5.1337,0,1,1,0,-143.4,-803,-596,1.00,1.00,1.00,1.00
392,6.5333,5.1503,0,1,1,0,-143.4,-803,-596,1.00,1.00,1.00,1.00
393,6.5500,5.1670,0,1,1,0,-143.4,-803,-596,1.00,1.00,1.00,1.00
394,6.5667,5.1837,0,1,1,0,-65.5,415,-910,1.00,1.00,1.00,1.00
395,6.5833,5.2003,0,1,1,0,-59.1,514,-858,1.00,1.00,1.00,1.00
396,6.6000,5.2170,0,1,1,0,-120.6,-509,-861,1.00,1.00,1.00,0.32
397,6.6167,5.2337,0,1,1,0,-152.9,-890,-456,1.00,1.00,1.00,1.00
398,6.6333,5.2503,0,1,1,0,-152.9,-890,-456,1.00,1.00,1.00,1.00
399,6.6500,5.2670,0,1,1,0,-152.9,-890,-456,1.00,1.00,1.00,1.00
400,6.6667,5.2837,0,1,1,0,-152.9,-890,-456,1.00,1.00,1.00,1.00
401,6.6833,5.3003,0,1,1,0,-152.9,-890,-456,1.00,1.00,1.00,1.00
402,6.7000,5.3170,0,1,1,0,-152.9,-890,-456,1.00,1.00,1.00,1.00
403,6.7167,5.3337,0,1,1,0,-152.9,-890,-456,1.00,1.00,1.00,1.00
404,6.7333,5.3503,0,1,1,0,-152.9,-890,-456,1.00,1.00,1.00,1.00
405,6.7500,5.3670,0,1,1,0,-152.9,-890,-456,1.00,1.00,1.00,1.00
406,6.7667,5.3837,0,1,1,0,-152.9,-890,-456,1.00,1.00,1.00,1.00
407,6.7833,5.4003,0,1,1,0,-152.9,-890,-456,1.00,1.00,1.00,1.00
408,6.8000,5.4170,0,1,1,0,-152.9,-890,-456,1.00,1.00,1.00,1.00
409,6.8167,5.4337,0,1,1,0,-152.9,-890,-456,1.00,1.00,1.00,1.00
410,6.8333,5.4503,0,1,1,0,-156.6,-918,-397,1.00,1.00,1.00,1.00
411,6.8500,5.4670,0,1,1,0,168.6,-980,198,1.00,1.00,1.00,0.97
412,6.8667,5.4837,0,1,1,0,-42.2,741,-672,1.00,1.00,1.00,1.00
413,6.8833,5.5003,0,1,1,0,-39.3,774,-633,1.00,1.00,1.00,1.00
414,6.9000,5.5170,0,1,1,0,33.5,834,552,1.00,1.00,1.00,1.00
415,6.9167,5.5337,0,1,1,0,79.9,175,985,1.00,1.00,1.00,1.00
416,6.9333,5.5503,0,1,1,0,79.9,175,985,1.00,1.00,1.00,1.00
417,6.9500,5.5670,0,1,1,0,79.9,175,985,1.00,1.00,1.00,1.00
418,6.9667,5.5837,0,1,1,0,-42.8,734,-679,1.00,1.00,1.00,1.00
419,6.9833,5.6003,0,1,1,0,-58.4,524,-852,1.00,1.00,1.00,1.00
420,7.0000,5.6170,0,1,1,0,-56.3,555,-832,1.00,1.00,1.00,1.00
421,7.0167,5.6337,0,1,1,0,-56.3,555,-832,1.00,1.00,1.00,1.00
422,7.0333,5.6503,0,1,1,0,-56.3,555,-832,1.00,1.00,1.00,1.00
423,7.0500,5.6670,0,1,1,0,-56.3,555,-832,1.00,1.00,1.00,1.00
424,7.0667,5.6837,0,1,1,0,108.4,-316,949,1.00,1.00,1.00,1.00
425,7.0833,5.7003,0,1,1,0,111.4,-365,931,1.00,1.00,1.00,1.00
426,7.1000,5.7170,0,1,1,0,111.4,-365,931,1.00,1.00,1.00,1.00
427,7.1167,5.7337,0,1,1,0,133.9,-693,721,1.00,1.00,1.00,1.00
428,7.1333,5.7503,0,1,1,0,-97.3,-127,-992,1.00,1.00,0.36,0.78
429,7.1500,5.7670,0,1,1,0,-97.3,-127,-992,1.00,1.00,1.00,0.69
430,7.1667,5.7837,0,1,1,0,-97.0,-122,-993,1.00,1.00,1.00,0.53
431,7.1833,5.8003,0,1,1,0,-96.6,-115,-993,1.00,1.00,1.00,0.29
432,7.2000,5.8170,0,1,1,0,-96.6,-115,-993,1.00,1.00,1.00,0.26
433,7.2167,5.8337,0,1,1,0,-96.4,-111,-994,1.00,1.00,1.00,0.35
434,7.2333,5.8503,0,1,1,0,-96.6,-115,-993,1.00,1.00,1.00,0.12
435,7.2500,5.8670,0,1,1,0,-119.1,-486,-874,1.00,1.00,1.00,0.00
436,7.2667,5.8837,0,1,1,0,-93.7,-65,-998,1.00,1.00,1.00,0.00
437,7.2833,5.9003,0,1,1,0,-95.2,-91,-996,1.00,1.00,1.00,0.08
438,7.3000,5.9170,0,1,1,0,-96.0,-105,-995,1.00,1.00,1.00,0.14
439,7.3167,5.9337,0,1,1,0,-96.6,-115,-993,1.00,1.00,1.00,0.41
440,7.3333,5.9503,0,1,1,0,-97.3,-127,-992,1.00,1.00,1.00,0.48
441,7.3500,5.9670,0,1,1,0,-91.4,-24,-1000,1.00,1.00,1.00,0.50
442,7.3667,5.9837,0,1,1,0,29.7,869,495,1.00,1.00,1.00,1.00
443,7.3833,6.0003,0,0,0,0,37.3,795,606,1.00,1.00,1.00,1.00
444,7.4000,6.0170,0,0,0,0,37.3,795,606,1.00,1.00,1.00,1.00
445,7.4167,6.0337,0,0,0,0,37.3,795,606,1.00,1.00,1.00,1.00
446,7.4333,6.0503,0,1,1,0,37.3,795,606,1.00,1.00,1.00,1.00
447,7.4500,6.0670,0,1,1,0,37.3,795,606,1.00,1.00,1.00,1.00
448,7.4667,6.0837,0,1,1,0,37.3,795,606,1.00,1.00,1.00,1.00
449,7.4833,6.1003,0,1,1,0,37.3,795,606,1.00,1.00,1.00,1.00
450,7.5000,6.1170,0,1,1,0,37.3,795,606,1.00,1.00,1.00,1.00
451,7.5167,6.1337,0,1,1,0,37.3,795,606,1.00,1.00,1.00,1.00
452,7.5333,6.1503,0,1,1,0,37.3,795,606,1.00,1.00,1.00,1.00
453,7.5500,6.1670,0,1,1,0,37.2,797,605,1.00,1.00,1.00,1.00
454,7.5667,6.1837,0,1,1,0,37.3,795,606,1.00,1.00,1.00,1.00
455,7.5833,6.2003,0,1,1,0,37.3,795,606,1.00,1.00,1.00,1.00
456,7.6000,6.2170,0,1,1,0,37.2,797,605,1.00,1.00,1.00,1.00
457,7.6167,6.2337,0,1,1,0,37.3,795,606,1.00,1.00,1.00,1.00
458,7.6333,6.2503,0,1,1,0,37.3,795,606,1.00,1.00,1.00,1.00
459,7.6500,6.2670,0,1,1,0,37.3,795,606,1.00,1.00,1.00,0.48
460,7.6667,6.2837,0,1,1,0,37.3,795,606,1.00,1.00,1.00,1.00
461,7.6833,6.3003,0,1,1,0,37.4,794,607,1.00,1.00,1.00,1.00
462,7.7000,6.3170,0,1,1,0,37.4,794,607,1.00,1.00,1.00,0.79
463,7.7167,6.3337,0,1,1,0,37.2,797,605,1.00,1.00,1.00,0.55
464,7.7333,6.3503,0,1,1,0,37.2,797,605,1.00,1.00,1.00,0.63
465,7.7500,6.3670,0,1,1,0,37.2,797,605,1.00,1.00,1.00,0.73
466,7.7667,6.3837,0,1,1,0,37.3,795,606,0.89,1.00,1.00,0.81
467,7.7833,6.4003,0,1,1,0,37.2,797,605,1.00,0.39,1.00,0.78
468,7.8000,6.4170,0,1,1,0,37.2,797,605,1.00,0.81,1.00,0.69
469,7.8167,6.4337,0,1,1,0,37.2,797,605,1.00,0.62,1.00,0.41
470,7.8333,6.4503,0,1,1,0,37.1,798,603,1.00,0.86,1.00,0.80
471,7.8500,6.4670,0,1,1,0,33.6,833,553,1.00,1.00,1.00,1.00
472,7.8667,6.4837,0,1,1,0,-106.4,-282,-959,1.00,1.00,1.00,0.35
473,7.8833,6.5003,0,1,1,0,-111.3,-363,-932,1.00,1.00,1.00,0.29
474,7.9000,6.5170,0,1,1,0,-111.3,-363,-932,1.00,1.00,1.00,0.61
475,7.9167,6.5337,1,0,-1,0,-128.2,-618,-786,0.71,1.00,1.00,1.00
476,7.9333,6.5503,1,0,-1,0,176.2,-998,66,0.75,1.00,1.00,0.47
477,7.9500,6.5670,1,0,-1,0,176.2,-998,66,0.64,1.00,1.00,0.40
478,7.9667,6.5837,1,0,-1,0,176.2,-998,66,0.77,1.00,1.00,0.47
479,7.9833,6.6003,0,1,1,0,176.3,-998,65,1.00,1.00,1.00,0.61
480,8.0000,6.6170,0,1,1,0,142.9,-798,603,1.00,1.00,1.00,1.00
481,8.0167,6.6337,0,1,1,0,82.8,125,992,1.00,1.00,1.00,1.00
482,8.0333,6.6503,0,1,1,0,104.6,-252,968,1.00,1.00,1.00,1.00
483,8.0500,6.6670,0,1,1,0,147.9,-847,531,1.00,0.92,1.00,1.00
484,8.0667,6.6837,0,1,1,0,53.4,596,803,1.00,0.96,1.00,1.00
485,8.0833,6.7003,0,1,1,0,122.7,-540,842,1.00,0.75,1.00,1.00
486,8.1000,6.7170,0,1,1,0,159.5,-937,350,1.00,0.70,1.00,1.00
487,8.1167,6.7337,0,1,1,0,159.9,-939,344,1.00,0.65,1.00,1.00
488,8.1333,6.7503,0,1,1,0,160.9,-945,327,1.00,0.82,1.00,1.00
489,8.1500,6.7670,0,1,1,0,160.9,-945,327,1.00,0.62,1.00,1.00
490,8.1667,6.7837,0,1,1,0,160.9,-945,327,1.00,0.68,1.00,1.00
491,8.1833,6.8003,0,1,1,0,164.2,-962,272,1.00,0.84,1.00,1.00
492,8.2000,6.8170,0,1,1,0,164.9,-965,261,1.00,0.87,1.00,1.00
493,8.2167,6.8337,0,1,1,0,164.9,-965,261,1.00,0.78,1.00,1.00
494,8.2333,6.8503,0,1,1,0,164.9,-965,261,1.00,0.86,1.00,1.00
495,8.2500,6.8670,0,1,1,0,164.9,-965,261,1.00,0.94,1.00,1.00
496,8.2667,6.8837,0,0,0,0,-125.2,-576,-817,1.00,1.00,1.00,1.00
497,8.2833,6.9003,1,0,-1,0,15.0,966,259,1.00,1.00,1.00,1.00
498,8.3000,6.9170,1,0,-1,0,28.8,876,482,1.00,1.00,1.00,1.00
499,8.3167,6.9337,1,0,-1,0,67.4,384,923,1.00,1.00,1.00,1.00
500,8.3333,6.9503,0,1,1,0,146.8,-837,548,1.00,0.98,1.00,1.00
501,8.3500,6.9670,1,0,-1,0,146.8,-837,548,1.00,1.00,1.00,1.00
502,8.3667,6.9837,1,0,-1,0,146.8,-837,548,1.00,1.00,1.00,1.00
503,8.3833,7.0003,1,0,-1,0,146.8,-837,548,1.00,1.00,1.00,1.00
504,8.4000,7.0170,1,0,-1,0,-99.4,-163,-987,1.00,1.00,1.00,0.75
505,8.4167,7.0337,1,0,-1,0,-68.7,363,-932,1.00,1.00,1.00,1.00
506,8.4333,7.0503,1,0,-1,0,-44.2,717,-697,1.00,1.00,1.00,1.00
507,8.4500,7.0670,1,0,-1,0,28.8,876,482,1.00,1.00,1.00,1.00
508,8.4667,7.0837,1,0,-1,0,-154.6,-903,-429,1.00,1.00,1.00,1.00
509,8.4833,7.1003,1,0,-1,0,-145.3,-822,-569,1.00,1.00,1.00,1.00
510,8.5000,7.1170,1,0,-1,0,-144.3,-812,-584,1.00,1.00,1.00,0.02
511,8.5167,7.1337,1,0,-1,0,-144.5,-814,-581,1.00,1.00,1.00,1.00
512,8.5333,7.1503,1,0,-1,0,-145.1,-820,-572,1.00,1.00,1.00,1.00
513,8.5500,7.1670,1,0,-1,0,-147.0,-839,-545,1.00,1.00,1.00,1.00
514,8.5667,7.1837,1,0,-1,0,-147.4,-842,-539,1.00,1.00,1.00,1.00
515,8.5833,7.2003,1,0,-1,0,-147.4,-842,-539,1.00,1.00,1.00,1.00
516,8.6000,7.2170,1,0,-1,0,-147.4,-842,-539,1.00,1.00,1.00,1.00
517,8.6167,7.2337,1,0,-1,0,-147.4,-842,-539,1.00,1.00,1.00,1.00
518,8.6333,7.2503,1,0,-1,0,-147.4,-842,-539,1.00,1.00,1.00,1.00
519,8.6500,7.2670,1,0,-1,0,-147.4,-842,-539,1.00,1.00,1.00,1.00
520,8.6667,7.2837,1,0,-1,0,-147.4,-842,-539,1.00,1.00,1.00,1.00
521,8.6833,7.3003,1,0,-1,0,-147.4,-842,-539,1.00,1.00,1.00,1.00
522,8.7000,7.3170,1,0,-1,0,-147.4,-842,-539,1.00,1.00,1.00,1.00
523,8.7167,7.3337,1,0,-1,0,-147.4,-842,-539,1.00,1.00,1.00,1.00
524,8.7333,7.3503,1,0,-1,0,-147.4,-842,-539,1.00,1.00,1.00,1.00
525,8.7500,7.3670,1,0,-1,0,-147.5,-843,-537,1.00,1.00,1.00,1.00
526,8.7667,7.3837,1,0,-1,0,-127.1,-603,-798,1.00,1.00,1.00,1.00
527,8.7833,7.4003,1,0,-1,0,-126.6,-596,-803,1.00,1.00,1.00,0.89
528,8.8000,7.4170,1,0,-1,0,-125.1,-575,-818,1.00,1.00,1.00,1.00
529,8.8167,7.4337,1,0,-1,0,-46.5,688,-725,1.00,1.00,1.00,0.00
530,8.8333,7.4503,1,0,-1,0,-78.3,203,-979,1.00,1.00,1.00,0.16
531,8.8500,7.4670,1,0,-1,0,-61.7,474,-880,1.00,1.00,1.00,0.03
532,8.8667,7.4837,1,0,-1,0,-105.0,-259,-966,1.00,1.00,1.00,0.17
533,8.8833,7.5003,1,0,-1,0,-86.1,68,-998,1.00,1.00,1.00,0.00
534,8.9000,7.5170,1,0,-1,0,-46.1,693,-721,1.00,1.00,1.00,0.00
535,8.9167,7.5337,1,0,-1,0,-105.4,-266,-964,1.00,1.00,1.00,0.51
536,8.9333,7.5503,1,0,-1,0,-105.5,-267,-964,1.00,1.00,1.00,0.71
537,8.9500,7.5670,1,0,-1,0,-105.4,-266,-964,1.00,1.00,1.00,0.73
538,8.9667,7.5837,1,0,-1,0,-103.7,-237,-972,1.00,1.00,1.00,0.63
539,8.9833,7.6003,1,0,-1,0,-103.1,-227,-974,1.00,1.00,1.00,0.58
540,9.0000,7.6170,1,0,-1,0,-106.4,-282,-959,1.00,1.00,1.00,0.76
541,9.0167,7.6337,1,0,-1,0,-90.0,0,-1000,1.00,1.00,1.00,0.55
542,9.0333,7.6503,1,0,-1,1,-45.8,697,-717,1.00,1.00,0.99,1.00
543,9.0500,7.6670,1,0,-1,1,-10.4,984,-181,1.00,1.00,1.00,1.00
544,9.0667,7.6837,1,0,-1,1,-4.0,998,-70,1.00,1.00,1.00,1.00
545,9.0833,7.7003,1,0,-1,1,-4.0,998,-70,1.00,1.00,1.00,1.00
546,9.1000,7.7170,1,0,-1,0,2.3,999,40,1.00,1.00,1.00,1.00
547,9.1167,7.7337,1,0,-1,0,35.1,818,575,1.00,1.00,1.00,1.00
548,9.1333,7.7503,1,0,-1,0,123.7,-555,832,1.00,1.00,1.00,1.00
549,9.1500,7.7670,1,0,-1,0,112.9,-389,921,1.00,1.00,1.00,1.00
550,9.1667,7.7837,1,0,-1,0,112.9,-389,921,1.00,1.00,1.00,1.00
551,9.1833,7.8003,1,0,-1,0,112.9,-389,921,1.00,1.00,1.00,1.00
552,9.2000,7.8170,1,0,-1,0,112.9,-389,921,1.00,1.00,1.00,1.00
553,9.2167,7.8337,1,0,-1,0,112.8,-388,922,1.00,1.00,1.00,1.00
554,9.2333,7.8503,1,0,-1,1,-80.3,168,-986,1.00,1.00,1.00,0.35
555,9.2500,7.8670,1,0,-1,1,-80.1,172,-985,1.00,1.00,1.00,0.39
556,9.2667,7.8837,1,0,-1,1,-79.9,175,-985,1.00,1.00,1.00,0.32
557,9.2833,7.9003,1,0,-1,1,-79.8,177,-984,1.00,1.00,1.00,0.43
558,9.3000,7.9170,1,0,-1,0,-55.0,574,-819,1.00,1.00,1.00,0.00
559,9.3167,7.9337,1,0,-1,0,172.1,-991,137,1.00,1.00,1.00,1.00
560,9.3333,7.9503,1,0,-1,0,172.1,-991,137,1.00,1.00,1.00,1.00
561,9.3500,7.9670,1,0,-1,0,172.1,-991,137,1.00,1.00,1.00,1.00
562,9.3667,7.9837,1,0,-1,0,172.1,-991,137,1.00,1.00,1.00,1.00
563,9.3833,8.0003,1,0,-1,0,172.1,-991,137,1.00,1.00,1.00,1.00
564,9.4000,8.0170,1,0,-1,0,172.1,-991,137,1.00,1.00,1.00,1.00
565,9.4167,8.0337,1,0,-1,0,-174.3,-995,-99,1.00,1.00,1.00,1.00
566,9.4333,8.0503,1,0,-1,0,-143.6,-805,-593,1.00,1.00,1.00,1.00
567,9.4500,8.0670,1,0,-1,0,-167.0,-974,-225,1.00,1.00,1.00,1.00
568,9.4667,8.0837,1,0,-1,0,-167.0,-974,-225,1.00,1.00,1.00,1.00
569,9.4833,8.1003,1,0,-1,0,145.2,-821,571,1.00,1.00,1.00,0.17
570,9.5000,8.1170,1,0,-1,0,-25.4,903,-429,1.00,1.00,1.00,0.00
571,9.5167,8.1337,1,0,-1,1,135.5,-713,701,1.00,1.00,1.00,0.04
572,9.5333,8.1503,1,0,-1,0,135.3,-711,703,1.00,1.00,1.00,0.54
573,9.5500,8.1670,1,0,-1,0,135.3,-711,703,1.00,1.00,1.00,1.00
574,9.5667,8.1837,1,0,-1,0,-113.9,-405,-914,1.00,1.00,1.00,0.82
575,9.5833,8.2003,1,0,-1,0,176.0,-998,70,1.00,1.00,1.00,1.00
576,9.6000,8.2170,1,0,-1,0,135.3,-711,703,1.00,1.00,1.00,1.00
577,9.6167,8.2337,1,0,-1,0,127.9,-614,789,1.00,1.00,1.00,1.00
578,9.6333,8.2503,1,0,-1,0,111.3,-363,932,1.00,1.00,1.00,1.00
579,9.6500,8.2670,1,0,-1,0,13.1,974,227,1.00,1.00,1.00,1.00
580,9.6667,8.2837,1,0,-1,0,13.1,974,227,1.00,1.00,1.00,1.00
581,9.6833,8.3003,1,0,-1,0,13.1,974,227,1.00,1.00,1.00,1.00
582,9.7000,8.3170,1,0,-1,0,13.1,974,227,1.00,1.00,1.00,1.00
583,9.7167,8.3337,1,0,-1,0,27.3,889,459,1.00,1.00,1.00,1.00
584,9.7333,8.3503,1,0,-1,0,132.6,-677,736,1.00,1.00,1.00,1.00
585,9.7500,8.3670,1,0,-1,0,132.6,-677,736,1.00,1.00,1.00,1.00
586,9.7667,8.3837,1,0,-1,0,132.6,-677,736,1.00,1.00,1.00,1.00
587,9.7833,8.4003,1,0,-1,0,132.6,-677,736,1.00,1.00,1.00,1.00
588,9.8000,8.4170,1,0,-1,0,152.8,-889,457,1.00,1.00,1.00,1.00
589,9.8167,8.4337,1,0,-1,0,-78.7,196,-981,1.00,1.00,1.00,0.59
590,9.8333,8.4503,1,0,-1,0,-72.5,301,-954,1.00,1.00,1.00,0.01
591,9.8500,8.4670,1,0,-1,0,12.3,977,213,1.00,1.00,0.84,1.00
592,9.8667,8.4837,1,0,-1,0,8.3,990,144,1.00,1.00,0.64,1.00
593,9.8833,8.5003,1,0,-1,0,62.6,460,888,1.00,1.00,0.61,1.00
594,9.9000,8.5170,1,0,-1,0,56.2,556,831,1.00,1.00,0.65,1.00
595,9.9167,8.5337,1,0,-1,0,18.7,947,321,1.00,1.00,0.63,1.00
596,9.9333,8.5503,1,0,-1,0,18.7,947,321,1.00,1.00,0.63,1.00
597,9.9500,8.5670,1,0,-1,0,18.7,947,321,1.00,1.00,0.68,1.00
598,9.9667,8.5837,1,0,-1,0,115.0,-423,906,1.00,1.00,0.68,1.00
599,9.9833,8.6003,1,0,-1,0,140.9,-776,631,1.00,1.00,0.68,1.00
600,10.0000,8.6170,1,0,-1,0,140.9,-776,631,1.00,1.00,0.65,1.00
601,10.0167,8.6337,1,0,-1,0,140.9,-776,631,1.00,1.00,0.63,1.00
602,10.0333,8.6503,1,0,-1,0,140.9,-776,631,1.00,1.00,0.63,1.00
603,10.0500,8.6670,1,0,-1,0,140.9,-776,631,1.00,1.00,0.63,1.00
604,10.0667,8.6837,1,0,-1,0,140.9,-776,631,1.00,1.00,0.63,1.00
605,10.0833,8.7003,1,0,-1,0,-150.9,-874,-486,1.00,1.00,0.63,1.00
606,10.1000,8.7170,1,0,-1,0,-112.5,-383,-924,1.00,1.00,0.63,0.87
607,10.1167,8.7337,1,0,-1,0,-112.5,-383,-924,1.00,1.00,0.63,0.86
608,10.1333,8.7503,1,0,-1,0,-112.5,-383,-924,1.00,1.00,0.61,0.84
609,10.1500,8.7670,1,0,-1,0,-112.1,-376,-927,1.00,1.00,0.64,0.87
610,10.1667,8.7837,1,0,-1,0,-108.4,-316,-949,1.00,1.00,1.00,0.74
611,10.1833,8.8003,1,0,-1,0,-107.1,-294,-956,1.00,1.00,1.00,0.84
612,10.2000,8.8170,1,0,-1,0,-107.3,-297,-955,1.00,1.00,1.00,0.85
613,10.2167,8.8337,1,0,-1,0,-107.1,-294,-956,1.00,1.00,1.00,0.82
614,10.2333,8.8503,1,0,-1,0,-41.7,747,-665,1.00,1.00,1.00,0.00
615,10.2500,8.8670,1,0,-1,0,5.3,996,92,1.00,1.00,1.00,1.00
616,10.2667,8.8837,1,0,-1,0,8.8,988,153,1.00,1.00,1.00,1.00
617,10.2833,8.9003,1,0,-1,0,-43.9,721,-693,1.00,1.00,1.00,0.00
618,10.3000,8.9170,1,0,-1,0,-103.1,-227,-974,1.00,1.00,1.00,0.27
619,10.3167,8.9337,1,0,-1,0,-103.1,-227,-974,1.00,1.00,1.00,0.51
620,10.3333,8.9503,1,0,-1,0,-42.3,740,-673,1.00,1.00,1.00,0.00
621,10.3500,8.9670,1,0,-1,0,17.1,956,294,1.00,1.00,1.00,1.00
622,10.3667,8.9837,1,0,-1,0,17.2,955,296,1.00,1.00,1.00,1.00
623,10.3833,9.0003,1,0,-1,0,17.2,955,296,1.00,1.00,1.00,1.00
624,10.4000,9.0170,1,0,-1,0,17.1,956,294,1.00,1.00,1.00,1.00
625,10.4167,9.0337,1,0,-1,0,17.1,956,294,1.00,1.00,1.00,1.00
626,10.4333,9.0503,1,0,-1,0,17.2,955,296,1.00,1.00,1.00,1.00
627,10.4500,9.0670,1,0,-1,0,17.2,955,296,1.00,1.00,1.00,1.00
628,10.4667,9.0837,1,0,-1,0,17.1,956,294,1.00,1.00,1.00,1.00
629,10.4833,9.1003,1,0,-1,0,17.1,956,294,1.00,1.00,1.00,1.00
630,10.5000,9.1170,1,0,-1,0,-29.7,869,-495,1.00,1.00,1.00,0.56
631,10.5167,9.1337,1,0,-1,0,-177.0,-999,-52,1.00,1.00,1.00,1.00
632,10.5333,9.1503,1,0,-1,0,115.7,-434,901,1.00,1.00,1.00,1.00
633,10.5500,9.1670,1,0,-1,0,115.7,-434,901,1.00,1.00,1.00,1.00
634,10.5667,9.1837,1,0,-1,0,48.1,668,744,1.00,1.00,1.00,1.00
635,10.5833,9.2003,1,0,-1,0,43.0,731,682,1.00,1.00,1.00,1.00
636,10.6000,9.2170,1,0,-1,0,43.0,731,682,1.00,1.00,1.00,1.00
637,10.6167,9.2337,1,0,-1,0,13.3,973,230,1.00,1.00,1.00,1.00
638,10.6333,9.2503,1,0,-1,0,8.1,990,141,1.00,1.00,1.00,0.00
639,10.6500,9.2670,1,0,-1,0,-117.5,-462,-887,1.00,1.00,1.00,0.88
640,10.6667,9.2837,1,0,-1,0,-125.1,-575,-818,1.00,1.00,1.00,1.00
641,10.6833,9.3003,1,0,-1,0,-127.8,-613,-790,1.00,1.00,1.00,1.00
642,10.7000,9.3170,1,0,-1,0,-101.6,-201,-980,1.00,1.00,1.00,0.35
643,10.7167,9.3337,1,0,-1,0,-86.9,54,-999,1.00,1.00,1.00,0.18
644,10.7333,9.3503,1,0,-1,0,-86.9,54,-999,1.00,1.00,1.00,0.00
645,10.7500,9.3670,1,0,-1,0,-42.0,743,-669,1.00,1.00,1.00,0.00
646,10.7667,9.3837,1,0,-1,0,27.0,891,454,1.00,1.00,1.00,0.00
647,10.7833,9.4003,1,0,-1,0,-87.1,51,-999,1.00,1.00,1.00,0.08
648,10.8000,9.4170,1,0,-1,0,-91.6,-28,-1000,1.00,1.00,1.00,0.78
649,10.8167,9.4337,1,0,-1,0,-122.2,-533,-846,1.00,1.00,0.74,0.98
650,10.8333,9.4503,1,0,-1,0,-122.2,-533,-846,1.00,1.00,1.00,0.99
651,10.8500,9.4670,1,0,-1,0,-122.2,-533,-846,1.00,1.00,1.00,0.98
652,10.8667,9.4837,1,0,-1,0,-122.2,-533,-846,1.00,1.00,1.00,0.99
653,10.8833,9.5003,1,0,-1,0,-122.2,-533,-846,1.00,1.00,1.00,1.00
654,10.9000,9.5170,1,0,-1,0,-122.2,-533,-846,1.00,1.00,1.00,1.00
655,10.9167,9.5337,1,0,-1,0,-122.2,-533,-846,1.00,1.00,1.00,1.00
656,10.9333,9.5503,1,0,-1,0,-116.6,-448,-894,1.00,1.00,1.00,0.84
657,10.9500,9.5670,1,0,-1,0,-104.4,-249,-969,1.00,1.00,1.00,0.59
658,10.9667,9.5837,1,0,-1,0,-104.4,-249,-969,1.00,1.00,1.00,0.57
659,10.9833,9.6003,1,0,-1,0,-107.5,-301,-954,1.00,1.00,1.00,0.82
660,11.0000,9.6170,1,0,-1,0,-108.4,-316,-949,1.00,1.00,1.00,0.78
661,11.0167,9.6337,1,0,-1,0,-110.4,-349,-937,1.00,1.00,1.00,0.72
662,11.0333,9.6503,1,0,-1,0,-121.5,-522,-853,1.00,1.00,1.00,0.97
663,11.0500,9.6670,1,0,-1,0,-165.3,-967,-254,1.00,1.00,1.00,1.00
664,11.0667,9.6837,1,0,-1,0,-172.7,-992,-127,1.00,1.00,1.00,1.00
665,11.0833,9.7003,1,0,-1,0,-172.7,-992,-127,1.00,1.00,1.00,1.00
666,11.1000,9.7170,1,0,-1,0,8.9,988,155,1.00,1.00,1.00,1.00
667,11.1167,9.7337,1,0,-1,0,-29.8,868,-497,1.00,1.00,1.00,1.00
668,11.1333,9.7503,1,0,-1,0,-104.4,-249,-969,1.00,1.00,1.00,0.67
669,11.1500,9.7670,1,0,-1,0,-104.4,-249,-969,1.00,1.00,1.00,0.68
670,11.1667,9.7837,1,0,-1,0,-104.4,-249,-969,1.00,1.00,1.00,0.74
671,11.1833,9.8003,1,0,-1,0,-104.4,-249,-969,1.00,1.00,0.50,0.58
672,11.2000,9.8170,1,0,-1,0,171.8,-990,143,1.00,1.00,0.23,1.00
673,11.2167,9.8337,1,0,-1,0,73.9,277,961,1.00,1.00,1.00,1.00
674,11.2333,9.8503,1,0,-1,1,-119.1,-486,-874,1.00,1.00,1.00,0.92
675,11.2500,9.8670,1,0,-1,1,121.4,-521,854,1.00,1.00,1.00,1.00
676,11.2667,9.8837,1,0,-1,1,118.4,-476,880,1.00,1.00,1.00,1.00
677,11.2833,9.9003,1,0,-1,1,118.4,-476,880,1.00,1.00,1.00,1.00
678,11.3000,9.9170,1,0,-1,0,130.0,-643,766,1.00,1.00,1.00,1.00
679,11.3167,9.9337,1,0,-1,0,125.6,-582,813,1.00,1.00,1.00,1.00
680,11.3333,9.9503,1,0,-1,0,72.8,296,955,1.00,1.00,1.00,0.46
681,11.3500,9.9670,1,0,-1,0,78.3,203,979,1.00,1.00,1.00,0.65
682,11.3667,9.9837,1,0,-1,0,120.5,-508,862,1.00,1.00,1.00,1.00
683,11.3833,10.0003,1,0,-1,0,48.2,667,745,1.00,1.00,1.00,0.56
684,11.4000,10.0170,1,0,-1,0,-6.9,993,-120,1.00,1.00,1.00,1.00
685,11.4167,10.0337,1,0,-1,0,-6.9,993,-120,1.00,1.00,1.00,1.00
686,11.4333,10.0503,1,0,-1,0,-6.9,993,-120,1.00,1.00,1.00,1.00
687,11.4500,10.0670,1,0,-1,0,-6.9,993,-120,1.00,1.00,1.00,1.00
688,11.4667,10.0837,1,0,-1,0,-7.0,993,-122,1.00,1.00,1.00,1.00
689,11.4833,10.1003,1,0,-1,0,-66.2,404,-915,1.00,1.00,1.00,1.00
690,11.5000,10.1170,1,0,-1,0,-84.4,98,-995,1.00,1.00,1.00,0.88
691,11.5167,10.1337,1,0,-1,0,-84.4,98,-995,1.00,1.00,1.00,0.92
692,11.5333,10.1503,1,0,-1,0,-84.1,103,-995,1.00,1.00,1.00,0.87
693,11.5500,10.1670,1,0,-1,0,-84.1,103,-995,1.00,1.00,1.00,0.86
694,11.5667,10.1837,1,0,-1,0,-84.1,103,-995,1.00,1.00,1.00,0.86
695,11.5833,10.2003,1,0,-1,0,-84.4,98,-995,1.00,1.00,1.00,0.83
696,11.6000,10.2170,1,0,-1,0,-84.4,98,-995,1.00,1.00,1.00,0.54
697,11.6167,10.2337,1,0,-1,0,-94.4,-77,-997,1.00,1.00,1.00,0.89
698,11.6333,10.2503,1,0,-1,0,-144.5,-814,-581,1.00,1.00,1.00,1.00
699,11.6500,10.2670,1,0,-1,0,-146.7,-836,-549,1.00,1.00,1.00,1.00
700,11.6667,10.2837,1,0,-1,0,-169.2,-982,-187,1.00,1.00,1.00,1.00
701,11.6833,10.3003,1,0,-1,0,-176.6,-998,-59,1.00,1.00,1.00,1.00
702,11.7000,10.3170,1,0,-1,0,-176.6,-998,-59,1.00,1.00,1.00,1.00
703,11.7167,10.3337,1,0,-1,0,-170.6,-987,-163,1.00,1.00,1.00,1.00
704,11.7333,10.3503,1,0,-1,0,-161.6,-949,-316,1.00,1.00,1.00,1.00
705,11.7500,10.3670,1,0,-1,0,129.8,-640,768,1.00,1.00,1.00,1.00
706,11.7667,10.3837,1,0,-1,0,126.3,-592,806,1.00,1.00,1.00,0.13
707,11.7833,10.4003,1,0,-1,0,125.5,-581,814,1.00,1.00,1.00,1.00
708,11.8000,10.4170,1,0,-1,0,159.3,-935,353,1.00,1.00,1.00,0.44
709,11.8167,10.4337,1,0,-1,0,-118.1,-471,-882,1.00,1.00,1.00,0.85
710,11.8333,10.4503,1,0,-1,0,-112.5,-383,-924,1.00,1.00,1.00,0.84
711,11.8500,10.4670,1,0,-1,0,-112.5,-383,-924,1.00,1.00,1.00,0.84
712,11.8667,10.4837,1,0,-1,0,-112.7,-386,-923,1.00,1.00,1.00,0.84
713,11.8833,10.5003,1,0,-1,0,-91.1,-19,-1000,1.00,1.00,1.00,0.84
714,11.9000,10.5170,1,0,-1,0,138.9,-754,657,1.00,1.00,1.00,1.00
715,11.9167,10.5337,1,0,-1,0,136.6,-727,687,1.00,1.00,1.00,1.00
716,11.9333,10.5503,1,0,-1,0,-111.1,-360,-933,1.00,1.00,1.00,0.74
717,11.9500,10.5670,1,0,-1,0,-107.3,-297,-955,1.00,1.00,1.00,0.84
718,11.9667,10.5837,1,0,-1,0,-87.9,37,-999,1.00,1.00,1.00,0.92
719,11.9833,10.6003,1,0,-1,0,-74.4,269,-963,1.00,1.00,1.00,1.00
720,12.0000,10.6170,1,0,-1,0,-74.4,269,-963,1.00,1.00,1.00,1.00
721,12.0167,10.6337,1,0,-1,0,-74.2,272,-962,1.00,1.00,1.00,1.00
722,12.0333,10.6503,1,0,-1,1,-76.3,237,-972,1.00,1.00,1.00,0.95
723,12.0500,10.6670,1,0,-1,1,-84.1,103,-995,1.00,1.00,1.00,0.87
724,12.0667,10.6837,1,0,-1,1,-86.3,65,-998,1.00,1.00,1.00,0.27
725,12.0833,10.7003,1,0,-1,1,-1.2,1000,-21,1.00,1.00,1.00,0.00
726,12.1000,10.7170,1,0,-1,0,6.4,994,111,1.00,1.00,1.00,0.00
727,12.1167,10.7337,1,0,-1,0,-85.9,71,-997,1.00,1.00,1.00,0.00
728,12.1333,10.7503,1,0,-1,0,-84.8,91,-996,1.00,1.00,1.00,0.00
729,12.1500,10.7670,1,0,-1,0,-67.5,383,-924,1.00,1.00,1.00,1.00
730,12.1667,10.7837,1,0,-1,0,-67.4,384,-923,1.00,1.00,1.00,1.00
731,12.1833,10.8003,1,0,-1,0,-60.6,491,-871,1.00,1.00,1.00,1.00
732,12.2000,10.8170,1,0,-1,0,-59.1,514,-858,1.00,1.00,1.00,1.00
733,12.2167,10.8337,1,0,-1,0,-63.0,454,-891,1.00,1.00,1.00,1.00
734,12.2333,10.8503,1,0,-1,0,-67.9,376,-927,1.00,1.00,1.00,1.00
735,12.2500,10.8670,1,0,-1,0,-34.0,829,-559,1.00,1.00,1.00,0.98
736,12.2667,10.8837,1,0,-1,0,-43.4,727,-687,1.00,1.00,1.00,1.00
737,12.2833,10.9003,1,0,-1,0,-10.6,983,-184,1.00,1.00,1.00,0.50
738,12.3000,10.9170,1,0,-1,0,6.1,994,106,1.00,1.00,1.00,1.00
739,12.3167,10.9337,1,0,-1,0,45.1,706,708,1.00,1.00,1.00,1.00
740,12.3333,10.9503,1,0,-1,0,127.0,-602,799,1.00,1.00,1.00,1.00
741,12.3500,10.9670,1,0,-1,0,127.0,-602,799,1.00,1.00,1.00,1.00
742,12.3667,10.9837,1,0,-1,0,127.0,-602,799,1.00,1.00,1.00,1.00
743,12.3833,11.0003,1,0,-1,0,127.0,-602,799,1.00,1.00,1.00,1.00
744,12.4000,11.0170,1,0,-1,0,127.0,-602,799,1.00,1.00,1.00,1.00
745,12.4167,11.0337,1,0,-1,0,122.0,-530,848,1.00,1.00,1.00,0.58
746,12.4333,11.0503,1,0,-1,0,108.6,-319,948,1.00,1.00,1.00,0.57
747,12.4500,11.0670,1,0,-1,0,108.5,-317,948,1.00,1.00,1.00,0.52
748,12.4667,11.0837,1,0,-1,0,108.6,-319,948,1.00,1.00,1.00,0.37
749,12.4833,11.1003,1,0,-1,0,108.5,-317,948,1.00,1.00,1.00,1.00
750,12.5000,11.1170,1,0,-1,0,108.5,-317,948,1.00,1.00,1.00,0.21
751,12.5167,11.1337,1,0,-1,0,108.5,-317,948,1.00,1.00,1.00,0.98
752,12.5333,11.1503,1,0,-1,0,112.4,-381,925,1.00,1.00,1.00,1.00
753,12.5500,11.1670,1,0,-1,0,129.3,-633,774,1.00,1.00,1.00,1.00
754,12.5667,11.1837,1,0,-1,0,132.4,-674,738,1.00,1.00,1.00,0.35
755,12.5833,11.2003,1,0,-1,0,123.4,-550,835,1.00,1.00,1.00,0.00
756,12.6000,11.2170,1,0,-1,0,132.7,-678,735,1.00,1.00,1.00,0.75
757,12.6167,11.2337,1,0,-1,0,132.7,-678,735,1.00,1.00,1.00,1.00
758,12.6333,11.2503,1,0,-1,0,133.6,-690,724,1.00,1.00,1.00,1.00
759,12.6500,11.2670,1,0,-1,0,-90.4,-7,-1000,1.00,1.00,1.00,0.01
760,12.6667,11.2837,1,0,-1,0,-90.4,-7,-1000,1.00,1.00,1.00,0.07
761,12.6833,11.3003,1,0,-1,0,-95.2,-91,-996,1.00,1.00,1.00,0.77
762,12.7000,11.3170,1,0,-1,0,-167.4,-976,-218,1.00,1.00,1.00,1.00
763,12.7167,11.3337,1,0,-1,0,133.6,-690,724,1.00,1.00,1.00,1.00
764,12.7333,11.3503,1,0,-1,0,-98.7,-151,-988,1.00,1.00,1.00,0.65
765,12.7500,11.3670,1,0,-1,0,-98.7,-151,-988,1.00,1.00,1.00,0.54
766,12.7667,11.3837,1,0,-1,0,-98.7,-151,-988,1.00,1.00,1.00,0.53
767,12.7833,11.4003,1,0,-1,0,168.2,-979,204,1.00,1.00,1.00,1.00
768,12.8000,11.4170,1,0,-1,0,144.9,-818,575,1.00,1.00,1.00,1.00
769,12.8167,11.4337,1,0,-1,0,156.7,-918,396,1.00,1.00,1.00,1.00
770,12.8333,11.4503,1,0,-1,0,156.9,-920,392,1.00,1.00,1.00,1.00
771,12.8500,11.4670,1,0,-1,0,159.4,-936,352,1.00,1.00,1.00,1.00
772,12.8667,11.4837,1,0,-1,0,159.4,-936,352,1.00,1.00,1.00,1.00
773,12.8833,11.5003,1,0,-1,0,159.4,-936,352,1.00,1.00,1.00,1.00
774,12.9000,11.5170,1,0,-1,0,131.0,-656,755,1.00,1.00,1.00,1.00
775,12.9167,11.5337,1,0,-1,0,122.4,-536,844,1.00,1.00,1.00,1.00
776,12.9333,11.5503,1,0,-1,0,159.4,-936,352,1.00,1.00,1.00,1.00
777,12.9500,11.5670,1,0,-1,0,159.4,-936,352,1.00,1.00,1.00,1.00
778,12.9667,11.5837,1,0,-1,0,113.0,-391,921,1.00,1.00,1.00,0.40
779,12.9833,11.6003,1,0,-1,0,143.8,-807,591,1.00,1.00,1.00,1.00
780,13.0000,11.6170,1,0,-1,0,-161.5,-948,-317,1.00,1.00,1.00,1.00
781,13.0167,11.6337,1,0,-1,0,-165.9,-970,-244,1.00,1.00,1.00,1.00
782,13.0333,11.6503,1,0,-1,0,115.7,-434,901,1.00,1.00,1.00,0.22
783,13.0500,11.6670,1,0,-1,0,115.6,-432,902,1.00,1.00,1.00,0.57
784,13.0667,11.6837,1,0,-1,0,116.0,-438,899,1.00,1.00,1.00,0.03
785,13.0833,11.7003,1,0,-1,0,24.6,909,416,1.00,1.00,1.00,0.41
786,13.1000,11.7170,1,0,-1,0,-16.7,958,-287,1.00,1.00,1.00,1.00
787,13.1167,11.7337,1,0,-1,0,-29.4,871,-491,1.00,1.00,1.00,1.00
788,13.1333,11.7503,1,0,-1,0,-169.8,-984,-177,1.00,1.00,1.00,1.00
789,13.1500,11.7670,1,0,-1,0,-169.8,-984,-177,1.00,1.00,1.00,1.00
790,13.1667,11.7837,1,0,-1,0,-169.8,-984,-177,1.00,1.00,1.00,1.00
791,13.1833,11.8003,1,0,-1,0,-44.4,714,-700,1.00,1.00,1.00,1.00
792,13.2000,11.8170,1,0,-1,0,-35.3,816,-578,1.00,1.00,1.00,1.00
793,13.2167,11.8337,1,0,-1,0,-35.3,816,-578,1.00,1.00,1.00,1.00
794,13.2333,11.8503,1,0,-1,0,-35.3,816,-578,1.00,1.00,1.00,1.00
795,13.2500,11.8670,1,0,-1,0,-35.3,816,-578,1.00,1.00,1.00,1.00
796,13.2667,11.8837,1,0,-1,0,-35.3,816,-578,1.00,1.00,1.00,1.00
797,13.2833,11.9003,1,0,-1,0,52.5,609,793,1.00,1.00,1.00,1.00
798,13.3000,11.9170,1,0,-1,0,82.8,125,992,1.00,1.00,1.00,1.00
799,13.3167,11.9337,1,0,-1,0,82.8,125,992,1.00,1.00,1.00,1.00
800,13.3333,11.9503,1,0,-1,0,82.8,125,992,1.00,1.00,1.00,1.00
801,13.3500,11.9670,1,0,-1,0,103.9,-240,971,1.00,1.00,1.00,1.00
802,13.3667,11.9837,1,0,-1,0,-147.7,-845,-534,1.00,1.00,1.00,1.00
803,13.3833,12.0003,1,0,-1,0,-127.4,-607,-794,1.00,1.00,1.00,1.00
804,13.4000,12.0170,1,0,-1,0,-118.1,-471,-882,1.00,1.00,1.00,0.87
805,13.4167,12.0337,1,0,-1,0,-128.7,-625,-780,1.00,1.00,1.00,1.00
806,13.4333,12.0503,1,0,-1,0,-141.7,-785,-620,1.00,1.00,1.00,1.00
807,13.4500,12.0670,1,0,-1,0,-99.8,-170,-985,1.00,1.00,1.00,0.70
808,13.4667,12.0837,1,0,-1,0,-99.8,-170,-985,1.00,1.00,1.00,0.67
809,13.4833,12.1003,1,0,-1,0,-104.4,-249,-969,1.00,1.00,1.00,0.65
810,13.5000,12.1170,1,0,-1,0,-103.5,-233,-972,1.00,1.00,1.00,0.64
811,13.5167,12.1337,1,0,-1,0,-106.9,-291,-957,1.00,1.00,1.00,0.73
812,13.5333,12.1503,1,0,-1,0,-113.9,-405,-914,1.00,1.00,1.00,0.84
813,13.5500,12.1670,1,0,-1,0,-113.9,-405,-914,1.00,1.00,1.00,0.83
814,13.5667,12.1837,1,0,-1,0,-128.9,-628,-778,1.00,1.00,1.00,1.00
815,13.5833,12.2003,1,0,-1,0,-145.6,-825,-565,1.00,1.00,1.00,1.00
816,13.6000,12.2170,1,0,-1,0,-128.8,-627,-779,1.00,1.00,1.00,1.00
817,13.6167,12.2337,1,0,-1,0,-141.2,-779,-627,1.00,1.00,1.00,1.00
818,13.6333,12.2503,1,0,-1,0,153.9,-898,440,1.00,1.00,1.00,1.00
819,13.6500,12.2670,1,0,-1,0,-113.7,-402,-916,1.00,1.00,1.00,0.83
820,13.6667,12.2837,1,0,-1,0,-111.1,-360,-933,1.00,1.00,1.00,0.74
821,13.6833,12.3003,1,0,-1,0,160.8,-944,329,1.00,1.00,1.00,1.00
822,13.7000,12.3170,1,0,-1,0,146.9,-838,546,1.00,1.00,1.00,0.73
823,13.7167,12.3337,1,0,-1,0,146.8,-837,548,1.00,1.00,1.00,1.00
824,13.7333,12.3503,1,0,-1,1,139.7,-763,647,1.00,1.00,1.00,1.00
825,13.7500,12.3670,1,0,-1,1,117.8,-466,885,1.00,1.00,1.00,1.00
826,13.7667,12.3837,1,0,-1,0,115.6,-432,902,1.00,1.00,1.00,1.00
827,13.7833,12.4003,1,0,-1,0,115.6,-432,902,1.00,1.00,1.00,1.00
828,13.8000,12.4170,1,0,-1,0,115.7,-434,901,1.00,1.00,1.00,1.00
829,13.8167,12.4337,1,0,-1,0,63.7,443,896,1.00,1.00,1.00,1.00
830,13.8333,12.4503,1,0,-1,0,-49.3,652,-758,1.00,1.00,1.00,1.00
831,13.8500,12.4670,1,0,-1,0,-49.3,652,-758,1.00,1.00,1.00,1.00
832,13.8667,12.4837,1,0,-1,0,-49.3,652,-758,1.00,1.00,1.00,1.00
833,13.8833,12.5003,1,0,-1,0,-20.9,934,-357,1.00,1.00,1.00,1.00
834,13.9000,12.5170,1,0,-1,0,4.4,997,77,1.00,1.00,1.00,1.00
835,13.9167,12.5337,1,0,-1,0,4.4,997,77,1.00,1.00,1.00,1.00
836,13.9333,12.5503,1,0,-1,0,-7.0,993,-122,1.00,1.00,1.00,1.00
837,13.9500,12.5670,1,0,-1,0,-33.8,831,-556,1.00,1.00,1.00,1.00
838,13.9667,12.5837,1,0,-1,0,-33.8,831,-556,1.00,1.00,1.00,1.00
839,13.9833,12.6003,1,0,-1,0,61.7,474,880,1.00,1.00,1.00,1.00
840,14.0000,12.6170,1,0,-1,0,82.8,125,992,1.00,1.00,1.00,1.00
841,14.0167,12.6337,1,0,-1,0,82.8,125,992,1.00,1.00,1.00,1.00
842,14.0333,12.6503,1,0,-1,0,82.8,125,992,1.00,1.00,1.00,1.00
843,14.0500,12.6670,1,0,-1,0,82.8,125,992,1.00,1.00,1.00,1.00
844,14.0667,12.6837,1,0,-1,0,82.8,125,992,1.00,1.00,1.00,1.00
845,14.0833,12.7003,1,0,-1,0,82.8,125,992,1.00,1.00,1.00,1.00
846,14.1000,12.7170,1,0,-1,0,52.4,610,792,1.00,1.00,1.00,1.00
847,14.1167,12.7337,1,0,-1,0,35.8,811,585,1.00,1.00,1.00,1.00
848,14.1333,12.7503,1,0,-1,0,34.3,826,564,1.00,1.00,1.00,1.00
849,14.1500,12.7670,1,0,-1,0,-148.8,-855,-518,1.00,1.00,1.00,0.00
850,14.1667,12.7837,1,0,-1,0,-154.9,-906,-424,1.00,1.00,1.00,0.00
851,14.1833,12.8003,1,0,-1,0,-8.7,988,-151,1.00,1.00,1.00,1.00
852,14.2000,12.8170,1,0,-1,0,4.4,997,77,1.00,1.00,1.00,1.00
853,14.2167,12.8337,1,0,-1,0,4.4,997,77,1.00,1.00,1.00,1.00
854,14.2333,12.8503,1,0,-1,0,4.4,997,77,1.00,1.00,1.00,1.00
855,14.2500,12.8670,1,0,-1,0,4.4,997,77,1.00,1.00,1.00,1.00
856,14.2667,12.8837,1,0,-1,0,4.4,997,77,1.00,1.00,1.00,1.00
857,14.2833,12.9003,1,0,-1,0,4.4,997,77,1.00,1.00,1.00,1.00
858,14.3000,12.9170,1,0,-1,0,4.4,997,77,1.00,1.00,1.00,1.00
859,14.3167,12.9337,1,0,-1,0,4.4,997,77,1.00,1.00,1.00,1.00
860,14.3333,12.9503,1,0,-1,0,4.4,997,77,1.00,1.00,1.00,1.00
861,14.3500,12.9670,1,0,-1,0,4.4,997,77,1.00,1.00,1.00,1.00
862,14.3667,12.9837,1,0,-1,0,4.4,997,77,1.00,1.00,1.00,1.00
863,14.3833,13.0003,1,0,-1,0,4.4,997,77,1.00,1.00,1.00,1.00
864,14.4000,13.0170,1,0,-1,0,4.4,997,77,1.00,1.00,1.00,1.00
865,14.4167,13.0337,1,0,-1,0,4.4,997,77,1.00,1.00,1.00,1.00
866,14.4333,13.0503,1,0,-1,0,4.4,997,77,1.00,1.00,1.00,1.00
867,14.4500,13.0670,1,0,-1,0,4.4,997,77,1.00,1.00,1.00,1.00
868,14.4667,13.0837,1,0,-1,0,4.4,997,77,1.00,1.00,1.00,1.00
869,14.4833,13.1003,1,0,-1,0,62.3,465,885,1.00,1.00,1.00,0.45
870,14.5000,13.1170,1,0,-1,0,48.3,665,747,1.00,1.00,1.00,0.44
871,14.5167,13.1337,1,0,-1,0,50.0,643,766,1.00,1.00,1.00,1.00
872,14.5333,13.1503,1,0,-1,0,115.7,-434,901,1.00,1.00,1.00,1.00
873,14.5500,13.1670,1,0,-1,0,115.7,-434,901,1.00,1.00,1.00,1.00
874,14.5667,13.1837,1,0,-1,0,103.9,-240,971,1.00,1.00,1.00,0.50
875,14.5833,13.2003,1,0,-1,0,118.1,-471,882,1.00,1.00,1.00,1.00
876,14.6000,13.2170,1,0,-1,0,128.3,-620,785,1.00,1.00,1.00,1.00
877,14.6167,13.2337,1,0,-1,0,128.3,-620,785,1.00,1.00,1.00,1.00
878,14.6333,13.2503,1,0,-1,0,128.3,-620,785,1.00,1.00,1.00,1.00
879,14.6500,13.2670,1,0,-1,0,128.3,-620,785,1.00,1.00,1.00,1.00
880,14.6667,13.2837,1,0,-1,0,128.3,-620,785,1.00,1.00,1.00,1.00
881,14.6833,13.3003,1,0,-1,0,101.9,-206,979,1.00,1.00,1.00,1.00
882,14.7000,13.3170,1,0,-1,0,82.8,125,992,1.00,1.00,1.00,1.00
883,14.7167,13.3337,1,0,-1,0,82.8,125,992,1.00,1.00,1.00,1.00
884,14.7333,13.3503,1,0,-1,0,64.9,424,906,1.00,1.00,1.00,1.00
885,14.7500,13.3670,1,0,-1,0,-12.4,977,-215,1.00,1.00,1.00,1.00
886,14.7667,13.3837,1,0,-1,0,-135.0,-707,-707,1.00,1.00,1.00,1.00
887,14.7833,13.4003,1,0,-1,0,-136.1,-721,-693,1.00,1.00,1.00,0.68
888,14.8000,13.4170,1,0,-1,0,-127.7,-612,-791,1.00,1.00,1.00,0.98
889,14.8167,13.4337,1,0,-1,0,-152.8,-889,-457,1.00,1.00,1.00,0.00
890,14.8333,13.4503,1,0,-1,0,-65.5,415,-910,1.00,1.00,1.00,0.00
891,14.8500,13.4670,1,0,-1,0,-129.4,-635,-773,1.00,1.00,1.00,1.00
892,14.8667,13.4837,1,0,-1,0,-129.4,-635,-773,1.00,1.00,1.00,1.00
893,14.8833,13.5003,1,0,-1,0,-129.4,-635,-773,1.00,1.00,1.00,1.00
894,14.9000,13.5170,1,0,-1,0,-115.6,-432,-902,1.00,1.00,1.00,0.82
895,14.9167,13.5337,1,0,-1,0,-105.4,-266,-964,1.00,1.00,1.00,0.73
896,14.9333,13.5503,1,0,-1,0,-105.4,-266,-964,1.00,1.00,1.00,0.67
897,14.9500,13.5670,1,0,-1,0,-105.4,-266,-964,1.00,1.00,1.00,0.68
898,14.9667,13.5837,1,0,-1,0,-98.7,-151,-988,1.00,1.00,1.00,0.62
899,14.9833,13.6003,1,0,-1,0,-95.4,-94,-996,1.00,1.00,1.00,0.84
900,15.0000,13.6170,1,0,-1,0,-99.8,-170,-985,1.00,1.00,1.00,0.73
901,15.0167,13.6337,1,0,-1,0,-105.4,-266,-964,1.00,1.00,1.00,0.72
902,15.0333,13.6503,1,0,-1,0,-105.5,-267,-964,1.00,1.00,1.00,0.75
903,15.0500,13.6670,1,0,-1,0,-105.5,-267,-964,1.00,1.00,1.00,0.70
904,15.0667,13.6837,1,0,-1,0,169.8,-984,177,1.00,1.00,1.00,1.00
905,15.0833,13.7003,1,0,-1,0,-134.9,-706,-708,1.00,1.00,1.00,1.00
906,15.1000,13.7170,1,0,-1,0,-98.7,-151,-988,1.00,1.00,1.00,0.58
907,15.1167,13.7337,1,0,-1,0,-98.7,-151,-988,1.00,1.00,1.00,0.59
908,15.1333,13.7503,1,0,-1,0,-98.7,-151,-988,1.00,1.00,1.00,0.64
909,15.1500,13.7670,1,0,-1,0,-98.7,-151,-988,1.00,1.00,1.00,0.59
910,15.1667,13.7837,1,0,-1,0,-98.7,-151,-988,1.00,1.00,1.00,0.67
911,15.1833,13.8003,1,0,-1,0,-96.0,-105,-995,1.00,1.00,1.00,0.81
912,15.2000,13.8170,1,0,-1,0,-83.8,108,-994,1.00,1.00,1.00,0.92
913,15.2167,13.8337,1,0,-1,0,-55.6,565,-825,1.00,1.00,1.00,1.00
914,15.2333,13.8503,1,0,-1,0,-28.7,877,-480,1.00,1.00,1.00,1.00
915,15.2500,13.8670,1,0,-1,0,120.4,-506,863,1.00,1.00,1.00,1.00
916,15.2667,13.8837,1,0,-1,0,122.8,-542,841,1.00,1.00,1.00,1.00
917,15.2833,13.9003,1,0,-1,0,122.8,-542,841,1.00,1.00,1.00,1.00
918,15.3000,13.9170,1,0,-1,0,157.1,-921,389,1.00,1.00,1.00,1.00
919,15.3167,13.9337,1,0,-1,0,-116.6,-448,-894,1.00,1.00,1.00,0.73
920,15.3333,13.9503,1,0,-1,0,-125.1,-575,-818,1.00,1.00,1.00,0.91
921,15.3500,13.9670,1,0,-1,0,-125.1,-575,-818,1.00,1.00,1.00,0.91
922,15.3667,13.9837,1,0,-1,0,-125.1,-575,-818,1.00,1.00,1.00,0.91
923,15.3833,14.0003,1,0,-1,0,-90.6,-10,-1000,1.00,1.00,1.00,0.00
924,15.4000,14.0170,1,0,-1,0,25.3,904,427,1.00,1.00,1.00,1.00
925,15.4167,14.0337,1,0,-1,0,74.4,269,963,1.00,1.00,1.00,0.40
926,15.4333,14.0503,1,0,-1,0,74.2,272,962,1.00,1.00,1.00,0.00
927,15.4500,14.0670,1,0,-1,0,11.2,981,194,1.00,1.00,1.00,0.00
928,15.4667,14.0837,1,0,-1,0,61.5,477,879,1.00,1.00,1.00,0.00
929,15.4833,14.1003,1,0,-1,0,68.4,368,930,1.00,1.00,1.00,0.37
930,15.5000,14.1170,1,0,-1,0,72.7,297,955,1.00,1.00,1.00,0.66
931,15.5167,14.1337,1,0,-1,0,72.8,296,955,1.00,1.00,1.00,1.00
932,15.5333,14.1503,1,0,-1,0,72.7,297,955,1.00,1.00,1.00,0.51
933,15.5500,14.1670,1,0,-1,0,72.9,294,956,1.00,1.00,1.00,1.00
934,15.5667,14.1837,1,0,-1,0,72.9,294,956,1.00,1.00,1.00,1.00
935,15.5833,14.2003,0,0,0,0,72.9,294,956,1.00,1.00,1.00,1.00
936,15.6000,14.2170,1,0,-1,0,16.7,958,287,1.00,1.00,1.00,1.00
937,15.6167,14.2337,1,0,-1,0,-11.2,981,-194,1.00,1.00,1.00,1.00
938,15.6333,14.2503,1,0,-1,0,-11.2,981,-194,1.00,1.00,1.00,1.00
939,15.6500,14.2670,1,0,-1,0,-11.2,981,-194,1.00,1.00,1.00,1.00
940,15.6667,14.2837,1,0,-1,0,-11.2,981,-194,1.00,1.00,1.00,1.00
941,15.6833,14.3003,1,0,-1,0,34.5,824,566,1.00,1.00,1.00,1.00
942,15.7000,14.3170,1,0,-1,0,16.6,958,286,1.00,1.00,1.00,1.00
943,15.7167,14.3337,0,1,1,0,-0.7,1000,-12,1.00,1.00,1.00,1.00
944,15.7333,14.3503,0,1,1,0,48.5,663,749,1.00,1.00,1.00,1.00
945,15.7500,14.3670,0,1,1,0,48.5,663,749,1.00,1.00,1.00,1.00
946,15.7667,14.3837,0,1,1,0,48.5,663,749,1.00,1.00,1.00,1.00
947,15.7833,14.4003,0,1,1,0,48.6,661,750,1.00,1.00,1.00,1.00
948,15.8000,14.4170,0,1,1,0,48.6,661,750,1.00,1.00,1.00,1.00
949,15.8167,14.4337,0,1,1,0,48.6,661,750,1.00,1.00,1.00,1.00
950,15.8333,14.4503,0,1,1,0,42.5,737,676,1.00,1.00,1.00,1.00
951,15.8500,14.4670,0,1,1,0,-59.1,514,-858,1.00,1.00,1.00,1.00
952,15.8667,14.4837,0,1,1,0,-59.1,514,-858,1.00,1.00,1.00,1.00
953,15.8833,14.5003,0,1,1,0,-59.1,514,-858,1.00,1.00,1.00,1.00
954,15.9000,14.5170,0,1,1,0,-59.1,514,-858,1.00,1.00,1.00,1.00
955,15.9167,14.5337,0,1,1,0,-59.1,514,-858,1.00,1.00,1.00,1.00
956,15.9333,14.5503,0,1,1,0,-59.1,514,-858,1.00,1.00,1.00,1.00
957,15.9500,14.5670,0,1,1,0,-59.1,514,-858,1.00,1.00,1.00,1.00
958,15.9667,14.5837,0,1,1,0,-59.1,514,-858,1.00,1.00,1.00,1.00
959,15.9833,14.6003,0,1,1,0,-59.1,514,-858,1.00,1.00,1.00,1.00
960,16.0000,14.6170,0,1,1,0,-59.1,514,-858,1.00,1.00,1.00,0.02
961,16.0167,14.6337,0,1,1,0,-59.1,514,-858,1.00,1.00,1.00,0.52
962,16.0333,14.6503,0,1,1,0,-59.1,514,-858,1.00,1.00,1.00,0.75
963,16.0500,14.6670,0,1,1,0,-59.1,514,-858,1.00,1.00,1.00,0.17
964,16.0667,14.6837,0,1,1,0,-59.1,514,-858,1.00,1.00,1.00,0.03
965,16.0833,14.7003,0,1,1,0,-59.1,514,-858,1.00,1.00,1.00,0.73
966,16.1000,14.7170,0,1,1,0,-59.1,514,-858,1.00,1.00,1.00,0.71
967,16.1167,14.7337,0,1,1,0,-47.1,681,-733,1.00,1.00,1.00,0.00
968,16.1333,14.7503,0,1,1,0,145.9,-828,561,1.00,1.00,1.00,1.00
969,16.1500,14.7670,0,1,1,0,109.9,-340,940,1.00,1.00,1.00,1.00
970,16.1667,14.7837,0,1,1,0,109.9,-340,940,1.00,1.00,1.00,1.00
971,16.1833,14.8003,0,1,1,0,109.9,-340,940,1.00,1.00,1.00,1.00
972,16.2000,14.8170,0,1,1,0,17.2,955,296,1.00,1.00,1.00,1.00
973,16.2167,14.8337,0,1,1,0,-61.8,473,-881,1.00,1.00,1.00,1.00
974,16.2333,14.8503,0,1,1,0,-67.1,389,-921,1.00,1.00,1.00,1.00
975,16.2500,14.8670,0,1,1,0,-82.5,131,-991,1.00,1.00,1.00,0.89
976,16.2667,14.8837,0,1,1,0,-90.2,-3,-1000,1.00,1.00,1.00,0.00
977,16.2833,14.9003,0,1,1,0,-90.4,-7,-1000,1.00,1.00,1.00,0.00
978,16.3000,14.9170,0,1,1,0,-86.1,68,-998,1.00,1.00,1.00,0.93
979,16.3167,14.9337,0,1,1,0,-71.8,312,-950,1.00,1.00,1.00,0.97
980,16.3333,14.9503,0,1,1,0,-67.9,376,-927,1.00,1.00,1.00,1.00
981,16.3500,14.9670,0,1,1,0,-33.4,835,-550,1.00,1.00,1.00,1.00
982,16.3667,14.9837,0,1,1,0,-53.1,600,-800,1.00,1.00,1.00,1.00
983,16.3833,15.0003,0,1,1,0,-57.7,534,-845,1.00,1.00,1.00,1.00
984,16.4000,15.0170,0,1,1,0,29.2,873,488,1.00,1.00,1.00,1.00
985,16.4167,15.0337,0,1,1,1,78.7,196,981,1.00,1.00,1.00,1.00
986,16.4333,15.0503,0,1,1,0,78.7,196,981,1.00,1.00,1.00,1.00
987,16.4500,15.0670,0,1,1,0,78.8,194,981,1.00,1.00,1.00,1.00
988,16.4667,15.0837,0,1,1,0,78.7,196,981,1.00,1.00,1.00,1.00
989,16.4833,15.1003,0,1,1,0,68.2,371,928,1.00,1.00,1.00,1.00
990,16.5000,15.1170,0,1,1,0,64.5,431,903,1.00,1.00,1.00,1.00
991,16.5167,15.1337,0,1,1,0,64.5,431,903,1.00,1.00,1.00,1.00
992,16.5333,15.1503,0,1,1,0,64.5,431,903,1.00,1.00,1.00,1.00
993,16.5500,15.1670,0,1,1,0,64.7,427,904,1.00,1.00,1.00,1.00
994,16.5667,15.1837,0,1,1,0,-69.6,349,-937,1.00,1.00,1.00,0.00
995,16.5833,15.2003,0,1,1,1,117.2,-457,889,1.00,1.00,1.00,0.70
996,16.6000,15.2170,0,1,1,0,142.6,-794,607,1.00,1.00,1.00,1.00
997,16.6167,15.2337,0,1,1,0,164.5,-964,267,1.00,1.00,1.00,1.00
998,16.6333,15.2503,0,1,1,0,-147.4,-842,-539,1.00,1.00,1.00,1.00
999,16.6500,15.2670,0,1,1,0,-144.1,-810,-586,1.00,1.00,1.00,1.00
1000,16.6667,15.2837,0,1,1,0,-105.3,-264,-965,1.00,1.00,1.00,0.61
1001,16.6833,15.3003,0,1,1,0,-93.0,-52,-999,1.00,1.00,1.00,0.95
1002,16.7000,15.3170,0,1,1,0,-110.5,-350,-937,1.00,1.00,1.00,0.75
1003,16.7167,15.3337,0,1,1,1,-123.4,-550,-835,1.00,1.00,1.00,0.89
1004,16.7333,15.3503,0,1,1,0,-105.6,-269,-963,1.00,1.00,1.00,0.71
1005,16.7500,15.3670,0,1,1,0,-105.4,-266,-964,1.00,1.00,1.00,0.67
1006,16.7667,15.3837,0,1,1,0,-105.4,-266,-964,1.00,1.00,1.00,0.67
1007,16.7833,15.4003,0,1,1,0,-153.5,-895,-446,1.00,1.00,1.00,1.00
1008,16.8000,15.4170,0,1,1,0,-175.3,-997,-82,1.00,1.00,1.00,1.00
1009,16.8167,15.4337,0,1,1,0,-175.3,-997,-82,1.00,1.00,1.00,1.00
1010,16.8333,15.4503,0,1,1,0,179.0,-1000,17,1.00,1.00,1.00,1.00
1011,16.8500,15.4670,0,1,1,0,47.1,681,733,1.00,1.00,1.00,1.00
1012,16.8667,15.4837,0,1,1,0,-9.2,987,-160,1.00,1.00,1.00,1.00
1013,16.8833,15.5003,0,1,1,0,-19.7,941,-337,1.00,1.00,1.00,1.00
1014,16.9000,15.5170,0,1,1,0,-66.5,399,-917,1.00,1.00,1.00,1.00
1015,16.9167,15.5337,0,1,1,0,-90.5,-9,-1000,1.00,1.00,1.00,0.00
1016,16.9333,15.5503,0,1,1,0,-84.1,103,-995,1.00,1.00,1.00,0.84
1017,16.9500,15.5670,0,1,1,0,-90.1,-2,-1000,1.00,1.00,1.00,0.00
1018,16.9667,15.5837,0,1,1,0,42.7,735,678,1.00,1.00,1.00,1.00
1019,16.9833,15.6003,0,1,1,0,58.5,522,853,1.00,1.00,1.00,1.00
1020,17.0000,15.6170,0,1,1,0,58.5,522,853,1.00,1.00,1.00,1.00
1021,17.0167,15.6337,0,1,1,0,58.9,517,856,1.00,1.00,1.00,0.52
1022,17.0333,15.6503,0,1,1,1,69.1,357,934,1.00,1.00,1.00,0.00
1023,17.0500,15.6670,0,1,1,1,-157.2,-922,-388,1.00,1.00,1.00,1.00
1024,17.0667,15.6837,0,1,1,0,-150.3,-869,-495,1.00,1.00,1.00,1.00
1025,17.0833,15.7003,0,1,1,0,-150.3,-869,-495,1.00,1.00,1.00,1.00
1026,17.1000,15.7170,0,1,1,0,-150.3,-869,-495,1.00,1.00,1.00,1.00
1027,17.1167,15.7337,0,1,1,0,-150.3,-869,-495,1.00,1.00,1.00,1.00
1028,17.1333,15.7503,0,1,1,0,-150.3,-869,-495,1.00,1.00,1.00,1.00
1029,17.1500,15.7670,0,1,1,0,-153.9,-898,-440,1.00,1.00,1.00,1.00
1030,17.1667,15.7837,0,1,1,0,101.5,-199,980,1.00,1.00,1.00,1.00
1031,17.1833,15.8003,0,1,1,0,-31.4,854,-521,1.00,1.00,1.00,1.00
1032,17.2000,15.8170,0,1,1,0,-61.7,474,-880,1.00,1.00,1.00,1.00
1033,17.2167,15.8337,0,1,1,0,-80.2,170,-985,1.00,1.00,1.00,0.58
1034,17.2333,15.8503,0,1,1,0,-86.1,68,-998,1.00,1.00,1.00,0.00
1035,17.2500,15.8670,0,1,1,0,-49.3,652,-758,1.00,1.00,1.00,0.00
1036,17.2667,15.8837,0,1,1,0,-44.3,716,-698,1.00,1.00,1.00,0.00
1037,17.2833,15.9003,0,1,1,0,-41.2,752,-659,1.00,1.00,1.00,0.00
1038,17.3000,15.9170,0,1,1,0,-66.2,404,-915,1.00,1.00,1.00,0.07
1039,17.3167,15.9337,0,1,1,0,-51.7,620,-785,1.00,1.00,1.00,1.00
1040,17.3333,15.9503,0,1,1,0,-82.1,137,-991,1.00,1.00,1.00,0.00
1041,17.3500,15.9670,0,1,1,0,64.5,431,903,1.00,1.00,1.00,1.00
1042,17.3667,15.9837,0,1,1,0,64.5,431,903,1.00,1.00,1.00,1.00
1043,17.3833,16.0003,0,1,1,0,64.5,431,903,1.00,1.00,1.00,1.00
1044,17.4000,16.0170,0,1,1,0,64.5,431,903,1.00,1.00,1.00,1.00
1045,17.4167,16.0337,0,1,1,0,64.5,431,903,1.00,1.00,1.00,1.00
1046,17.4333,16.0503,0,1,1,0,64.5,431,903,1.00,1.00,1.00,1.00
1047,17.4500,16.0670,0,1,1,0,64.5,431,903,1.00,1.00,1.00,1.00
1048,17.4667,16.0837,0,1,1,1,124.9,-572,820,1.00,1.00,1.00,0.50
1049,17.4833,16.1003,0,1,1,0,146.9,-838,546,1.00,1.00,1.00,0.00
1050,17.5000,16.1170,0,1,1,0,117.0,-454,891,1.00,1.00,1.00,1.00
1051,17.5167,16.1337,0,1,1,0,52.4,610,792,1.00,1.00,1.00,1.00
1052,17.5333,16.1503,0,1,1,0,35.8,811,585,1.00,1.00,1.00,1.00
1053,17.5500,16.1670,0,1,1,0,35.8,811,585,1.00,1.00,1.00,1.00
1054,17.5667,16.1837,0,1,1,0,35.8,811,585,1.00,1.00,1.00,1.00
1055,17.5833,16.2003,0,1,1,0,35.8,811,585,1.00,1.00,1.00,1.00
1056,17.6000,16.2170,0,1,1,0,35.8,811,585,1.00,1.00,1.00,1.00
1057,17.6167,16.2337,0,1,1,0,35.8,811,585,1.00,1.00,1.00,1.00
1058,17.6333,16.2503,0,1,1,0,35.8,811,585,1.00,1.00,1.00,1.00
1059,17.6500,16.2670,0,1,1,0,38.6,782,624,1.00,1.00,1.00,1.00
1060,17.6667,16.2837,0,1,1,0,69.9,344,939,1.00,1.00,1.00,1.00
1061,17.6833,16.3003,0,1,1,0,79.9,175,985,1.00,1.00,1.00,1.00
1062,17.7000,16.3170,0,1,1,0,79.9,175,985,1.00,1.00,1.00,1.00
1063,17.7167,16.3337,0,1,1,0,79.9,175,985,1.00,1.00,1.00,1.00
1064,17.7333,16.3503,0,1,1,0,79.9,175,985,1.00,1.00,1.00,1.00
1065,17.7500,16.3670,0,1,1,0,79.9,175,985,1.00,1.00,1.00,1.00
1066,17.7667,16.3837,0,1,1,0,64.9,424,906,1.00,1.00,1.00,1.00
1067,17.7833,16.4003,0,1,1,0,55.9,561,828,1.00,1.00,1.00,1.00
1068,17.8000,16.4170,0,1,1,0,66.3,402,916,1.00,1.00,1.00,1.00
1069,17.8167,16.4337,0,1,1,0,81.6,146,989,1.00,1.00,1.00,1.00
1070,17.8333,16.4503,0,1,1,0,64.5,431,903,1.00,1.00,1.00,1.00
1071,17.8500,16.4670,0,1,1,0,60.8,488,873,1.00,1.00,1.00,1.00
1072,17.8667,16.4837,0,1,1,0,41.7,747,665,1.00,1.00,1.00,1.00
1073,17.8833,16.5003,0,1,1,0,37.2,797,605,1.00,1.00,1.00,1.00
1074,17.9000,16.5170,0,1,1,0,37.2,797,605,1.00,1.00,1.00,1.00
1075,17.9167,16.5337,0,1,1,0,37.2,797,605,1.00,1.00,1.00,1.00
1076,17.9333,16.5503,0,1,1,0,11.1,981,193,1.00,1.00,1.00,1.00
1077,17.9500,16.5670,0,1,1,0,-85.9,71,-997,1.00,1.00,1.00,0.94
1078,17.9667,16.5837,0,1,1,0,-85.9,71,-997,1.00,1.00,1.00,0.93
1079,17.9833,16.6003,0,1,1,0,-85.9,71,-997,1.00,1.00,1.00,0.95
1080,18.0000,16.6170,0,1,1,0,-85.9,71,-997,1.00,1.00,1.00,0.92
1081,18.0167,16.6337,0,1,1,0,-90.1,-2,-1000,1.00,1.00,1.00,0.42
1082,18.0333,16.6503,0,1,1,0,-105.5,-267,-964,1.00,1.00,1.00,0.70
1083,18.0500,16.6670,0,1,1,0,-105.5,-267,-964,1.00,1.00,1.00,0.70
1084,18.0667,16.6837,0,1,1,0,-53.4,596,-803,1.00,1.00,1.00,1.00
1085,18.0833,16.7003,0,1,1,0,-47.9,670,-742,1.00,1.00,1.00,1.00
1086,18.1000,16.7170,0,1,1,0,-47.9,670,-742,1.00,1.00,1.00,1.00
1087,18.1167,16.7337,0,1,1,0,-47.9,670,-742,1.00,1.00,1.00,1.00
1088,18.1333,16.7503,0,1,1,0,-47.4,677,-736,1.00,1.00,1.00,1.00
1089,18.1500,16.7670,0,1,1,0,128.3,-620,785,1.00,1.00,1.00,1.00
1090,18.1667,16.7837,0,1,1,0,128.3,-620,785,1.00,1.00,1.00,1.00
1091,18.1833,16.8003,0,1,1,0,128.3,-620,785,1.00,1.00,1.00,1.00
1092,18.2000,16.8170,0,1,1,0,128.3,-620,785,1.00,1.00,1.00,1.00
1093,18.2167,16.8337,0,1,1,0,114.9,-421,907,1.00,1.00,1.00,1.00
1094,18.2333,16.8503,0,1,1,0,-16.8,957,-289,1.00,1.00,1.00,1.00
1095,18.2500,16.8670,0,1,1,0,-53.2,599,-801,1.00,1.00,1.00,1.00
1096,18.2667,16.8837,0,1,1,0,-56.3,555,-832,1.00,1.00,1.00,1.00
1097,18.2833,16.9003,0,1,1,0,-56.3,555,-832,1.00,1.00,1.00,1.00
1098,18.3000,16.9170,0,1,1,0,-56.3,555,-832,1.00,1.00,1.00,1.00
1099,18.3167,16.9337,0,1,1,0,-56.3,555,-832,1.00,1.00,1.00,1.00
1100,18.3333,16.9503,0,1,1,0,-56.3,555,-832,1.00,1.00,1.00,1.00
1101,18.3500,16.9670,0,1,1,0,-56.3,555,-832,1.00,1.00,1.00,1.00
1102,18.3667,16.9837,0,1,1,0,-56.3,555,-832,1.00,1.00,1.00,1.00
1103,18.3833,17.0003,0,1,1,0,-56.3,555,-832,1.00,1.00,1.00,1.00
1104,18.4000,17.0170,0,1,1,1,-56.3,555,-832,1.00,1.00,1.00,1.00
1105,18.4167,17.0337,0,1,1,0,-36.2,807,-591,1.00,1.00,1.00,1.00
1106,18.4333,17.0503,0,1,1,0,69.9,344,939,1.00,1.00,1.00,1.00
1107,18.4500,17.0670,0,1,1,0,69.9,344,939,1.00,1.00,1.00,1.00
1108,18.4667,17.0837,0,1,1,0,69.9,344,939,1.00,1.00,1.00,1.00
1109,18.4833,17.1003,0,1,1,0,158.8,-932,362,1.00,1.00,1.00,1.00
1110,18.5000,17.1170,0,1,1,0,-133.0,-682,-731,1.00,1.00,1.00,1.00
1111,18.5167,17.1337,0,1,1,0,-63.4,448,-894,1.00,1.00,1.00,1.00
1112,18.5333,17.1503,0,1,1,0,-63.4,448,-894,1.00,1.00,1.00,1.00
1113,18.5500,17.1670,0,1,1,0,-63.4,448,-894,1.00,1.00,1.00,1.00
1114,18.5667,17.1837,0,1,1,0,-86.3,65,-998,1.00,1.00,1.00,0.86
1115,18.5833,17.2003,0,1,1,0,-88.5,26,-1000,1.00,1.00,1.00,0.79
1116,18.6000,17.2170,0,1,1,0,-88.5,26,-1000,1.00,1.00,1.00,0.85
1117,18.6167,17.2337,0,1,1,0,-88.7,23,-1000,1.00,1.00,1.00,0.93
1118,18.6333,17.2503,0,1,1,0,-88.5,26,-1000,1.00,1.00,1.00,0.93
1119,18.6500,17.2670,0,1,1,0,-88.5,26,-1000,1.00,1.00,1.00,0.92
1120,18.6667,17.2837,0,1,1,0,-88.5,26,-1000,1.00,1.00,1.00,0.83
1121,18.6833,17.3003,0,1,1,0,-154.8,-905,-426,1.00,1.00,1.00,1.00
1122,18.7000,17.3170,0,1,1,0,-168.4,-980,-201,1.00,1.00,1.00,1.00
1123,18.7167,17.3337,0,1,1,0,-157.7,-925,-379,1.00,1.00,1.00,1.00
1124,18.7333,17.3503,0,1,1,1,-107.1,-294,-956,1.00,1.00,1.00,0.76
1125,18.7500,17.3670,0,1,1,1,-107.1,-294,-956,1.00,1.00,1.00,0.82
1126,18.7667,17.3837,0,1,1,0,-107.3,-297,-955,1.00,1.00,1.00,0.80
1127,18.7833,17.4003,0,1,1,0,-107.1,-294,-956,1.00,1.00,1.00,0.76
1128,18.8000,17.4170,0,1,1,0,-107.1,-294,-956,1.00,1.00,1.00,0.75
1129,18.8167,17.4337,0,1,1,0,-107.1,-294,-956,1.00,1.00,1.00,0.75
1130,18.8333,17.4503,0,1,1,0,-106.9,-291,-957,1.00,1.00,1.00,0.81
1131,18.8500,17.4670,0,1,1,0,-104.4,-249,-969,1.00,1.00,1.00,0.66
1132,18.8667,17.4837,0,1,1,0,-104.4,-249,-969,1.00,1.00,1.00,0.70
1133,18.8833,17.5003,0,1,1,0,-104.4,-249,-969,1.00,1.00,1.00,0.69
1134,18.9000,17.5170,0,1,1,0,-104.4,-249,-969,1.00,1.00,1.00,0.08
1135,18.9167,17.5337,0,1,1,0,-141.0,-777,-629,1.00,1.00,1.00,0.00
1136,18.9333,17.5503,0,1,1,0,-128.1,-617,-787,1.00,1.00,1.00,0.49
1137,18.9500,17.5670,0,1,1,0,163.7,-960,281,1.00,1.00,1.00,1.00
1138,18.9667,17.5837,0,1,1,0,-136.3,-723,-691,1.00,1.00,1.00,0.87
1139,18.9833,17.6003,0,1,1,0,-114.2,-410,-912,1.00,1.00,1.00,0.81
1140,19.0000,17.6170,0,1,1,0,-79.4,184,-983,1.00,1.00,1.00,0.96
1141,19.0167,17.6337,0,1,1,0,0.0,1000,0,1.00,1.00,1.00,1.00
1142,19.0333,17.6503,0,1,1,0,4.4,997,77,1.00,1.00,1.00,1.00
1143,19.0500,17.6670,0,1,1,0,4.4,997,77,1.00,1.00,1.00,1.00
1144,19.0667,17.6837,0,1,1,0,4.4,997,77,1.00,1.00,1.00,1.00
1145,19.0833,17.7003,0,1,1,0,4.4,997,77,1.00,1.00,1.00,1.00
1146,19.1000,17.7170,0,1,1,0,4.4,997,77,1.00,1.00,1.00,1.00
1147,19.1167,17.7337,0,1,1,0,34.8,821,571,1.00,1.00,1.00,1.00
1148,19.1333,17.7503,0,1,1,0,134.1,-696,718,1.00,1.00,1.00,1.00
1149,19.1500,17.7670,0,1,1,0,134.1,-696,718,1.00,1.00,1.00,1.00
1150,19.1667,17.7837,0,1,1,0,134.1,-696,718,1.00,1.00,1.00,1.00
1151,19.1833,17.8003,0,1,1,0,134.1,-696,718,1.00,1.00,1.00,1.00
1152,19.2000,17.8170,0,1,1,0,134.1,-696,718,1.00,1.00,1.00,1.00
1153,19.2167,17.8337,0,1,1,0,134.1,-696,718,1.00,1.00,1.00,1.00
1154,19.2333,17.8503,0,1,1,0,126.5,-595,804,1.00,1.00,1.00,1.00
1155,19.2500,17.8670,0,1,1,0,11.2,981,194,1.00,1.00,1.00,0.00
1156,19.2667,17.8837,0,1,1,0,175.9,-997,71,1.00,1.00,1.00,0.00
1157,19.2833,17.9003,0,1,1,0,-75.2,255,-967,1.00,1.00,1.00,1.00
1158,19.3000,17.9170,0,1,1,0,-58.4,524,-852,1.00,1.00,1.00,1.00
1159,19.3167,17.9337,0,1,1,0,102.7,-220,976,1.00,1.00,1.00,0.12
1160,19.3333,17.9503,0,0,0,0,102.9,-223,975,1.00,1.00,1.00,0.16
1161,19.3500,17.9670,0,1,1,0,102.8,-222,975,1.00,1.00,1.00,0.87
1162,19.3667,17.9837,0,1,1,0,102.9,-223,975,1.00,1.00,1.00,1.00
1163,19.3833,18.0003,0,1,1,0,105.8,-272,962,1.00,1.00,1.00,1.00
1164,19.4000,18.0170,0,1,1,0,141.8,-786,618,1.00,1.00,1.00,1.00
1165,19.4167,18.0337,0,1,1,0,166.4,-972,235,1.00,1.00,1.00,1.00
1166,19.4333,18.0503,0,1,1,0,166.4,-972,235,1.00,1.00,1.00,1.00
1167,19.4500,18.0670,0,1,1,0,166.4,-972,235,1.00,1.00,1.00,1.00
1168,19.4667,18.0837,0,1,1,0,166.4,-972,235,1.00,1.00,1.00,1.00
1169,19.4833,18.1003,0,1,1,0,166.4,-972,235,1.00,1.00,1.00,1.00
1170,19.5000,18.1170,0,1,1,0,166.4,-972,235,1.00,1.00,1.00,1.00
1171,19.5167,18.1337,0,1,1,0,166.4,-972,235,1.00,1.00,1.00,1.00
1172,19.5333,18.1503,0,1,1,0,166.3,-972,237,1.00,1.00,1.00,1.00
1173,19.5500,18.1670,0,1,1,0,166.3,-972,237,1.00,1.00,1.00,1.00
1174,19.5667,18.1837,0,1,1,0,166.4,-972,235,1.00,1.00,1.00,1.00
1175,19.5833,18.2003,0,1,1,0,147.0,-839,545,1.00,1.00,1.00,1.00
1176,19.6000,18.2170,0,1,1,0,134.1,-696,718,1.00,1.00,1.00,1.00
1177,19.6167,18.2337,0,1,1,0,134.1,-696,718,1.00,1.00,1.00,1.00
1178,19.6333,18.2503,0,1,1,0,134.1,-696,718,1.00,1.00,1.00,1.00
1179,19.6500,18.2670,0,1,1,0,132.0,-669,743,1.00,1.00,1.00,1.00
1180,19.6667,18.2837,0,1,1,0,-21.2,932,-362,1.00,1.00,1.00,1.00
1181,19.6833,18.3003,0,1,1,0,126.0,-588,809,1.00,1.00,1.00,1.00
1182,19.7000,18.3170,0,1,1,0,51.8,618,786,1.00,1.00,1.00,1.00
1183,19.7167,18.3337,0,1,1,0,-13.2,974,-228,1.00,1.00,1.00,0.74
1184,19.7333,18.3503,0,1,1,0,159.2,-935,355,1.00,1.00,1.00,1.00
1185,19.7500,18.3670,0,1,1,0,-33.8,831,-556,1.00,1.00,1.00,1.00
1186,19.7667,18.3837,0,1,1,0,-42.3,740,-673,1.00,1.00,1.00,1.00
1187,19.7833,18.4003,0,1,1,0,-42.4,738,-674,1.00,1.00,1.00,1.00
1188,19.8000,18.4170,0,1,1,0,-42.7,735,-678,1.00,1.00,1.00,0.41
1189,19.8167,18.4337,0,1,1,0,-47.4,677,-736,1.00,1.00,1.00,1.00
1190,19.8333,18.4503,0,1,1,0,-54.9,575,-818,1.00,1.00,1.00,1.00
1191,19.8500,18.4670,0,1,1,0,-55.0,574,-819,1.00,1.00,1.00,0.45
1192,19.8667,18.4837,0,1,1,0,-54.9,575,-818,1.00,1.00,1.00,1.00
1193,19.8833,18.5003,0,1,1,0,-60.0,500,-866,1.00,1.00,1.00,1.00
1194,19.9000,18.5170,0,1,1,0,-64.8,426,-905,1.00,1.00,1.00,1.00
1195,19.9167,18.5337,0,1,1,0,-64.8,426,-905,1.00,1.00,1.00,1.00
1196,19.9333,18.5503,0,1,1,0,-67.4,384,-923,1.00,1.00,1.00,1.00
1197,19.9500,18.5670,0,1,1,0,-73.2,289,-957,1.00,1.00,1.00,1.00
1198,19.9667,18.5837,0,1,1,0,-87.6,42,-999,1.00,1.00,1.00,1.00
1199,19.9833,18.6003,0,1,1,0,-90.1,-2,-1000,1.00,1.00,1.00,0.00
1200,20.0000,18.6170,0,1,1,0,-85.1,85,-996,1.00,1.00,1.00,0.83
1201,20.0167,18.6337,0,1,1,0,-73.2,289,-957,1.00,1.00,1.00,1.00
1202,20.0333,18.6503,0,1,1,0,-84.4,98,-995,1.00,1.00,1.00,0.93
1203,20.0500,18.6670,0,1,1,0,-162.3,-953,-304,1.00,1.00,1.00,1.00
1204,20.0667,18.6837,0,1,1,0,-84.8,91,-996,1.00,1.00,1.00,0.89
1205,20.0833,18.7003,0,1,1,0,-100.1,-175,-985,1.00,1.00,1.00,0.62
1206,20.1000,18.7170,0,1,1,0,-90.1,-2,-1000,1.00,1.00,1.00,0.01
1207,20.1167,18.7337,0,1,1,0,-73.3,287,-958,1.00,1.00,1.00,1.00
1208,20.1333,18.7503,0,1,1,0,-73.2,289,-957,1.00,1.00,1.00,1.00
1209,20.1500,18.7670,0,1,1,0,-73.2,289,-957,1.00,1.00,1.00,1.00
1210,20.1667,18.7837,0,1,1,0,-73.2,289,-957,1.00,1.00,1.00,1.00
1211,20.1833,18.8003,0,1,1,0,-73.2,289,-957,1.00,1.00,1.00,1.00
1212,20.2000,18.8170,0,1,1,0,-130.3,-647,-763,1.00,1.00,1.00,1.00
1213,20.2167,18.8337,0,1,1,0,160.9,-945,327,1.00,1.00,1.00,0.56
1214,20.2333,18.8503,0,1,1,0,160.9,-945,327,1.00,1.00,1.00,1.00
1215,20.2500,18.8670,0,1,1,0,161.1,-946,324,1.00,1.00,1.00,0.81
1216,20.2667,18.8837,0,1,1,0,3.9,998,68,1.00,1.00,1.00,1.00
1217,20.2833,18.9003,0,1,1,0,3.0,999,52,1.00,1.00,1.00,1.00
1218,20.3000,18.9170,0,1,1,0,26.4,896,445,1.00,1.00,1.00,1.00
1219,20.3167,18.9337,0,1,1,0,53.0,602,799,1.00,1.00,1.00,1.00
1220,20.3333,18.9503,0,1,1,0,-90.4,-7,-1000,1.00,1.00,1.00,0.00
1221,20.3500,18.9670,0,1,1,0,11.6,980,201,1.00,1.00,1.00,1.00
1222,20.3667,18.9837,0,1,1,0,11.6,980,201,1.00,1.00,1.00,1.00
1223,20.3833,19.0003,0,1,1,0,11.6,980,201,1.00,1.00,1.00,1.00
1224,20.4000,19.0170,0,1,1,0,11.6,980,201,1.00,1.00,1.00,1.00
1225,20.4167,19.0337,0,1,1,0,11.6,980,201,1.00,1.00,1.00,1.00
1226,20.4333,19.0503,0,1,1,0,11.6,980,201,1.00,1.00,1.00,1.00
1227,20.4500,19.0670,0,1,1,0,11.6,980,201,1.00,1.00,1.00,1.00
1228,20.4667,19.0837,0,1,1,0,131.7,-665,747,1.00,1.00,1.00,1.00
1229,20.4833,19.1003,0,1,1,0,156.7,-918,396,1.00,1.00,1.00,1.00
1230,20.5000,19.1170,0,1,1,0,156.7,-918,396,1.00,1.00,1.00,1.00
1231,20.5167,19.1337,0,1,1,0,156.7,-918,396,1.00,1.00,1.00,1.00
1232,20.5333,19.1503,0,1,1,0,148.1,-849,528,1.00,1.00,1.00,1.00
1233,20.5500,19.1670,0,1,1,0,107.1,-294,956,1.00,1.00,1.00,1.00
1234,20.5667,19.1837,0,1,1,0,129.6,-637,771,1.00,1.00,1.00,1.00
1235,20.5833,19.2003,0,1,1,0,-50.6,635,-773,1.00,1.00,1.00,1.00
1236,20.6000,19.2170,0,1,1,0,-57.7,534,-845,1.00,1.00,1.00,1.00
1237,20.6167,19.2337,0,1,1,0,-67.9,376,-927,1.00,1.00,1.00,1.00
1238,20.6333,19.2503,0,1,1,0,-87.9,37,-999,1.00,1.00,1.00,0.91
1239,20.6500,19.2670,0,1,1,0,-57.7,534,-845,1.00,1.00,1.00,1.00
1240,20.6667,19.2837,0,1,1,0,-57.7,534,-845,1.00,1.00,1.00,1.00
1241,20.6833,19.3003,0,1,1,0,-57.7,534,-845,1.00,1.00,1.00,1.00
1242,20.7000,19.3170,0,1,1,0,-8.2,990,-143,1.00,1.00,1.00,1.00
1243,20.7167,19.3337,0,1,1,0,27.5,887,462,1.00,1.00,1.00,1.00
1244,20.7333,19.3503,1,0,-1,0,-50.9,631,-776,1.00,1.00,1.00,1.00
1245,20.7500,19.3670,1,0,-1,0,-30.1,865,-502,1.00,1.00,1.00,1.00
1246,20.7667,19.3837,0,1,1,0,-28.1,882,-471,1.00,1.00,1.00,1.00
1247,20.7833,19.4003,0,1,1,0,-28.1,882,-471,1.00,1.00,1.00,1.00
1248,20.8000,19.4170,0,1,1,0,-28.1,882,-471,1.00,1.00,1.00,1.00
1249,20.8167,19.4337,0,1,1,0,-28.1,882,-471,1.00,1.00,1.00,1.00
1250,20.8333,19.4503,0,1,1,0,-28.1,882,-471,1.00,1.00,1.00,1.00
1251,20.8500,19.4670,0,1,1,0,-28.1,882,-471,1.00,1.00,1.00,1.00
1252,20.8667,19.4837,0,1,1,0,-28.1,882,-471,1.00,1.00,1.00,1.00
1253,20.8833,19.5003,0,1,1,0,-28.1,882,-471,1.00,1.00,1.00,1.00
1254,20.9000,19.5170,0,1,1,0,119.2,-488,873,1.00,1.00,1.00,1.00
1255,20.9167,19.5337,0,1,1,0,152.3,-885,465,1.00,1.00,1.00,1.00
1256,20.9333,19.5503,1,0,-1,0,152.3,-885,465,1.00,1.00,1.00,1.00
1257,20.9500,19.5670,1,0,-1,0,152.3,-885,465,1.00,1.00,1.00,1.00
1258,20.9667,19.5837,1,0,-1,0,152.3,-885,465,1.00,1.00,1.00,1.00
1259,20.9833,19.6003,1,0,-1,0,152.3,-885,465,1.00,1.00,1.00,1.00
1260,21.0000,19.6170,1,0,-1,0,152.3,-885,465,1.00,1.00,1.00,1.00
1261,21.0167,19.6337,1,0,-1,0,152.3,-885,465,1.00,1.00,1.00,1.00
1262,21.0333,19.6503,1,0,-1,0,152.3,-885,465,1.00,1.00,1.00,1.00
1263,21.0500,19.6670,1,0,-1,0,152.3,-885,465,1.00,1.00,1.00,1.00
