k,state,anchor_x,anchor_y,pull_vs_v_deg,speed
978,G,5278,2329,150,26.5
979,G,5279,2333,150,23.9
980,G,5280,2332,151,21.8
981,G,5277,2335,147,19.8
982,G,5278,2336,147,11.6
983,G,5280,2323,144,4.1
984,G,5279,2329,21,5.2
985,G,5277,2336,31,11.3
986,G,5279,2335,34,13.5
987,G,5279,2331,34,13.7
988,G,5276,2335,36,14.1
989,G,5278,2332,38,14.3
990,-,,,,14.5
991,-,,,,15.0
992,-,,,,14.7
993,-,,,,14.8
994,-,,,,14.2
995,-,,,,14.1
996,-,,,,13.4
997,-,,,,13.7
998,G,5408,2126,44,13.6
999,G,5408,2136,50,14.0
1000,-,,,,14.0
1001,-,,,,14.0
1002,-,,,,13.8
1003,-,,,,14.2
1004,G,5408,2046,51,13.9
1005,G,5408,2040,54,14.4
1006,G,5408,2045,60,14.6
1007,G,5409,2035,62,14.4
1008,G,5409,2032,65,14.5
1009,G,5409,2036,71,14.9
1010,G,5409,2031,74,14.8
1011,G,5408,2035,81,14.3
1012,G,5409,2036,83,14.3
1013,G,5410,2035,85,14.1
1014,G,5409,2036,88,14.0
1015,G,5409,2037,92,13.5
1016,G,5409,2037,94,13.3
1017,-,,,,12.6
1018,-,,,,12.5
1019,-,,,,11.9
1020,G,5409,1975,71,12.2
1021,G,5408,1976,54,14.7
1022,-,,,,19.0
1023,-,,,,22.6
1024,-,,,,27.4
1025,-,,,,28.1
1026,F,,,,28.3
1027,-,,,,27.9
1028,-,,,,27.7
1029,-,,,,27.0
1030,-,,,,27.2
1031,-,,,,27.2
1032,-,,,,26.7
1033,-,,,,26.5
1034,-,,,,27.2
1035,F,,,,27.2
1036,-,,,,26.9
1037,-,,,,27.4
1038,-,,,,27.1
1039,-,,,,27.4
1040,-,,,,27.1
1041,-,,,,27.6
1042,-,,,,27.4
1043,G,5932,1631,83,27.5
1044,G,5931,1630,88,26.7
1045,G,5934,1631,89,28.1
1046,G,5933,1630,88,29.2
1047,G,5938,1632,90,31.5
1048,-,,,,32.8
1049,-,,,,34.4
1050,-,,,,33.8
1051,-,,,,34.1
1052,-,,,,33.7
1053,-,,,,33.3
1054,-,,,,32.6
1055,-,,,,33.3
1056,-,,,,33.1
1057,-,,,,32.8
1058,F,,,,32.6
1059,F,,,,33.3
1060,F,,,,33.1
1061,-,,,,32.6
1062,-,,,,33.1
1063,-,,,,33.0
1064,-,,,,33.3
1065,-,,,,32.7
1066,-,,,,33.5
1067,F,,,,33.0
1068,F,,,,33.4
1069,G,6860,1598,58,32.8
1070,G,6865,1599,64,33.2
1071,G,6870,1599,70,32.9
1072,G,6864,1599,79,33.5
1073,G,6858,1598,89,33.0
1074,G,6866,1598,89,33.4
1075,G,6868,1598,86,33.4
1076,-,,,,35.7
1077,-,,,,37.3
1078,-,,,,39.5
1079,-,,,,38.9
1080,-,,,,39.3
1081,F,,,,39.4
1082,G,7013,1599,102,39.0
1083,G,7019,1599,109,39.2
1084,-,,,,40.2
1085,-,,,,40.2
1086,-,,,,39.6
1087,-,,,,40.1
1088,-,,,,40.1
1089,-,,,,39.9
1090,-,,,,38.6
1091,G,7425,1665,124,38.9
1092,-,,,,37.7
1093,-,,,,37.3
1094,F,,,,34.6
1095,-,,,,33.2
1096,F,,,,32.5
1097,-,,,,34.4
1098,G,7571,1762,84,35.6
1099,G,7574,1761,86,36.9
1100,G,7576,1761,90,36.4
1101,-,,,,37.1
1102,-,,,,36.9
1103,-,,,,37.0
1104,-,,,,36.4
1105,-,,,,37.3
1106,-,,,,37.2
1107,-,,,,36.7
1108,-,,,,36.6
1109,-,,,,36.9
1110,-,,,,36.8
1111,G,8104,1376,100,36.0
1112,G,8114,1374,102,36.2
1113,-,,,,36.5
1114,-,,,,36.6
1115,-,,,,36.2
1116,F,,,,36.8
1117,-,,,,31.6
1118,-,,,,31.0
1119,-,,,,30.3
1120,-,,,,30.8
1121,-,,,,34.9
1122,-,,,,36.4
1123,-,,,,35.6
1124,-,,,,36.3
1125,-,,,,35.7
1126,-,,,,36.4
1127,-,,,,36.6
1128,-,,,,36.5
1129,-,,,,36.0
1130,G,8755,1566,95,36.5
1131,G,8759,1566,107,36.3
1132,-,,,,36.1
1133,-,,,,35.8
1134,-,,,,36.7
1135,-,,,,36.7
1136,-,,,,36.2
1137,-,,,,36.9
1138,F,,,,36.7
1139,-,,,,36.4
1140,-,,,,35.3
1141,-,,,,35.4
1142,-,,,,34.7
1143,G,9230,1890,59,35.0
1144,G,9222,1890,83,34.2
1145,G,9221,1888,100,34.1
1146,G,9225,1888,112,32.3
1147,G,9232,1888,123,31.4
1148,G,9232,1888,133,29.4
1149,G,9252,1888,134,27.6
1150,G,9298,1888,134,25.0
1151,G,9310,1895,135,23.6
1152,G,9311,1894,137,21.6
1153,G,9311,1912,128,19.7
1154,G,9312,1916,122,18.0
1155,G,9311,1910,118,16.9
1156,G,9311,1924,108,16.3
1157,G,9311,1932,98,16.5
1158,G,9311,1941,89,18.1
1159,G,9312,1951,87,20.9
1160,G,9311,1950,92,22.7
1161,G,9312,1967,93,24.2
1162,G,9311,1987,92,24.6
1163,G,9311,2022,89,24.8
1164,G,9312,2039,93,25.0
1165,G,9298,2048,95,25.6
1166,G,9283,2047,94,27.6
1167,-,,,,29.1
1168,-,,,,30.4
1169,-,,,,30.1
1170,-,,,,30.7
1171,-,,,,30.4
1172,-,,,,31.2
1173,-,,,,30.9
1174,F,,,,31.6
1175,G,9034,1919,96,30.9
1176,G,9027,1918,102,31.5
1177,-,,,,31.3
1178,F,,,,31.1
1179,F,,,,30.6
1180,G,8881,2079,95,31.0
1181,G,8864,2068,99,31.2
1182,-,,,,30.8
1183,-,,,,30.8
1184,-,,,,31.3
1185,-,,,,31.2
1186,-,,,,30.8
1187,F,,,,31.1
1188,G,8538,1920,77,31.4
1189,G,8520,1918,80,31.5
1190,G,8522,1919,87,30.9
1191,G,8514,1920,88,32.2
1192,-,,,,33.0
1193,-,,,,34.2
1194,-,,,,34.7
1195,-,,,,35.6
1196,-,,,,34.8
1197,G,8282,2401,80,35.6
1198,G,8265,2401,88,34.9
1199,G,8258,2401,100,35.8
1200,G,8261,2402,113,35.5
1201,-,,,,36.7
1202,-,,,,36.3
1203,G,8121,2401,105,36.4
1204,-,,,,35.6
1205,-,,,,36.0
1206,-,,,,35.9
1207,-,,,,35.1
1208,G,7936,2401,97,35.0
1209,G,7935,2402,103,35.4
1210,G,7932,2401,107,35.4
1211,-,,,,34.8
1212,-,,,,35.1
1213,-,,,,35.4
1214,-,,,,35.2
1215,-,,,,34.7
1216,F,,,,36.0
1217,-,,,,36.7
1218,-,,,,38.3
1219,-,,,,38.4
1220,-,,,,39.4
1221,-,,,,38.6
1222,-,,,,39.4
1223,-,,,,38.7
1224,-,,,,39.2
1225,-,,,,38.4
1226,-,,,,38.9
1227,-,,,,38.7
1228,-,,,,39.0
1229,-,,,,38.5
1230,-,,,,39.4
1231,-,,,,39.5
1232,-,,,,39.0
1233,-,,,,38.8
1234,-,,,,39.6
1235,-,,,,39.6
1236,-,,,,38.9
1237,-,,,,39.5
1238,G,6743,2273,65,39.7
1239,G,6724,2273,69,39.7
1240,G,6726,2273,83,39.1
1241,G,6725,2273,93,39.8
1242,-,,,,39.5
1243,-,,,,40.1
1244,-,,,,39.6
1245,-,,,,40.3
1246,-,,,,39.4
1247,-,,,,40.1
1248,-,,,,39.3
1249,G,6366,2047,95,39.7
1250,G,6371,2047,111,38.8
1251,G,6370,2047,126,39.8
1252,-,,,,39.9
1253,-,,,,40.0
1254,-,,,,39.4
1255,G,6167,2338,89,39.6
1256,G,6159,2336,96,39.6
1257,-,,,,40.3
1258,-,,,,40.6
1259,-,,,,42.5
1260,-,,,,42.6
1261,F,,,,40.9
1262,F,,,,41.3
1263,-,,,,40.6
1264,-,,,,39.9
1265,G,5873,2496,88,38.7
1266,G,5877,2496,102,38.7
1267,G,5883,2493,117,37.1
1268,-,,,,37.1
1269,-,,,,36.1
1270,-,,,,36.6
1271,-,,,,36.2
1272,-,,,,37.0
1273,-,,,,36.2
1274,G,5600,2618,131,36.8
1275,G,5600,2620,142,36.2
1276,-,,,,36.5
1277,-,,,,36.4
1278,G,5421,2654,104,35.9
1279,G,5421,2655,109,34.4
1280,G,5420,2656,115,34.1
1281,G,5419,2655,118,33.2
1282,G,5421,2655,121,31.7
1283,G,5415,2656,120,30.8
1284,G,5423,2655,120,29.4
1285,G,5418,2655,117,28.3
1286,-,,,,27.3
1287,-,,,,28.8
1288,F,,,,31.2
1289,G,5270,2655,77,33.1
1290,G,5268,2654,81,34.2
1291,G,5235,2750,84,35.1
1292,G,5225,2751,90,35.1
1293,G,5204,2752,93,35.7
1294,G,5189,2751,100,35.3
1295,-,,,,36.4
1296,-,,,,35.8
1297,-,,,,36.5
1298,-,,,,36.0
1299,-,,,,36.5
1300,-,,,,35.8
1301,-,,,,36.4
1302,-,,,,36.0
1303,-,,,,36.1
1304,-,,,,35.4
1305,F,,,,35.9
1306,G,4897,2474,94,35.8
1307,G,4892,2466,100,35.4
1308,-,,,,35.4
1309,-,,,,36.0
1310,-,,,,35.7
1311,-,,,,34.9
1312,-,,,,35.0
1313,F,,,,34.6
1314,G,4501,2689,122,35.5
1315,G,4483,2690,122,35.5
1316,G,4486,2689,125,37.1
1317,-,,,,37.9
1318,-,,,,38.3
1319,F,,,,37.6
1320,F,,,,38.2
1321,G,4190,2372,66,37.2
1322,G,4191,2371,79,37.5
1323,G,4192,2376,92,36.7
1324,G,4192,2375,103,36.9
1325,G,4192,2365,111,35.8
1326,F,,,,36.1
1327,-,,,,35.7
1328,G,4053,2305,96,35.4
1329,G,4043,2306,101,34.8
1330,G,4049,2304,113,35.4
1331,G,4046,2305,119,35.4
1332,-,,,,34.9
1333,-,,,,34.6
1334,F,,,,35.1
1335,G,3848,2305,98,34.9
1336,G,3846,2304,105,34.0
1337,-,,,,34.1
1338,-,,,,33.6
1339,-,,,,33.1
1340,-,,,,32.1
1341,-,,,,32.3
1342,-,,,,31.8
1343,G,3631,2177,94,32.1
1344,G,3632,2178,105,31.5
1345,G,3625,2176,106,32.8
1346,G,3620,2177,109,33.3
1347,-,,,,35.0
1348,-,,,,35.7
1349,-,,,,36.8
1350,-,,,,36.4
1351,-,,,,37.3
1352,-,,,,37.1
1353,G,3234,1984,87,37.1
1354,G,3216,1982,92,36.1
1355,-,,,,36.6
1356,-,,,,36.4
1357,-,,,,35.9
1358,-,,,,35.8
1359,-,,,,36.6
1360,-,,,,36.5
1361,G,3003,2079,104,35.9
1362,-,,,,36.5
1363,F,,,,36.5
1364,-,,,,36.5
1365,F,,,,36.4
1366,-,,,,38.3
1367,-,,,,39.8
1368,F,,,,41.9
1369,F,,,,41.3
1370,G,2619,2401,95,41.9
1371,G,2615,2401,101,40.8
1372,-,,,,41.2
1373,-,,,,40.3
1374,G,2500,1919,79,41.0
1375,G,2489,1919,86,40.6
1376,G,2481,1920,98,41.2
1377,-,,,,41.0
1378,-,,,,41.3
1379,-,,,,40.2
1380,-,,,,40.9
1381,-,,,,41.1
1382,-,,,,40.1
1383,-,,,,40.0
1384,-,,,,40.6
1385,-,,,,40.5
1386,-,,,,39.9
1387,-,,,,40.5
1388,-,,,,40.7
1389,-,,,,40.7
1390,-,,,,39.8
1391,-,,,,40.5
1392,-,,,,39.7
1393,F,,,,40.2
1394,F,,,,39.6
1395,F,,,,40.2
1396,-,,,,39.5
1397,-,,,,40.3
1398,-,,,,39.5
1399,-,,,,40.2
1400,-,,,,39.6
1401,-,,,,40.3
1402,-,,,,40.2
1403,F,,,,40.4
1404,F,,,,39.8
1405,-,,,,40.7
1406,-,,,,41.2
1407,-,,,,41.4
1408,-,,,,41.8
1409,G,1147,2015,143,43.1
1410,G,1138,2015,152,43.1
1411,-,,,,42.4
1412,-,,,,43.0
1413,-,,,,43.0
1414,-,,,,43.1
1415,-,,,,42.2
1416,-,,,,42.7
1417,-,,,,42.2
1418,-,,,,42.5
1419,G,741,2209,130,41.9
1420,G,735,2209,143,42.3
1421,G,722,2208,151,41.6
1422,-,,,,42.5
1423,F,,,,41.7
1424,-,,,,42.2
1425,F,,,,38.0
1426,F,,,,34.4
1427,-,,,,31.0
1428,F,,,,27.3
1429,-,,,,26.3
1430,-,,,,26.2
1431,-,,,,25.8
1432,G,417,2506,70,25.4
1433,G,417,2515,71,25.5
1434,G,417,2516,76,26.4
1435,G,417,2513,82,26.9
1436,G,416,2512,91,26.9
1437,-,,,,27.7
1438,-,,,,28.7
1439,F,,,,29.2
1440,G,384,2705,59,29.3
1441,G,384,2718,61,30.3
1442,G,384,2717,69,30.3
1443,G,384,2713,79,30.8
1444,G,384,2710,90,30.9
1445,G,386,2715,93,33.7
1446,G,385,2717,99,35.4
1447,G,385,2716,110,38.1
1448,G,385,2710,121,38.4
1449,G,384,2712,127,38.4
1450,G,384,2706,130,35.5
1451,G,384,2702,130,31.0
1452,G,384,2729,120,24.9
1453,-,,,,20.5
1454,-,,,,22.6
1455,-,,,,27.6
1456,-,,,,29.3
1457,-,,,,30.4
1458,-,,,,30.2
1459,-,,,,30.5
1460,F,,,,30.4
1461,F,,,,29.8
1462,G,447,2763,99,29.8
1463,G,448,2751,104,29.7
1464,G,447,2735,107,29.2
1465,-,,,,28.3
1466,-,,,,28.5
1467,-,,,,27.6
1468,G,785,2944,121,27.6
1469,G,794,2945,123,26.8
1470,F,,,,26.8
1471,F,,,,25.5
1472,-,,,,25.5
1473,-,,,,24.6
1474,-,,,,24.4
1475,-,,,,23.8
1476,-,,,,23.9
1477,-,,,,23.5
1478,-,,,,23.5
1479,-,,,,22.8
1480,-,,,,22.8
1481,-,,,,22.5
1482,-,,,,21.9
1483,-,,,,21.8
1484,-,,,,22.0
1485,-,,,,21.8
1486,G,1034,2336,31,20.9
1487,-,,,,20.8
1488,F,,,,20.8
1489,-,,,,20.6
1490,-,,,,20.3
1491,-,,,,21.5
1492,-,,,,22.7
1493,G,1049,2336,156,24.4
1494,-,,,,25.5
1495,-,,,,26.7
1496,-,,,,26.2
1497,-,,,,26.6
1498,-,,,,25.9
1499,-,,,,26.1
1500,-,,,,25.5
1501,-,,,,26.1
1502,-,,,,26.1
1503,G,1376,2560,89,26.1
1504,G,1378,2562,89,26.5
1505,-,,,,28.2
1506,-,,,,29.2
1507,-,,,,30.6
1508,-,,,,30.6
1509,-,,,,31.5
1510,-,,,,31.6
1511,-,,,,31.2
1512,-,,,,31.8
1513,G,1536,2560,125,32.1
1514,G,1551,2560,132,32.3
1515,G,1631,2572,130,32.1
1516,G,1640,2592,130,33.0
1517,-,,,,32.3
1518,F,,,,32.6
1519,F,,,,29.6
1520,F,,,,29.4
1521,F,,,,28.8
1522,-,,,,29.4
1523,G,1920,2522,99,28.8
1524,F,,,,29.2
1525,-,,,,28.8
1526,-,,,,29.0
1527,-,,,,29.1
1528,-,,,,28.9
1529,G,2106,2690,90,28.2
1530,G,2102,2689,111,28.6
1531,G,2106,2688,120,28.7
1532,-,,,,27.9
1533,-,,,,27.3
1534,-,,,,27.1
1535,-,,,,26.0
1536,G,2265,2722,95,25.0
1537,G,2264,2721,104,24.6
1538,-,,,,24.2
1539,-,,,,24.8
1540,G,2336,2848,78,24.3
1541,G,2346,2849,80,25.3
1542,G,2348,2849,81,25.6
1543,G,2357,2849,81,27.3
1544,G,2347,2848,87,28.8
1545,-,,,,32.4
1546,-,,,,34.6
1547,-,,,,36.0
1548,G,2431,2959,74,35.9
1549,-,,,,37.0
1550,-,,,,36.4
1551,-,,,,37.3
1552,-,,,,37.6
1553,-,,,,37.6
1554,-,,,,36.9
1555,G,2688,3012,127,37.0
1556,G,2688,3014,140,36.7
1557,-,,,,36.2
1558,G,2865,3168,64,36.3
1559,G,2880,3184,72,37.6
1560,G,2880,3184,84,38.0
1561,G,2881,3183,99,37.3
1562,G,2880,3190,107,37.7
1563,G,2880,3180,118,36.4
1564,G,2880,3196,123,35.5
1565,G,2880,3192,129,33.6
1566,F,,,,32.8
1567,F,,,,31.7
1568,-,,,,31.6
1569,-,,,,29.9
1570,-,,,,27.6
1571,-,,,,25.5
1572,-,,,,26.5
1573,F,,,,27.6
1574,F,,,,28.4
1575,G,2885,3199,99,27.5
1576,G,2884,3200,101,27.6
1577,G,2882,3199,101,27.3
1578,G,2887,3200,101,26.9
1579,G,2892,3199,99,26.0
1580,G,2888,3200,100,26.3
1581,G,2895,3200,99,25.9
1582,G,2893,3200,97,26.3
1583,G,2892,3200,94,30.1
1584,-,,,,36.5
1585,-,,,,40.9
1586,-,,,,44.7
1587,-,,,,45.6
1588,-,,,,45.3
1589,-,,,,45.0
1590,-,,,,43.8
1591,-,,,,44.2
1592,G,3425,3025,120,42.7
1593,G,3425,3021,130,42.7
1594,G,3425,3032,141,41.1
1595,-,,,,40.9
1596,-,,,,39.5
1597,-,,,,39.6
1598,-,,,,38.3
1599,G,3424,2739,143,38.2
1600,G,3424,2747,152,36.6
1601,-,,,,36.3
1602,-,,,,35.4
1603,G,3490,2690,138,31.0
1604,-,,,,27.0
1605,-,,,,24.2
1606,-,,,,22.5
1607,G,3555,2571,110,21.8
1608,-,,,,21.8
1609,-,,,,21.9
1610,-,,,,22.2
1611,G,3615,2594,98,23.0
1612,G,3614,2593,99,24.4
1613,-,,,,26.4
1614,-,,,,26.7
1615,-,,,,26.0
1616,-,,,,26.6
1617,-,,,,26.4
1618,-,,,,26.6
1619,-,,,,26.3
1620,-,,,,26.9
1621,-,,,,26.5
1622,-,,,,27.3
1623,-,,,,27.3
1624,-,,,,28.2
1625,-,,,,27.9
1626,-,,,,28.5
1627,-,,,,28.8
1628,-,,,,29.0
1629,-,,,,28.8
1630,-,,,,29.5
1631,-,,,,29.7
1632,F,,,,29.6
1633,-,,,,29.6
1634,-,,,,32.9
1635,-,,,,35.0
1636,-,,,,37.2
1637,-,,,,40.4
1638,G,4449,2763,76,41.1
1639,G,4448,2774,84,41.1
1640,G,4449,2772,99,40.4
1641,G,4449,2762,109,40.5
1642,-,,,,38.7
1643,F,,,,38.2
1644,-,,,,36.7
1645,-,,,,36.7
1646,-,,,,35.8
1647,-,,,,36.2
1648,G,4576,2972,110,35.4
1649,G,4576,2974,119,35.6
1650,G,4582,2975,124,34.6
1651,-,,,,34.8
1652,-,,,,34.2
1653,-,,,,33.7
1654,-,,,,32.9
1655,G,4738,3104,114,33.4
1656,G,4745,3104,122,33.4
1657,-,,,,32.8
1658,F,,,,32.5
1659,-,,,,32.9
1660,-,,,,32.6
1661,G,4916,3135,107,31.8
1662,-,,,,32.1
1663,-,,,,32.3
1664,-,,,,32.3
1665,-,,,,31.9
1666,-,,,,32.6
1667,-,,,,32.1
1668,F,,,,32.6
1669,-,,,,32.2
1670,-,,,,32.7
1671,-,,,,32.1
1672,-,,,,32.5
1673,F,,,,32.0
1674,-,,,,32.3
1675,-,,,,31.6
1676,-,,,,32.3
1677,-,,,,33.1
1678,-,,,,35.0
1679,F,,,,35.6
1680,-,,,,37.8
1681,-,,,,38.4
1682,-,,,,38.4
1683,G,5599,3025,92,38.2
1684,G,5600,3007,101,38.9
1685,G,5601,3008,110,38.9
1686,-,,,,38.3
1687,-,,,,39.0
1688,F,,,,39.1
1689,F,,,,39.2
1690,-,,,,38.4
1691,-,,,,38.9
1692,-,,,,38.3
1693,G,5856,2823,98,38.8
1694,G,5856,2828,109,38.3
1695,G,5854,2828,116,39.0
1696,G,5856,2824,122,38.1
1697,-,,,,38.5
1698,G,6161,3009,125,37.3
1699,G,6165,3010,131,37.6
1700,F,,,,36.5
1701,-,,,,36.5
1702,-,,,,36.2
1703,-,,,,35.7
1704,-,,,,34.8
1705,-,,,,35.1
1706,-,,,,34.6
1707,-,,,,33.7
1708,-,,,,33.5
1709,-,,,,33.9
1710,-,,,,34.0
1711,-,,,,33.3
1712,-,,,,33.2
1713,-,,,,33.2
1714,-,,,,33.0
1715,-,,,,32.4
1716,-,,,,33.2
1717,G,6790,2688,79,32.2
1718,G,6804,2690,82,32.2
1719,G,6796,2690,90,31.5
1720,G,6796,2689,92,32.9
1721,G,6804,2689,93,34.1
1722,-,,,,36.2
1723,-,,,,36.6
1724,-,,,,37.4
1725,-,,,,36.8
1726,-,,,,37.4
1727,-,,,,37.3
1728,-,,,,38.0
1729,-,,,,37.4
1730,-,,,,38.2
1731,-,,,,38.4
1732,-,,,,37.8
1733,-,,,,38.1
1734,-,,,,38.9
1735,-,,,,39.1
1736,-,,,,38.7
1737,-,,,,39.2
1738,F,,,,39.5
1739,G,7618,2656,60,39.7
1740,G,7634,2655,72,39.3
1741,G,7633,2656,84,40.2
1742,G,7634,2655,94,39.2
1743,G,7635,2654,99,38.5
1744,G,7632,2656,102,37.8
1745,G,7634,2656,100,40.2
1746,G,7636,2656,104,41.8
1747,-,,,,42.9
1748,-,,,,42.1
1749,-,,,,42.6
1750,-,,,,41.3
1751,F,,,,42.1
1752,-,,,,41.7
1753,F,,,,41.4
1754,G,8015,2464,83,40.9
1755,G,8035,2463,90,41.7
1756,G,8040,2463,98,41.7
1757,-,,,,41.4
1758,-,,,,41.1
1759,-,,,,41.4
1760,-,,,,41.3
1761,-,,,,40.8
1762,-,,,,41.5
1763,-,,,,41.7
1764,-,,,,41.8
1765,-,,,,40.9
1766,-,,,,41.3
1767,-,,,,40.7
1768,-,,,,41.0
1769,-,,,,39.9
1770,-,,,,40.3
1771,-,,,,39.5
1772,-,,,,40.6
1773,-,,,,40.9
1774,F,,,,42.8
1775,G,8855,2720,87,41.9
1776,G,8846,2721,106,42.2
1777,G,8845,2721,118,41.5
1778,G,8862,2720,124,40.3
1779,G,8848,2720,131,38.6
1780,-,,,,38.1
1781,-,,,,37.1
1782,-,,,,35.6
1783,G,9076,2784,107,34.4
1784,G,9058,2784,121,33.5
1785,G,9064,2784,125,32.1
1786,G,9056,2779,131,29.9
1787,F,,,,29.4
1788,-,,,,28.6
1789,-,,,,28.1
1790,G,9214,2939,78,27.2
1791,G,9215,2940,84,27.6
1792,G,9215,2940,92,27.4
1793,-,,,,28.1
1794,-,,,,27.9
1795,G,9215,2977,106,28.8
1796,G,9216,2976,116,28.9
1797,-,,,,29.4
1798,G,9186,3039,106,29.1
1799,G,9183,3040,114,29.3
1800,G,9185,3040,123,28.4
1801,-,,,,28.9
1802,-,,,,28.6
1803,G,9117,3135,100,29.3
1804,G,9112,3136,100,29.3
1805,G,9118,3136,109,30.5
1806,G,9109,3135,110,31.0
1807,G,9116,3135,117,29.6
1808,-,,,,28.4
1809,-,,,,28.4
1810,-,,,,29.0
1811,-,,,,29.8
1812,-,,,,30.0
1813,F,,,,29.9
1814,-,,,,29.5
1815,F,,,,28.8
1816,F,,,,29.0
1817,-,,,,28.4
1818,G,8704,3361,61,28.8
1819,G,8694,3362,69,28.1
1820,G,8694,3362,77,28.5
1821,G,8691,3360,85,27.8
1822,G,8691,3361,97,28.2
1823,-,,,,27.8
1824,-,,,,28.1
1825,F,,,,27.7
1826,-,,,,28.8
1827,-,,,,29.7
1828,-,,,,31.8
1829,-,,,,32.8
1830,-,,,,34.3
1831,-,,,,34.2
1832,F,,,,33.6
1833,F,,,,33.5
1834,-,,,,34.0
1835,-,,,,34.3
1836,-,,,,33.8
1837,-,,,,34.0
1838,F,,,,34.2
1839,F,,,,34.0
1840,G,8131,3426,96,33.4
1841,G,8121,3424,99,34.1
1842,-,,,,33.8
1843,-,,,,34.2
1844,-,,,,33.6
1845,-,,,,34.2
1846,-,,,,33.7
1847,-,,,,34.4
1848,-,,,,33.4
1849,F,,,,33.9
1850,F,,,,32.9
1851,-,,,,33.4
1852,-,,,,33.4
1853,-,,,,34.6
1854,-,,,,34.9
1855,-,,,,36.6
1856,-,,,,37.7
1857,-,,,,36.8
1858,-,,,,36.9
1859,-,,,,37.6
1860,-,,,,37.5
1861,-,,,,37.0
1862,-,,,,37.5
1863,-,,,,37.4
1864,F,,,,37.3
1865,-,,,,36.8
1866,-,,,,37.2
1867,-,,,,36.6
1868,-,,,,37.2
1869,-,,,,36.5
1870,-,,,,36.9
1871,-,,,,36.4
1872,-,,,,37.0
1873,F,,,,36.9
1874,-,,,,38.5
1875,-,,,,37.9
1876,F,,,,38.7
1877,-,,,,38.5
1878,-,,,,39.6
1879,-,,,,39.9
1880,-,,,,41.5
1881,-,,,,41.7
1882,-,,,,41.0
1883,G,6442,3361,39,40.9
1884,-,,,,41.5
1885,-,,,,41.5
1886,-,,,,41.0
1887,-,,,,42.0
1888,G,6323,3394,56,42.7
1889,G,6310,3394,67,43.1
1890,-,,,,42.5
1891,-,,,,43.7
1892,-,,,,43.3
1893,-,,,,43.7
1894,-,,,,43.0
1895,F,,,,43.5
1896,-,,,,42.7
1897,-,,,,43.8
1898,-,,,,43.4
1899,-,,,,44.6
1900,-,,,,44.0
1901,-,,,,44.7
1902,-,,,,44.4
1903,-,,,,44.3
1904,-,,,,43.3
1905,-,,,,43.8
1906,-,,,,43.5
1907,-,,,,42.6
1908,-,,,,42.6
1909,-,,,,43.0
1910,-,,,,42.8
1911,G,5466,3551,118,42.0
1912,-,,,,42.3
1913,-,,,,42.9
1914,-,,,,42.6
1915,-,,,,41.8
1916,-,,,,42.7
1917,-,,,,42.7
1918,-,,,,44.3
1919,-,,,,43.9
1920,-,,,,44.9
1921,-,,,,44.0
1922,-,,,,44.7
1923,-,,,,43.9
1924,-,,,,44.6
1925,-,,,,43.6
1926,-,,,,44.3
1927,-,,,,44.0
1928,G,4754,3841,109,44.3
1929,G,4752,3841,120,43.2
1930,G,4755,3840,134,44.0
1931,G,4746,3840,139,43.8
1932,-,,,,42.2
1933,F,,,,41.3
1934,G,4562,3519,109,40.7
1935,G,4558,3520,109,40.2
1936,G,4561,3520,110,40.0
1937,-,,,,39.8
1938,F,,,,38.6
1939,F,,,,37.6
1940,G,4363,3583,123,35.7
1941,G,4340,3584,128,35.3
1942,-,,,,33.8
1943,G,4256,3509,103,33.7
1944,G,4257,3510,117,32.0
1945,G,4256,3510,121,31.1
1946,G,4258,3508,121,29.3
1947,-,,,,29.1
1948,-,,,,28.3
1949,-,,,,28.0
1950,-,,,,26.8
1951,-,,,,26.7
1952,G,3917,3489,122,25.9
1953,G,3913,3488,123,25.2
1954,G,3910,3489,123,24.2
1955,G,3919,3490,126,23.8
1956,G,3909,3489,125,23.3
1957,G,3912,3489,125,22.5
1958,G,3910,3490,125,21.6
1959,G,3910,3488,124,21.4
1960,G,3908,3489,123,21.1
1961,G,3918,3488,124,20.0
1962,F,,,,20.0
1963,-,,,,19.2
1964,-,,,,18.8
1965,-,,,,17.6
1966,-,,,,17.2
1967,-,,,,16.6
1968,-,,,,16.5
1969,-,,,,15.7
1970,G,3842,3170,112,15.6
1971,G,3832,3170,108,14.8
1972,-,,,,14.2
1973,-,,,,13.9
1974,-,,,,13.9
1975,-,,,,13.2
1976,-,,,,13.0
1977,-,,,,12.5
1978,-,,,,12.0
1979,-,,,,12.0
1980,-,,,,13.1
1981,G,3744,3236,42,14.3
1982,-,,,,17.1
1983,-,,,,19.7
1984,-,,,,23.4
1985,-,,,,25.3
1986,-,,,,25.8
1987,-,,,,26.6
1988,G,3487,3306,64,27.2
1989,G,3488,3307,74,27.5
1990,G,3487,3310,86,27.3
1991,G,3486,3314,92,28.1
1992,-,,,,27.9
1993,-,,,,28.6
1994,-,,,,28.5
1995,-,,,,29.2
1996,-,,,,28.8
1997,-,,,,29.2
1998,-,,,,28.6
1999,-,,,,29.0
2000,-,,,,28.4
2001,-,,,,29.2
2002,G,3350,3519,105,29.0
2003,-,,,,29.1
2004,-,,,,28.6
2005,G,3277,3582,95,29.0
2006,G,3277,3584,104,28.9
2007,-,,,,28.8
2008,-,,,,28.6
2009,G,3209,3616,103,29.1
2010,G,3194,3615,106,29.4
2011,-,,,,28.9
2012,-,,,,29.5
2013,G,3079,3647,93,29.3
2014,G,3072,3647,97,28.9
2015,G,3074,3646,102,28.0
2016,G,3071,3647,102,28.0
2017,G,3073,3647,99,28.1
2018,G,3072,3647,98,29.2
2019,G,3075,3647,101,30.1
2020,-,,,,32.2
2021,-,,,,32.0
2022,-,,,,32.9
2023,F,,,,32.4
2024,-,,,,33.1
2025,-,,,,32.3
2026,G,2838,3648,92,32.7
2027,G,2834,3647,100,32.3
2028,-,,,,32.3
2029,-,,,,31.6
2030,-,,,,32.2
2031,-,,,,32.4
2032,-,,,,31.9
2033,-,,,,32.0
2034,-,,,,32.1
2035,-,,,,32.1
2036,-,,,,31.3
2037,-,,,,31.4
2038,F,,,,31.4
2039,F,,,,31.4
2040,G,2529,3409,93,32.2
2041,G,2529,3403,92,35.0
2042,G,2528,3411,96,37.0
2043,-,,,,39.2
2044,-,,,,38.6
2045,-,,,,38.8
2046,-,,,,38.0
2047,-,,,,38.2
2048,G,2158,3522,130,37.2
2049,-,,,,34.8
2050,-,,,,31.6
2051,-,,,,30.2
2052,G,1983,3346,50,28.9
2053,F,,,,28.5
2054,F,,,,27.9
2055,-,,,,28.1
2056,-,,,,27.9
2057,-,,,,27.6
2058,F,,,,27.4
2059,G,1907,3070,84,27.7
2060,G,1896,3071,89,27.6
2061,G,1883,3103,97,26.9
2062,G,1865,3103,96,27.3
2063,G,1856,3103,99,27.5
2064,G,1834,3103,99,27.5
2065,G,1817,3103,103,26.8
2066,G,1801,3104,104,27.0
2067,G,1761,3104,98,26.5
2068,G,1696,3046,61,27.0
2069,G,1684,3039,66,26.3
2070,-,,,,26.5
2071,F,,,,25.5
2072,-,,,,25.6
2073,F,,,,25.2
2074,-,,,,24.9
2075,-,,,,24.2
2076,-,,,,24.2
2077,-,,,,23.7
2078,-,,,,23.3
2079,-,,,,22.5
2080,-,,,,22.4
2081,-,,,,21.9
2082,-,,,,21.2
2083,-,,,,20.9
2084,G,1406,3009,131,20.6
2085,G,1404,3008,135,20.2
2086,-,,,,19.4
2087,-,,,,19.1
2088,G,1314,3009,111,18.6
2089,G,1309,3009,111,18.1
2090,G,1312,3010,115,17.5
2091,G,1307,3008,113,17.2
2092,G,1312,3009,115,16.4
2093,-,,,,16.6
2094,-,,,,16.0
2095,F,,,,16.2
2096,G,1187,3009,87,15.9
2097,G,1185,3010,88,16.4
2098,G,1184,3008,90,16.0
2099,G,1181,3008,89,16.6
2100,G,1180,3009,84,17.1
2101,G,1185,3009,77,20.5
2102,G,1183,3009,76,25.2
2103,-,,,,31.8
2104,-,,,,35.3
2105,-,,,,37.2
2106,-,,,,37.4
2107,-,,,,36.9
2108,-,,,,37.1
2109,G,798,3016,76,38.6
2110,G,799,3030,83,38.8
2111,G,800,3035,99,38.3
2112,-,,,,39.4
2113,-,,,,39.7
2114,-,,,,39.7
2115,G,767,3201,104,38.7
2116,G,768,3189,124,38.9
2117,-,,,,37.9
2118,-,,,,38.0
2119,-,,,,37.7
2120,-,,,,38.2
2121,-,,,,37.4
2122,-,,,,38.5
2123,G,540,3360,102,37.1
2124,G,534,3359,111,37.9
2125,G,534,3360,118,37.4
2126,-,,,,38.1
2127,-,,,,38.5
2128,F,,,,39.1
2129,-,,,,38.7
2130,-,,,,39.2
2131,-,,,,39.3
2132,-,,,,38.2
2133,-,,,,37.3
2134,-,,,,37.1
2135,-,,,,36.0
2136,G,417,3810,133,34.1
2137,G,417,3814,137,33.7
2138,G,417,3814,141,33.0
2139,-,,,,32.9
2140,-,,,,32.1
2141,-,,,,32.6
2142,G,418,4046,89,32.0
2143,G,417,4056,91,32.1
2144,G,417,4045,100,31.5
2145,G,385,4069,101,32.2
2146,G,385,4066,106,31.4
2147,G,385,4081,110,31.4
2148,G,384,4098,114,30.3
2149,G,384,4113,114,29.8
2150,G,385,4108,118,28.2
2151,G,384,4107,122,28.0
2152,G,392,4127,122,27.4
2153,-,,,,26.8
2154,-,,,,27.0
2155,-,,,,29.6
2156,-,,,,31.7
2157,-,,,,34.3
2158,-,,,,34.9
2159,-,,,,35.7
2160,-,,,,35.7
2161,-,,,,34.8
2162,-,,,,35.8
2163,-,,,,35.7
2164,-,,,,35.2
2165,G,736,4288,93,34.7
2166,G,742,4286,94,35.0
2167,-,,,,35.5
2168,-,,,,36.8
2169,-,,,,35.9
2170,-,,,,36.6
2171,-,,,,35.7
2172,-,,,,36.4
2173,-,,,,35.8
2174,-,,,,37.0
2175,-,,,,36.3
2176,G,1092,4254,95,36.8
2177,-,,,,36.7
2178,-,,,,36.1
2179,F,,,,35.7
2180,G,1315,4224,38,36.4
2181,G,1336,4223,39,36.3
2182,F,,,,36.0
2183,-,,,,35.6
2184,F,,,,36.2
2185,-,,,,36.4
2186,-,,,,35.9
2187,-,,,,36.6
2188,-,,,,36.5
2189,-,,,,36.5
2190,G,1535,4080,99,35.7
2191,G,1536,4068,112,36.1
2192,-,,,,34.9
2193,G,1689,4226,101,33.3
2194,G,1684,4226,105,31.9
2195,G,1697,4193,103,33.8
2196,G,1701,4194,108,35.2
2197,-,,,,36.5
2198,-,,,,36.2
2199,-,,,,36.9
2200,-,,,,36.1
2201,-,,,,36.8
2202,-,,,,36.8
2203,-,,,,37.2
2204,-,,,,37.0
2205,-,,,,38.0
2206,-,,,,38.2
2207,-,,,,37.9
2208,-,,,,37.8
2209,F,,,,38.6
2210,-,,,,38.4
2211,G,2307,4254,102,37.5
2212,G,2313,4255,110,37.9
2213,-,,,,37.7
2214,-,,,,37.8
2215,F,,,,36.9
2216,G,2453,4255,106,37.2
2217,-,,,,36.2
2218,-,,,,36.4
2219,F,,,,36.3
2220,G,2520,4255,93,39.0
2221,G,2540,4254,90,40.9
2222,-,,,,41.9
2223,-,,,,41.3
2224,G,2650,4255,94,42.1
2225,G,2657,4255,102,41.3
2226,G,2659,4256,114,42.2
2227,-,,,,42.1
2228,-,,,,42.2
2229,-,,,,41.3
2230,F,,,,41.7
2231,F,,,,41.6
2232,-,,,,40.6
2233,-,,,,40.5
2234,-,,,,41.4
2235,-,,,,41.2
2236,-,,,,40.5
2237,-,,,,41.0
2238,F,,,,40.9
2239,F,,,,40.8
2240,G,3314,3968,79,40.0
2241,G,3305,3967,90,40.5
2242,G,3305,3967,98,39.8
2243,G,3309,3968,107,40.2
2244,G,3299,3968,117,39.1
2245,G,3309,3968,120,38.9
2246,G,3323,3967,123,36.8
2247,G,3332,3968,127,35.9
2248,G,3336,3968,131,33.8
2249,G,3321,3968,133,31.9
2250,F,,,,29.3
2251,G,3583,3964,141,27.7
2252,G,3583,3947,137,25.8
2253,G,3614,3924,132,23.3
2254,G,3615,3914,129,20.6
2255,-,,,,18.2
2256,-,,,,16.1
2257,-,,,,13.6
2258,G,3777,3903,118,12.5
2259,G,3776,3898,115,12.3
2260,G,3776,3898,115,11.9
2261,G,3776,3889,114,11.3
2262,-,,,,11.1
2263,F,,,,10.4
2264,F,,,,9.9
2265,G,3784,3874,110,9.3
2266,G,3790,3874,104,9.3
2267,-,,,,9.3
2268,G,3905,3970,56,10.0
2269,G,3911,3969,52,10.8
2270,G,3911,3968,47,12.6
2271,G,3915,3970,38,14.8
2272,-,,,,17.3
2273,-,,,,19.0
2274,-,,,,21.3
2275,-,,,,21.6
2276,-,,,,22.3
2277,-,,,,22.5
2278,-,,,,22.8
2279,F,,,,22.7
2280,-,,,,24.2
2281,-,,,,25.4
2282,-,,,,27.1
2283,-,,,,28.2
2284,-,,,,29.1
2285,F,,,,29.2
2286,-,,,,28.6
2287,-,,,,29.2
2288,-,,,,29.4
2289,-,,,,29.5
2290,F,,,,29.3
2291,F,,,,29.9
2292,-,,,,29.6
2293,-,,,,30.1
2294,F,,,,29.3
2295,G,4425,3902,97,29.8
2296,G,4438,3903,97,29.4
2297,-,,,,29.8
2298,-,,,,29.7
2299,F,,,,29.9
2300,F,,,,29.4
2301,F,,,,30.1
2302,-,,,,29.8
2303,F,,,,30.4
2304,G,4739,4064,68,30.3
2305,G,4748,4064,77,31.1
2306,G,4748,4064,86,31.0
2307,G,4744,4064,94,31.4
2308,-,,,,32.2
2309,G,4706,4256,166,34.1
2310,G,4707,4256,171,35.3
2311,-,,,,35.1
2312,-,,,,35.1
2313,-,,,,35.3
2314,-,,,,35.2
2315,-,,,,34.5
2316,-,,,,35.2
2317,-,,,,34.7
2318,-,,,,35.5
2319,G,5165,4095,89,34.7
2320,G,5181,4096,92,35.4
2321,G,5180,4094,96,34.7
2322,-,,,,35.3
2323,-,,,,35.6
2324,-,,,,36.9
2325,-,,,,36.2
2326,-,,,,36.8
2327,-,,,,36.3
2328,-,,,,36.6
2329,-,,,,35.6
2330,-,,,,36.1
2331,-,,,,36.1
2332,-,,,,35.2
2333,-,,,,35.1
2334,-,,,,36.0
2335,-,,,,36.2
2336,-,,,,35.9
2337,-,,,,36.8
2338,F,,,,37.1
2339,-,,,,37.7
2340,-,,,,38.2
2341,-,,,,39.8
2342,-,,,,40.3
2343,-,,,,41.1
2344,F,,,,40.2
2345,F,,,,40.9
2346,G,6001,3775,92,40.1
2347,G,6011,3775,98,40.9
2348,-,,,,40.4
2349,-,,,,41.2
2350,-,,,,40.5
2351,G,6294,3807,68,41.1
2352,G,6304,3807,80,40.8
2353,G,6306,3808,97,40.9
2354,-,,,,40.2
2355,-,,,,40.9
2356,-,,,,40.7
2357,-,,,,40.1
2358,-,,,,39.8
2359,-,,,,40.3
2360,-,,,,40.1
2361,-,,,,39.2
2362,-,,,,39.6
2363,-,,,,39.6
2364,F,,,,39.6
2365,F,,,,38.9
2366,F,,,,39.4
2367,F,,,,38.8
2368,F,,,,39.4
2369,F,,,,39.2
2370,F,,,,40.7
2371,-,,,,40.8
2372,F,,,,41.6
2373,-,,,,40.9
2374,-,,,,41.6
2375,-,,,,40.9
2376,F,,,,41.6
2377,-,,,,41.4
2378,G,7280,4097,88,41.5
2379,G,7281,4096,93,41.0
2380,G,7276,4097,101,41.7
2381,G,7282,4097,106,41.9
2382,-,,,,41.4
2383,F,,,,41.2
2384,G,7522,4002,93,42.4
2385,G,7536,4000,104,43.0
2386,-,,,,42.6
2387,-,,,,43.6
2388,-,,,,44.2
2389,F,,,,44.2
2390,-,,,,43.8
2391,-,,,,44.6
2392,-,,,,43.7
2393,F,,,,44.5
2394,-,,,,43.5
2395,-,,,,44.4
2396,F,,,,44.1
2397,-,,,,44.3
2398,G,8075,3999,134,43.5
2399,G,8107,4064,136,42.8
2400,G,8112,4062,139,40.7
2401,G,8120,4063,143,40.1
2402,G,8136,4063,143,38.7
2403,G,8172,4095,130,35.3
2404,G,8178,4094,120,33.1
2405,F,,,,34.4
2406,F,,,,35.7
2407,F,,,,34.7
2408,F,,,,34.0
2409,-,,,,33.7
2410,-,,,,33.0
2411,-,,,,31.5
2412,G,8446,4100,103,31.0
2413,G,8447,4071,98,29.7
2414,F,,,,29.2
2415,G,8382,4013,92,29.2
2416,G,8383,4000,87,31.2
2417,-,,,,32.9
2418,-,,,,34.4
2419,-,,,,33.8
2420,-,,,,33.6
2421,-,,,,32.4
2422,-,,,,32.6
2423,-,,,,31.4
2424,-,,,,31.3
2425,-,,,,30.2
2426,-,,,,30.0
2427,-,,,,29.5
2428,G,8698,3776,126,29.0
2429,G,8711,3777,127,27.7
2430,G,8705,3776,131,27.5
2431,G,8709,3777,132,26.5
2432,G,8710,3777,130,23.5
2433,G,8713,3776,127,21.3
2434,G,8710,3778,121,19.3
2435,G,8710,3777,116,18.2
2436,G,8711,3776,106,18.0
2437,G,8713,3777,98,19.3
2438,G,8708,3778,92,21.0
2439,G,8709,3778,90,22.5
2440,-,,,,22.5
2441,-,,,,23.1
2442,-,,,,23.1
2443,-,,,,23.3
2444,-,,,,23.3
2445,-,,,,23.8
2446,-,,,,23.3
2447,-,,,,23.6
2448,-,,,,23.2
2449,-,,,,23.6
2450,-,,,,23.5
2451,-,,,,24.2
2452,-,,,,24.1
2453,-,,,,24.5
2454,-,,,,24.2
2455,-,,,,24.9
2456,-,,,,25.4
2457,-,,,,25.0
2458,G,9062,3776,102,24.5
2459,G,9071,3776,107,24.3
2460,G,9059,3776,110,22.9
2461,G,9061,3776,109,21.3
2462,F,,,,20.6
2463,-,,,,19.9
2464,-,,,,19.9
2465,-,,,,19.6
2466,-,,,,20.5
2467,-,,,,20.5
2468,-,,,,20.9
2469,G,9135,3840,92,20.8
2470,G,9127,3838,95,21.3
2471,G,9112,3840,91,21.1
2472,G,9100,3839,93,21.2
2473,G,9094,3839,98,21.1
2474,-,,,,21.2
2475,-,,,,20.4
2476,-,,,,20.6
2477,G,9100,4097,81,20.2
2478,G,9105,4096,86,19.6
2479,G,9103,4096,85,18.2
2480,G,9104,4097,86,17.8
2481,G,9102,4096,86,17.5
2482,G,9100,4097,85,17.3
2483,G,9104,4096,89,17.3
2484,F,,,,17.8
2485,F,,,,17.9
2486,F,,,,17.9
2487,-,,,,18.6
2488,-,,,,19.2
2489,-,,,,19.3
2490,-,,,,18.9
2491,-,,,,19.5
2492,-,,,,19.6
2493,-,,,,20.0
2494,-,,,,20.1
2495,-,,,,20.7
2496,-,,,,20.5
2497,-,,,,21.2
2498,-,,,,20.9
2499,-,,,,21.4
2500,-,,,,21.3
2501,-,,,,21.9
2502,-,,,,21.6
2503,-,,,,20.8
2504,F,,,,18.0
2505,-,,,,16.3
2506,-,,,,15.7
2507,-,,,,16.4
2508,-,,,,18.2
2509,-,,,,21.1
2510,-,,,,23.0
2511,-,,,,24.8
2512,-,,,,25.3
2513,-,,,,23.0
2514,-,,,,22.8
2515,-,,,,23.7
2516,-,,,,26.0
2517,-,,,,25.6
2518,-,,,,24.9
2519,-,,,,23.6
2520,G,8999,4514,98,23.2
2521,G,8998,4512,103,22.4
2522,G,9003,4512,116,22.8
2523,-,,,,21.8
2524,-,,,,22.1
2525,-,,,,21.6
2526,-,,,,21.9
2527,-,,,,21.9
2528,-,,,,21.4
2529,-,,,,18.6
2530,-,,,,16.1
2531,-,,,,14.0
2532,-,,,,12.9
2533,-,,,,15.0
2534,-,,,,18.4
2535,-,,,,20.6
2536,-,,,,22.5
2537,-,,,,23.4
2538,-,,,,
